title,year,review_text,rating,source
The Shawshank Redemption,1994,"Two imprisoned men bond over a number of years, finding solace and eventual redemption through acts of common decency.",9.3,IMDB
The Godfather,1972,An organized crime dynasty's aging patriarch transfers control of his clandestine empire to his reluctant son.,9.2,IMDB
The Dark Knight,2008,"When the menace known as the Joker wreaks havoc and chaos on the people of Gotham, Batman must accept one of the greatest psychological and physical tests of his ability to fight injustice.",9.0,IMDB
The Godfather: Part II,1974,"The early life and career of Vito Corleone in 1920s New York City is portrayed, while his son, Michael, expands and tightens his grip on the family crime syndicate.",9.0,IMDB
12 Angry Men,1957,A jury holdout attempts to prevent a miscarriage of justice by forcing his colleagues to reconsider the evidence.,9.0,IMDB
The Lord of the Rings: The Return of the King,2003,Gandalf and Aragorn lead the World of Men against Sauron's army to draw his gaze from Frodo and Sam as they approach Mount Doom with the One Ring.,8.9,IMDB
Pulp Fiction,1994,"The lives of two mob hitmen, a boxer, a gangster and his wife, and a pair of diner bandits intertwine in four tales of violence and redemption.",8.9,IMDB
Schindler's List,1993,"In German-occupied Poland during World War II, industrialist Oskar Schindler gradually becomes concerned for his Jewish workforce after witnessing their persecution by the Nazis.",8.9,IMDB
Inception,2010,A thief who steals corporate secrets through the use of dream-sharing technology is given the inverse task of planting an idea into the mind of a C.E.O.,8.8,IMDB
Fight Club,1999,"An insomniac office worker and a devil-may-care soapmaker form an underground fight club that evolves into something much, much more.",8.8,IMDB
The Lord of the Rings: The Fellowship of the Ring,2001,A meek Hobbit from the Shire and eight companions set out on a journey to destroy the powerful One Ring and save Middle-earth from the Dark Lord Sauron.,8.8,IMDB
Forrest Gump,1994,"The presidencies of Kennedy and Johnson, the events of Vietnam, Watergate and other historical events unfold through the perspective of an Alabama man with an IQ of 75, whose only desire is to be reunited with his childhood sweetheart.",8.8,IMDB
"Il buono, il brutto, il cattivo",1966,A bounty hunting scam joins two men in an uneasy alliance against a third in a race to find a fortune in gold buried in a remote cemetery.,8.8,IMDB
The Lord of the Rings: The Two Towers,2002,"While Frodo and Sam edge closer to Mordor with the help of the shifty Gollum, the divided fellowship makes a stand against Sauron's new ally, Saruman, and his hordes of Isengard.",8.7,IMDB
The Matrix,1999,"When a beautiful stranger leads computer hacker Neo to a forbidding underworld, he discovers the shocking truth--the life he knows is the elaborate deception of an evil cyber-intelligence.",8.7,IMDB
Goodfellas,1990,"The story of Henry Hill and his life in the mob, covering his relationship with his wife Karen Hill and his mob partners Jimmy Conway and Tommy DeVito in the Italian-American crime syndicate.",8.7,IMDB
Star Wars: Episode V - The Empire Strikes Back,1980,"After the Rebels are brutally overpowered by the Empire on the ice planet Hoth, Luke Skywalker begins Jedi training with Yoda, while his friends are pursued by Darth Vader and a bounty hunter named Boba Fett all over the galaxy.",8.7,IMDB
One Flew Over the Cuckoo's Nest,1975,"A criminal pleads insanity and is admitted to a mental institution, where he rebels against the oppressive nurse and rallies up the scared patients.",8.7,IMDB
Hamilton,2020,"The real life of one of America's foremost founding fathers and first Secretary of the Treasury, Alexander Hamilton. Captured live on Broadway from the Richard Rodgers Theater with the original Broadway cast.",8.6,IMDB
Gisaengchung,2019,Greed and class discrimination threaten the newly formed symbiotic relationship between the wealthy Park family and the destitute Kim clan.,8.6,IMDB
Soorarai Pottru,2020,"Nedumaaran Rajangam ""Maara"" sets out to make the common man fly and in the process takes on the world's most capital intensive industry and several enemies who stand in his way.",8.6,IMDB
Interstellar,2014,A team of explorers travel through a wormhole in space in an attempt to ensure humanity's survival.,8.6,IMDB
Cidade de Deus,2002,"In the slums of Rio, two kids' paths diverge as one struggles to become a photographer and the other a kingpin.",8.6,IMDB
Sen to Chihiro no kamikakushi,2001,"During her family's move to the suburbs, a sullen 10-year-old girl wanders into a world ruled by gods, witches, and spirits, and where humans are changed into beasts.",8.6,IMDB
Saving Private Ryan,1998,"Following the Normandy Landings, a group of U.S. soldiers go behind enemy lines to retrieve a paratrooper whose brothers have been killed in action.",8.6,IMDB
The Green Mile,1999,"The lives of guards on Death Row are affected by one of their charges: a black man accused of child murder and rape, yet who has a mysterious gift.",8.6,IMDB
La vita è bella,1997,"When an open-minded Jewish librarian and his son become victims of the Holocaust, he uses a perfect mixture of will, humor, and imagination to protect his son from the dangers around their camp.",8.6,IMDB
Se7en,1995,"Two detectives, a rookie and a veteran, hunt a serial killer who uses the seven deadly sins as his motives.",8.6,IMDB
The Silence of the Lambs,1991,"A young F.B.I. cadet must receive the help of an incarcerated and manipulative cannibal killer to help catch another serial killer, a madman who skins his victims.",8.6,IMDB
Star Wars,1977,"Luke Skywalker joins forces with a Jedi Knight, a cocky pilot, a Wookiee and two droids to save the galaxy from the Empire's world-destroying battle station, while also attempting to rescue Princess Leia from the mysterious Darth Vader.",8.6,IMDB
Seppuku,1962,"When a ronin requesting seppuku at a feudal lord's palace is told of the brutal suicide of another ronin who previously visited, he reveals how their pasts are intertwined - and in doing so challenges the clan's integrity.",8.6,IMDB
Shichinin no samurai,1954,A poor village under attack by bandits recruits seven unemployed samurai to help them defend themselves.,8.6,IMDB
It's a Wonderful Life,1946,An angel is sent from Heaven to help a desperately frustrated businessman by showing him what life would have been like if he had never existed.,8.6,IMDB
Joker,2019,"In Gotham City, mentally troubled comedian Arthur Fleck is disregarded and mistreated by society. He then embarks on a downward spiral of revolution and bloody crime. This path brings him face-to-face with his alter-ego: the Joker.",8.5,IMDB
Whiplash,2014,A promising young drummer enrolls at a cut-throat music conservatory where his dreams of greatness are mentored by an instructor who will stop at nothing to realize a student's potential.,8.5,IMDB
The Intouchables,2011,"After he becomes a quadriplegic from a paragliding accident, an aristocrat hires a young man from the projects to be his caregiver.",8.5,IMDB
The Prestige,2006,"After a tragic accident, two stage magicians engage in a battle to create the ultimate illusion while sacrificing everything they have to outwit each other.",8.5,IMDB
The Departed,2006,An undercover cop and a mole in the police attempt to identify each other while infiltrating an Irish gang in South Boston.,8.5,IMDB
The Pianist,2002,A Polish Jewish musician struggles to survive the destruction of the Warsaw ghetto of World War II.,8.5,IMDB
Gladiator,2000,A former Roman General sets out to exact vengeance against the corrupt emperor who murdered his family and sent him into slavery.,8.5,IMDB
American History X,1998,A former neo-nazi skinhead tries to prevent his younger brother from going down the same wrong path that he did.,8.5,IMDB
The Usual Suspects,1995,"A sole survivor tells of the twisty events leading up to a horrific gun battle on a boat, which began when five criminals met at a seemingly random police lineup.",8.5,IMDB
Léon,1994,"Mathilda, a 12-year-old girl, is reluctantly taken in by Léon, a professional assassin, after her family is murdered. An unusual relationship forms as she becomes his protégée and learns the assassin's trade.",8.5,IMDB
The Lion King,1994,"Lion prince Simba and his father are targeted by his bitter uncle, who wants to ascend the throne himself.",8.5,IMDB
Terminator 2: Judgment Day,1991,"A cyborg, identical to the one who failed to kill Sarah Connor, must now protect her teenage son, John Connor, from a more advanced and powerful cyborg.",8.5,IMDB
Nuovo Cinema Paradiso,1988,A filmmaker recalls his childhood when falling in love with the pictures at the cinema of his home village and forms a deep friendship with the cinema's projectionist.,8.5,IMDB
Hotaru no haka,1988,A young boy and his little sister struggle to survive in Japan during World War II.,8.5,IMDB
Back to the Future,1985,"Marty McFly, a 17-year-old high school student, is accidentally sent thirty years into the past in a time-traveling DeLorean invented by his close friend, the eccentric scientist Doc Brown.",8.5,IMDB
Once Upon a Time in the West,1968,A mysterious stranger with a harmonica joins forces with a notorious desperado to protect a beautiful widow from a ruthless assassin working for the railroad.,8.5,IMDB
Psycho,1960,"A Phoenix secretary embezzles $40,000 from her employer's client, goes on the run, and checks into a remote motel run by a young man under the domination of his mother.",8.5,IMDB
Casablanca,1942,A cynical expatriate American cafe owner struggles to decide whether or not to help his former lover and her fugitive husband escape the Nazis in French Morocco.,8.5,IMDB
Modern Times,1936,The Tramp struggles to live in modern industrial society with the help of a young homeless woman.,8.5,IMDB
City Lights,1931,"With the aid of a wealthy erratic tippler, a dewy-eyed tramp who has fallen in love with a sightless flower girl accumulates money to be able to help her medically.",8.5,IMDB
Capharnaüm,2018,"While serving a five-year sentence for a violent crime, a 12-year-old boy sues his parents for neglect.",8.4,IMDB
Ayla: The Daughter of War,2017,"In 1950, amid-st the ravages of the Korean War, Sergeant Süleyman stumbles upon a half-frozen little girl, with no parents and no help in sight. Frantic, scared and on the verge of death, ...                See full summary »",8.4,IMDB
Vikram Vedha,2017,"Vikram, a no-nonsense police officer, accompanied by Simon, his partner, is on the hunt to capture Vedha, a smuggler and a murderer. Vedha tries to change Vikram's life, which leads to a conflict.",8.4,IMDB
Kimi no na wa.,2016,"Two strangers find themselves linked in a bizarre way. When a connection forms, will distance be the only thing to keep them apart?",8.4,IMDB
Dangal,2016,Former wrestler Mahavir Singh Phogat and his two wrestler daughters struggle towards glory at the Commonwealth Games in the face of societal oppression.,8.4,IMDB
Spider-Man: Into the Spider-Verse,2018,"Teen Miles Morales becomes the Spider-Man of his universe, and must join with five spider-powered individuals from other dimensions to stop a threat for all realities.",8.4,IMDB
Avengers: Endgame,2019,"After the devastating events of Avengers: Infinity War (2018), the universe is in ruins. With the help of remaining allies, the Avengers assemble once more in order to reverse Thanos' actions and restore balance to the universe.",8.4,IMDB
Avengers: Infinity War,2018,The Avengers and their allies must be willing to sacrifice all in an attempt to defeat the powerful Thanos before his blitz of devastation and ruin puts an end to the universe.,8.4,IMDB
Coco,2017,"Aspiring musician Miguel, confronted with his family's ancestral ban on music, enters the Land of the Dead to find his great-great-grandfather, a legendary singer.",8.4,IMDB
Django Unchained,2012,"With the help of a German bounty hunter, a freed slave sets out to rescue his wife from a brutal Mississippi plantation owner.",8.4,IMDB
The Dark Knight Rises,2012,"Eight years after the Joker's reign of anarchy, Batman, with the help of the enigmatic Catwoman, is forced from his exile to save Gotham City from the brutal guerrilla terrorist Bane.",8.4,IMDB
3 Idiots,2009,"Two friends are searching for their long lost companion. They revisit their college days and recall the memories of their friend who inspired them to think differently, even as the rest of the world called them ""idiots"".",8.4,IMDB
Taare Zameen Par,2007,"An eight-year-old boy is thought to be a lazy trouble-maker, until the new art teacher has the patience and compassion to discover the real problem behind his struggles in school.",8.4,IMDB
WALL·E,2008,"In the distant future, a small waste-collecting robot inadvertently embarks on a space journey that will ultimately decide the fate of mankind.",8.4,IMDB
The Lives of Others,2006,"In 1984 East Berlin, an agent of the secret police, conducting surveillance on a writer and his lover, finds himself becoming increasingly absorbed by their lives.",8.4,IMDB
Oldeuboi,2003,"After being kidnapped and imprisoned for fifteen years, Oh Dae-Su is released, only to find that he must find his captor in five days.",8.4,IMDB
Memento,2000,A man with short-term memory loss attempts to track down his wife's murderer.,8.4,IMDB
Mononoke-hime,1997,"On a journey to find the cure for a Tatarigami's curse, Ashitaka finds himself in the middle of a war between the forest gods and Tatara, a mining colony. In this quest he also meets San, the Mononoke Hime.",8.4,IMDB
Once Upon a Time in America,1984,"A former Prohibition-era Jewish gangster returns to the Lower East Side of Manhattan over thirty years later, where he once again must confront the ghosts and regrets of his old life.",8.4,IMDB
Raiders of the Lost Ark,1981,"In 1936, archaeologist and adventurer Indiana Jones is hired by the U.S. government to find the Ark of the Covenant before Adolf Hitler's Nazis can obtain its awesome powers.",8.4,IMDB
The Shining,1980,"A family heads to an isolated hotel for the winter where a sinister presence influences the father into violence, while his psychic son sees horrific forebodings from both past and future.",8.4,IMDB
Apocalypse Now,1979,A U.S. Army officer serving in Vietnam is tasked with assassinating a renegade Special Forces Colonel who sees himself as a god.,8.4,IMDB
Alien,1979,"After a space merchant vessel receives an unknown transmission as a distress call, one of the crew is attacked by a mysterious life form and they soon realize that its life cycle has merely begun.",8.4,IMDB
Anand,1971,"The story of a terminally ill man who wishes to live life to the fullest before the inevitable occurs, as told by his best friend.",8.4,IMDB
Tengoku to jigoku,1963,An executive of a shoe company becomes a victim of extortion when his chauffeur's son is kidnapped and held for ransom.,8.4,IMDB
Dr. Strangelove or: How I Learned to Stop Worrying and Love the Bomb,1964,An insane general triggers a path to nuclear holocaust that a War Room full of politicians and generals frantically tries to stop.,8.4,IMDB
Witness for the Prosecution,1957,A veteran British barrister must defend his client in a murder trial that has surprise after surprise.,8.4,IMDB
Paths of Glory,1957,"After refusing to attack an enemy position, a general accuses the soldiers of cowardice and their commanding officer must defend them.",8.4,IMDB
Rear Window,1954,A wheelchair-bound photographer spies on his neighbors from his apartment window and becomes convinced one of them has committed murder.,8.4,IMDB
Sunset Blvd.,1950,A screenwriter develops a dangerous relationship with a faded film star determined to make a triumphant return.,8.4,IMDB
The Great Dictator,1940,Dictator Adenoid Hynkel tries to expand his empire while a poor Jewish barber tries to avoid persecution from Hynkel's regime.,8.4,IMDB
1917,2019,"April 6th, 1917. As a regiment assembles to wage war deep in enemy territory, two soldiers are assigned to race against time and deliver a message that will stop 1,600 men from walking straight into a deadly trap.",8.3,IMDB
Tumbbad,2018,A mythological story about a goddess who created the entire universe. The plot revolves around the consequences when humans build a temple for her first-born.,8.3,IMDB
Andhadhun,2018,"A series of mysterious events change the life of a blind pianist, who must now report a crime that he should technically know nothing of.",8.3,IMDB
Drishyam,2013,A man goes to extreme lengths to save his family from punishment after the family commits an accidental crime.,8.3,IMDB
Jagten,2012,"A teacher lives a lonely life, all the while struggling over his son's custody. His life slowly gets better as he finds love and receives good news from his son, but his new luck is about to be brutally shattered by an innocent little lie.",8.3,IMDB
Jodaeiye Nader az Simin,2011,A married couple are faced with a difficult decision - to improve the life of their child by moving to another country or to stay in Iran and look after a deteriorating parent who has Alzheimer's disease.,8.3,IMDB
Incendies,2010,Twins journey to the Middle East to discover their family history and fulfill their mother's last wishes.,8.3,IMDB
Miracle in cell NO.7,2019,A story of love between a mentally-ill father who was wrongly accused of murder and his lovely six years old daughter. The prison would be their home. Based on the 2013 Korean movie 7-beon-bang-ui seon-mul (2013).,8.3,IMDB
Babam ve Oglum,2005,The family of a left-wing journalist is torn apart after the military coup of Turkey in 1980.,8.3,IMDB
Inglourious Basterds,2009,"In Nazi-occupied France during World War II, a plan to assassinate Nazi leaders by a group of Jewish U.S. soldiers coincides with a theatre owner's vengeful plans for the same.",8.3,IMDB
Eternal Sunshine of the Spotless Mind,2004,"When their relationship turns sour, a couple undergoes a medical procedure to have each other erased from their memories.",8.3,IMDB
Amélie,2001,"Amélie is an innocent and naive girl in Paris with her own sense of justice. She decides to help those around her and, along the way, discovers love.",8.3,IMDB
Snatch,2000,"Unscrupulous boxing promoters, violent bookmakers, a Russian gangster, incompetent amateur robbers and supposedly Jewish jewelers fight to track down a priceless stolen diamond.",8.3,IMDB
Requiem for a Dream,2000,The drug-induced utopias of four Coney Island people are shattered when their addictions run deep.,8.3,IMDB
American Beauty,1999,A sexually frustrated suburban father has a mid-life crisis after becoming infatuated with his daughter's best friend.,8.3,IMDB
Good Will Hunting,1997,"Will Hunting, a janitor at M.I.T., has a gift for mathematics, but needs help from a psychologist to find direction in his life.",8.3,IMDB
Bacheha-Ye aseman,1997,"After a boy loses his sister's pair of shoes, he goes on a series of adventures in order to find them. When he can't, he tries a new way to ""win"" a new pair.",8.3,IMDB
Toy Story,1995,A cowboy doll is profoundly threatened and jealous when a new spaceman figure supplants him as top toy in a boy's room.,8.3,IMDB
Braveheart,1995,Scottish warrior William Wallace leads his countrymen in a rebellion to free his homeland from the tyranny of King Edward I of England.,8.3,IMDB
Reservoir Dogs,1992,"When a simple jewelry heist goes horribly wrong, the surviving criminals begin to suspect that one of them is a police informant.",8.3,IMDB
Full Metal Jacket,1987,A pragmatic U.S. Marine observes the dehumanizing effects the Vietnam War has on his fellow recruits from their brutal boot camp training to the bloody street fighting in Hue.,8.3,IMDB
Idi i smotri,1985,"After finding an old rifle, a young boy joins the Soviet resistance movement against ruthless German forces and experiences the horrors of World War II.",8.3,IMDB
Aliens,1986,"Fifty-seven years after surviving an apocalyptic attack aboard her space vessel by merciless space creatures, Officer Ripley awakens from hyper-sleep and tries to warn anyone who will listen about the predators.",8.3,IMDB
Amadeus,1984,"The life, success and troubles of Wolfgang Amadeus Mozart, as told by Antonio Salieri, the contemporaneous composer who was insanely jealous of Mozart's talent and claimed to have murdered him.",8.3,IMDB
Scarface,1983,"In 1980 Miami, a determined Cuban immigrant takes over a drug cartel and succumbs to greed.",8.3,IMDB
Star Wars: Episode VI - Return of the Jedi,1983,"After a daring mission to rescue Han Solo from Jabba the Hutt, the Rebels dispatch to Endor to destroy the second Death Star. Meanwhile, Luke struggles to help Darth Vader back from the dark side without falling into the Emperor's trap.",8.3,IMDB
Das Boot,1981,"The claustrophobic world of a WWII German U-boat; boredom, filth and sheer terror.",8.3,IMDB
Taxi Driver,1976,"A mentally unstable veteran works as a nighttime taxi driver in New York City, where the perceived decadence and sleaze fuels his urge for violent action by attempting to liberate a presidential campaign worker and an underage prostitute.",8.3,IMDB
The Sting,1973,Two grifters team up to pull off the ultimate con.,8.3,IMDB
A Clockwork Orange,1971,"In the future, a sadistic gang leader is imprisoned and volunteers for a conduct-aversion experiment, but it doesn't go as planned.",8.3,IMDB
2001: A Space Odyssey,1968,"After discovering a mysterious artifact buried beneath the Lunar surface, mankind sets off on a quest to find its origins with help from intelligent supercomputer H.A.L. 9000.",8.3,IMDB
Per qualche dollaro in più,1965,Two bounty hunters with the same intentions team up to track down a Western outlaw.,8.3,IMDB
Lawrence of Arabia,1962,"The story of T.E. Lawrence, the English officer who successfully united and led the diverse, often warring, Arab tribes during World War I in order to fight the Turks.",8.3,IMDB
The Apartment,1960,"A man tries to rise in his company by letting its executives use his apartment for trysts, but complications and a romance of his own ensue.",8.3,IMDB
North by Northwest,1959,A New York City advertising executive goes on the run after being mistaken for a government agent by a group of foreign spies.,8.3,IMDB
Vertigo,1958,A former police detective juggles wrestling with his personal demons and becoming obsessed with a hauntingly beautiful woman.,8.3,IMDB
Singin' in the Rain,1952,A silent film production company and cast make a difficult transition to sound.,8.3,IMDB
Ikiru,1952,A bureaucrat tries to find a meaning in his life after he discovers he has terminal cancer.,8.3,IMDB
Ladri di biciclette,1948,"In post-war Italy, a working-class man's bicycle is stolen. He and his son set out to find it.",8.3,IMDB
Double Indemnity,1944,An insurance representative lets himself be talked by a seductive housewife into a murder/insurance fraud scheme that arouses the suspicion of an insurance investigator.,8.3,IMDB
Citizen Kane,1941,"Following the death of publishing tycoon Charles Foster Kane, reporters scramble to uncover the meaning of his final utterance; 'Rosebud'.",8.3,IMDB
M - Eine Stadt sucht einen Mörder,1931,"When the police in a German city are unable to catch a child-murderer, other criminals join in the manhunt.",8.3,IMDB
Metropolis,1927,"In a futuristic city sharply divided between the working class and the city planners, the son of the city's mastermind falls in love with a working-class prophet who predicts the coming of a savior to mediate their differences.",8.3,IMDB
The Kid,1921,"The Tramp cares for an abandoned child, but events put that relationship in jeopardy.",8.3,IMDB
Chhichhore,2019,"A tragic incident forces Anirudh, a middle-aged man, to take a trip down memory lane and reminisce his college days along with his friends, who were labelled as losers.",8.2,IMDB
Uri: The Surgical Strike,2018,"Indian army special forces execute a covert operation, avenging the killing of fellow army men at their base by a terrorist group.",8.2,IMDB
K.G.F: Chapter 1,2018,"In the 1970s, a fierce rebel rises against brutal oppression and becomes the symbol of hope to legions of downtrodden people.",8.2,IMDB
Green Book,2018,A working-class Italian-American bouncer becomes the driver of an African-American classical pianist on a tour of venues through the 1960s American South.,8.2,IMDB
"Three Billboards Outside Ebbing, Missouri",2017,A mother personally challenges the local authorities to solve her daughter's murder when they fail to catch the culprit.,8.2,IMDB
Talvar,2015,An experienced investigator confronts several conflicting theories about the perpetrators of a violent double homicide.,8.2,IMDB
Baahubali 2: The Conclusion,2017,"When Shiva, the son of Bahubali, learns about his heritage, he begins to look for answers. His story is juxtaposed with past events that unfolded in the Mahishmati Kingdom.",8.2,IMDB
Klaus,2019,"A simple act of kindness always sparks another, even in a frozen, faraway place. When Smeerensburg's new postman, Jesper, befriends toymaker Klaus, their gifts melt an age-old feud and deliver a sleigh full of holiday traditions.",8.2,IMDB
Drishyam,2015,"Desperate measures are taken by a man who tries to save his family from the dark side of the law, after they commit an unexpected crime.",8.2,IMDB
Queen,2013,A Delhi girl from a traditional family sets out on a solo honeymoon after her marriage gets cancelled.,8.2,IMDB
Mandariinid,2013,"In 1992, war rages in Abkhazia, a breakaway region of Georgia. An Estonian man Ivo has decided to stay behind and harvest his crops of tangerines. In a bloody conflict at his door, a wounded man is left behind, and Ivo takes him in.",8.2,IMDB
Bhaag Milkha Bhaag,2013,The truth behind the ascension of Milkha Singh who was scarred because of the India-Pakistan partition.,8.2,IMDB
Gangs of Wasseypur,2012,"A clash between Sultan and Shahid Khan leads to the expulsion of Khan from Wasseypur, and ignites a deadly blood feud spanning three generations.",8.2,IMDB
Udaan,2010,"Expelled from his school, a 16-year old boy returns home to his abusive and oppressive father.",8.2,IMDB
Paan Singh Tomar,2012,"The story of Paan Singh Tomar, an Indian athlete and seven-time national steeplechase champion who becomes one of the most feared dacoits in Chambal Valley after his retirement.",8.2,IMDB
El secreto de sus ojos,2009,A retired legal counselor writes a novel hoping to find closure for one of his past unresolved homicide cases and for his unreciprocated love with his superior - both of which still haunt him decades later.,8.2,IMDB
Warrior,2011,"The youngest son of an alcoholic former boxer returns home, where he's trained by his father for competition in a mixed martial arts tournament - a path that puts the fighter on a collision course with his estranged, older brother.",8.2,IMDB
Shutter Island,2010,"In 1954, a U.S. Marshal investigates the disappearance of a murderer who escaped from a hospital for the criminally insane.",8.2,IMDB
Up,2009,"78-year-old Carl Fredricksen travels to Paradise Falls in his house equipped with balloons, inadvertently taking a young stowaway.",8.2,IMDB
The Wolf of Wall Street,2013,"Based on the true story of Jordan Belfort, from his rise to a wealthy stock-broker living the high life to his fall involving crime, corruption and the federal government.",8.2,IMDB
Chak De! India,2007,Kabir Khan is the coach of the Indian Women's National Hockey Team and his dream is to make his all girls team emerge victorious against all odds.,8.2,IMDB
There Will Be Blood,2007,"A story of family, religion, hatred, oil and madness, focusing on a turn-of-the-century prospector in the early days of the business.",8.2,IMDB
Pan's Labyrinth,2006,"In the Falangist Spain of 1944, the bookish young stepdaughter of a sadistic army officer escapes into an eerie but captivating fantasy world.",8.2,IMDB
Toy Story 3,2010,"The toys are mistakenly delivered to a day-care center instead of the attic right before Andy leaves for college, and it's up to Woody to convince the other toys that they weren't abandoned and to return home.",8.2,IMDB
V for Vendetta,2005,"In a future British tyranny, a shadowy freedom fighter, known only by the alias of ""V"", plots to overthrow it with the help of a young woman.",8.2,IMDB
Rang De Basanti,2006,"The story of six young Indians who assist an English woman to film a documentary on the freedom fighters from their past, and the events that lead them to relive the long-forgotten saga of freedom.",8.2,IMDB
Black,2005,"The cathartic tale of a young woman who can't see, hear or talk and the teacher who brings a ray of light into her dark world.",8.2,IMDB
Batman Begins,2005,"After training with his mentor, Batman begins his fight to free crime-ridden Gotham City from corruption.",8.2,IMDB
"Swades: We, the People",2004,A successful Indian scientist returns to an Indian village to take his nanny to America with him and in the process rediscovers his roots.,8.2,IMDB
Der Untergang,2004,"Traudl Junge, the final secretary for Adolf Hitler, tells of the Nazi dictator's final days in his Berlin bunker at the end of WWII.",8.2,IMDB
Hauru no ugoku shiro,2004,"When an unconfident young woman is cursed with an old body by a spiteful witch, her only chance of breaking the spell lies with a self-indulgent yet insecure young wizard and his companions in his legged, walking castle.",8.2,IMDB
A Beautiful Mind,2001,"After John Nash, a brilliant but asocial mathematician, accepts secret work in cryptography, his life takes a turn for the nightmarish.",8.2,IMDB
Hera Pheri,2000,"Three unemployed men look for answers to all their money problems - but when their opportunity arrives, will they know what to do with it?",8.2,IMDB
"Lock, Stock and Two Smoking Barrels",1998,"A botched card game in London triggers four friends, thugs, weed-growers, hard gangsters, loan sharks and debt collectors to collide with each other in a series of unexpected events, all for the sake of weed, cash and two antique shotguns.",8.2,IMDB
L.A. Confidential,1997,"As corruption grows in 1950s Los Angeles, three policemen - one strait-laced, one brutal, and one sleazy - investigate a series of murders with their own brand of justice.",8.2,IMDB
Eskiya,1996,"Baran the Bandit, released from prison after 35 years, searches for vengeance and his lover.",8.2,IMDB
Heat,1995,A group of professional bank robbers start to feel the heat from police when they unknowingly leave a clue at their latest heist.,8.2,IMDB
Casino,1995,"A tale of greed, deception, money, power, and murder occur between two best friends: a mafia enforcer and a casino executive compete against each other over a gambling empire, and over a fast-living and fast-loving socialite.",8.2,IMDB
Andaz Apna Apna,1994,Two slackers competing for the affections of an heiress inadvertently become her protectors from an evil criminal.,8.2,IMDB
Unforgiven,1992,"Retired Old West gunslinger William Munny reluctantly takes on one last job, with the help of his old partner Ned Logan and a young man, The ""Schofield Kid.""",8.2,IMDB
Indiana Jones and the Last Crusade,1989,"In 1938, after his father Professor Henry Jones, Sr. goes missing while pursuing the Holy Grail, Professor Henry ""Indiana"" Jones, Jr. finds himself up against Adolf Hitler's Nazis again to stop them from obtaining its powers.",8.2,IMDB
Dom za vesanje,1988,"In this luminous tale set in the area around Sarajevo and in Italy, Perhan, an engaging young Romany (gypsy) with telekinetic powers, is seduced by the quick-cash world of petty crime, which threatens to destroy him and those he loves.",8.2,IMDB
Tonari no Totoro,1988,"When two girls move to the country to be near their ailing mother, they have adventures with the wondrous forest spirits who live nearby.",8.2,IMDB
Die Hard,1988,An NYPD officer tries to save his wife and several others taken hostage by German terrorists during a Christmas party at the Nakatomi Plaza in Los Angeles.,8.2,IMDB
Ran,1985,"In Medieval Japan, an elderly warlord retires, handing over his empire to his three sons. However, he vastly underestimates how the new-found power will corrupt them and cause them to turn on each other...and him.",8.2,IMDB
Raging Bull,1980,"The life of boxer Jake LaMotta, whose violence and temper that led him to the top in the ring destroyed his life outside of it.",8.2,IMDB
Stalker,1979,A guide leads two men through an area known as the Zone to find a room that grants wishes.,8.2,IMDB
Höstsonaten,1978,"A married daughter who longs for her mother's love is visited by the latter, a successful concert pianist.",8.2,IMDB
The Message,1976,This epic historical drama chronicles the life and times of Prophet Muhammad and serves as an introduction to early Islamic history.,8.2,IMDB
Sholay,1975,"After his family is murdered by a notorious and ruthless bandit, a former police officer enlists the services of two outlaws to capture the bandit.",8.2,IMDB
Monty Python and the Holy Grail,1975,"King Arthur and his Knights of the Round Table embark on a surreal, low-budget search for the Holy Grail, encountering many, very silly obstacles.",8.2,IMDB
The Great Escape,1963,Allied prisoners of war plan for several hundred of their number to escape from a German camp during World War II.,8.2,IMDB
To Kill a Mockingbird,1962,"Atticus Finch, a lawyer in the Depression-era South, defends a black man against an undeserved rape charge, and his children against prejudice.",8.2,IMDB
Yôjinbô,1961,A crafty ronin comes to a town divided by two criminal gangs and decides to play them against each other to free the town.,8.2,IMDB
Judgment at Nuremberg,1961,"In 1948, an American court in occupied Germany tries four Nazis judged for war crimes.",8.2,IMDB
Some Like It Hot,1959,"After two male musicians witness a mob hit, they flee the state in an all-female band disguised as women, but further complications set in.",8.2,IMDB
Smultronstället,1957,"After living a life marked by coldness, an aging professor is forced to confront the emptiness of his existence.",8.2,IMDB
Det sjunde inseglet,1957,"A man seeks answers about life, death, and the existence of God as he plays chess against the Grim Reaper during the Black Plague.",8.2,IMDB
Du rififi chez les hommes,1955,"Four men plan a technically perfect crime, but the human element intervenes...",8.2,IMDB
Dial M for Murder,1954,A former tennis player tries to arrange his wife's murder after learning of her affair.,8.2,IMDB
Tôkyô monogatari,1953,"An old couple visit their children and grandchildren in the city, but receive little attention.",8.2,IMDB
Rashômon,1950,"The rape of a bride and the murder of her samurai husband are recalled from the perspectives of a bandit, the bride, the samurai's ghost and a woodcutter.",8.2,IMDB
All About Eve,1950,A seemingly timid but secretly ruthless ingénue insinuates herself into the lives of an aging Broadway star and her circle of theater friends.,8.2,IMDB
The Treasure of the Sierra Madre,1948,Two Americans searching for work in Mexico convince an old prospector to help them mine for gold in the Sierra Madre Mountains.,8.2,IMDB
To Be or Not to Be,1942,"During the Nazi occupation of Poland, an acting troupe becomes embroiled in a Polish soldier's efforts to track down a German spy.",8.2,IMDB
The Gold Rush,1925,A prospector goes to the Klondike in search of gold and finds it and more.,8.2,IMDB
Sherlock Jr.,1924,"A film projectionist longs to be a detective, and puts his meagre skills to work when he is framed by a rival for stealing his girlfriend's father's pocketwatch.",8.2,IMDB
Portrait de la jeune fille en feu,2019,"On an isolated island in Brittany at the end of the eighteenth century, a female painter is obliged to paint a wedding portrait of a young woman.",8.1,IMDB
Pink,2016,"When three young women are implicated in a crime, a retired lawyer steps forward to help them clear their names.",8.1,IMDB
Koe no katachi,2016,"A young man is ostracized by his classmates after he bullies a deaf girl to the point where she moves away. Years later, he sets off on a path for redemption.",8.1,IMDB
Contratiempo,2016,A successful entrepreneur accused of murder and a witness preparation expert have less than three hours to come up with an impregnable defense.,8.1,IMDB
Ah-ga-ssi,2016,"A woman is hired as a handmaiden to a Japanese heiress, but secretly she is involved in a plot to defraud her.",8.1,IMDB
Mommy,2014,"A widowed single mother, raising her violent son alone, finds new hope when a mysterious neighbor inserts herself into their household.",8.1,IMDB
Haider,2014,"A young man returns to Kashmir after his father's disappearance to confront his uncle, whom he suspects of playing a role in his father's fate.",8.1,IMDB
Logan,2017,"In a future where mutants are nearly extinct, an elderly and weary Logan leads a quiet life. But when Laura, a mutant child pursued by scientists, comes to him for help, he must get her to safety.",8.1,IMDB
Room,2015,"Held captive for 7 years in an enclosed space, a woman and her young son finally gain their freedom, allowing the boy to experience the outside world for the first time.",8.1,IMDB
Relatos salvajes,2014,Six short stories that explore the extremities of human behavior involving people in distress.,8.1,IMDB
Soul,2020,"After landing the gig of a lifetime, a New York jazz pianist suddenly finds himself trapped in a strange land between Earth and the afterlife.",8.1,IMDB
Kis Uykusu,2014,A hotel owner and landlord in a remote Turkish village deals with conflicts within his family and a tenant behind on his rent.,8.1,IMDB
PK,2014,An alien on Earth loses the only device he can use to communicate with his spaceship. His innocent nature and child-like questions force the country to evaluate the impact of religion on its people.,8.1,IMDB
OMG: Oh My God!,2012,A shopkeeper takes God to court when his shop is destroyed by an earthquake.,8.1,IMDB
The Grand Budapest Hotel,2014,"A writer encounters the owner of an aging high-class hotel, who tells him of his early years serving as a lobby boy in the hotel's glorious years under an exceptional concierge.",8.1,IMDB
Gone Girl,2014,"With his wife's disappearance having become the focus of an intense media circus, a man sees the spotlight turned on him when it's suspected that he may not be innocent.",8.1,IMDB
Ôkami kodomo no Ame to Yuki,2012,"After her werewolf lover unexpectedly dies in an accident while hunting for food for their children, a young woman must find ways to raise the werewolf son and daughter that she had with him while keeping their trait hidden from society.",8.1,IMDB
Hacksaw Ridge,2016,"World War II American Army Medic Desmond T. Doss, who served during the Battle of Okinawa, refuses to kill people, and becomes the first man in American history to receive the Medal of Honor without firing a shot.",8.1,IMDB
Inside Out,2015,"After young Riley is uprooted from her Midwest life and moved to San Francisco, her emotions - Joy, Fear, Anger, Disgust and Sadness - conflict on how best to navigate a new city, house, and school.",8.1,IMDB
Barfi!,2012,Three young people learn that love can neither be defined nor contained by society's definition of normal and abnormal.,8.1,IMDB
12 Years a Slave,2013,"In the antebellum United States, Solomon Northup, a free black man from upstate New York, is abducted and sold into slavery.",8.1,IMDB
Rush,2013,The merciless 1970s rivalry between Formula One rivals James Hunt and Niki Lauda.,8.1,IMDB
Ford v Ferrari,2019,American car designer Carroll Shelby and driver Ken Miles battle corporate interference and the laws of physics to build a revolutionary race car for Ford in order to defeat Ferrari at the 24 Hours of Le Mans in 1966.,8.1,IMDB
Spotlight,2015,"The true story of how the Boston Globe uncovered the massive scandal of child molestation and cover-up within the local Catholic Archdiocese, shaking the entire Catholic Church to its core.",8.1,IMDB
Song of the Sea,2014,"Ben, a young Irish boy, and his little sister Saoirse, a girl who can turn into a seal, go on an adventure to free the fairies and save the spirit world.",8.1,IMDB
Kahaani,2012,"A pregnant woman's search for her missing husband takes her from London to Kolkata, but everyone she questions denies having ever met him.",8.1,IMDB
Zindagi Na Milegi Dobara,2011,Three friends decide to turn their fantasy vacation into reality after one of their friends gets engaged.,8.1,IMDB
Prisoners,2013,"When Keller Dover's daughter and her friend go missing, he takes matters into his own hands as the police pursue multiple leads and the pressure mounts.",8.1,IMDB
Mad Max: Fury Road,2015,"In a post-apocalyptic wasteland, a woman rebels against a tyrannical ruler in search for her homeland with the aid of a group of female prisoners, a psychotic worshiper, and a drifter named Max.",8.1,IMDB
A Wednesday,2008,A retiring police officer reminisces about the most astounding day of his career. About a case that was never filed but continues to haunt him in his memories - the case of a man and a Wednesday.,8.1,IMDB
Gran Torino,2008,"Disgruntled Korean War veteran Walt Kowalski sets out to reform his neighbor, Thao Lor, a Hmong teenager who tried to steal Kowalski's prized possession: a 1972 Gran Torino.",8.1,IMDB
Harry Potter and the Deathly Hallows: Part 2,2011,"Harry, Ron, and Hermione search for Voldemort's remaining Horcruxes in their effort to destroy the Dark Lord as the final battle rages on at Hogwarts.",8.1,IMDB
Okuribito,2008,A newly unemployed cellist takes a job preparing the dead for funerals.,8.1,IMDB
Hachi: A Dog's Tale,2009,A college professor bonds with an abandoned dog he takes into his home.,8.1,IMDB
Mary and Max,2009,"A tale of friendship between two unlikely pen pals: Mary, a lonely, eight-year-old girl living in the suburbs of Melbourne, and Max, a forty-four-year old, severely obese man living in New York.",8.1,IMDB
How to Train Your Dragon,2010,"A hapless young Viking who aspires to hunt dragons becomes the unlikely friend of a young dragon himself, and learns there may be more to the creatures than he assumed.",8.1,IMDB
Into the Wild,2007,"After graduating from Emory University, top student and athlete Christopher McCandless abandons his possessions, gives his entire $24,000 savings account to charity and hitchhikes to Alaska to live in the wilderness. Along the way, Christopher encounters a series of characters that shape his life.",8.1,IMDB
No Country for Old Men,2007,Violence and mayhem ensue after a hunter stumbles upon a drug deal gone wrong and more than two million dollars in cash near the Rio Grande.,8.1,IMDB
Lage Raho Munna Bhai,2006,Munna Bhai embarks on a journey with Mahatma Gandhi in order to fight against a corrupt property dealer.,8.1,IMDB
Million Dollar Baby,2004,A determined woman works with a hardened boxing trainer to become a professional.,8.1,IMDB
Hotel Rwanda,2004,"Paul Rusesabagina, a hotel manager, houses over a thousand Tutsi refugees during their struggle against the Hutu militia in Rwanda, Africa.",8.1,IMDB
Taegukgi hwinalrimyeo,2004,"When two brothers are forced to fight in the Korean War, the elder decides to take the riskiest missions if it will help shield the younger from battle.",8.1,IMDB
Before Sunset,2004,"Nine years after Jesse and Celine first met, they encounter each other again on the French leg of Jesse's book tour.",8.1,IMDB
Munna Bhai M.B.B.S.,2003,A gangster sets out to fulfill his father's dream of becoming a doctor.,8.1,IMDB
Salinui chueok,2003,"In a small Korean province in 1986, two detectives struggle with the case of multiple young women being found raped and murdered by an unknown culprit.",8.1,IMDB
Dil Chahta Hai,2001,"Three inseparable childhood friends are just out of college. Nothing comes between them - until they each fall in love, and their wildly different approaches to relationships creates tension.",8.1,IMDB
Kill Bill: Vol. 1,2003,"After awakening from a four-year coma, a former assassin wreaks vengeance on the team of assassins who betrayed her.",8.1,IMDB
Finding Nemo,2003,"After his son is captured in the Great Barrier Reef and taken to Sydney, a timid clownfish sets out on a journey to bring him home.",8.1,IMDB
Catch Me If You Can,2002,"Barely 21 yet, Frank is a skilled forger who has passed as a doctor, lawyer and pilot. FBI agent Carl becomes obsessed with tracking down the con man, who only revels in the pursuit.",8.1,IMDB
Amores perros,2000,"A horrific car accident connects three stories, each involving characters dealing with loss, regret, and life's harsh realities, all in the name of love.",8.1,IMDB
"Monsters, Inc.",2001,"In order to power the city, monsters have to scare children so that they scream. However, the children are toxic to the monsters, and after a child gets through, 2 monsters realize things may not be what they think.",8.1,IMDB
"Shin seiki Evangelion Gekijô-ban: Air/Magokoro wo, kimi ni",1997,Concurrent theatrical ending of the TV series Shin seiki evangerion (1995).,8.1,IMDB
Lagaan: Once Upon a Time in India,2001,The people of a small village in Victorian India stake their future on a game of cricket against their ruthless British rulers.,8.1,IMDB
The Sixth Sense,1999,A boy who communicates with spirits seeks the help of a disheartened child psychologist.,8.1,IMDB
La leggenda del pianista sull'oceano,1998,"A baby boy, discovered in 1900 on an ocean liner, grows into a musical prodigy, never setting foot on land.",8.1,IMDB
The Truman Show,1998,An insurance salesman discovers his whole life is actually a reality TV show.,8.1,IMDB
"Crna macka, beli macor",1998,Matko and his son Zare live on the banks of the Danube river and get by through hustling and basically doing anything to make a living. In order to pay off a business debt Matko agrees to marry off Zare to the sister of a local gangster.,8.1,IMDB
The Big Lebowski,1998,"Jeff ""The Dude"" Lebowski, mistaken for a millionaire of the same name, seeks restitution for his ruined rug and enlists his bowling buddies to help get it.",8.1,IMDB
Fa yeung nin wah,2000,"Two neighbors, a woman and a man, form a strong bond after both suspect extramarital activities of their spouses. However, they agree to keep their bond platonic so as not to commit similar wrongs.",8.1,IMDB
Trainspotting,1996,"Renton, deeply immersed in the Edinburgh drug scene, tries to clean up and get out, despite the allure of the drugs and influence of friends.",8.1,IMDB
Fargo,1996,Jerry Lundegaard's inept crime falls apart due to his and his henchmen's bungling and the persistent police work of the quite pregnant Marge Gunderson.,8.1,IMDB
Underground,1995,"A group of Serbian socialists prepares for the war in a surreal underground filled by parties, tragedies, love and hate.",8.1,IMDB
La haine,1995,24 hours in the lives of three young men in the French suburbs the day after a violent riot.,8.1,IMDB
Dilwale Dulhania Le Jayenge,1995,"When Raj meets Simran in Europe, it isn't love at first sight but when Simran moves to India for an arranged marriage, love makes its presence felt.",8.1,IMDB
Before Sunrise,1995,"A young man and woman meet on a train in Europe, and wind up spending one evening together in Vienna. Unfortunately, both know that this will probably be their only night together.",8.1,IMDB
Trois couleurs: Rouge,1994,A model discovers a retired judge is keen on invading people's privacy.,8.1,IMDB
Chung Hing sam lam,1994,"Two melancholy Hong Kong policemen fall in love: one with a mysterious female underworld figure, the other with a beautiful and ethereal server at a late-night restaurant he frequents.",8.1,IMDB
Jurassic Park,1993,A pragmatic paleontologist visiting an almost complete theme park is tasked with protecting a couple of kids after a power failure causes the park's cloned dinosaurs to run loose.,8.1,IMDB
In the Name of the Father,1993,A man's coerced confession to an I.R.A. bombing he did not commit results in the imprisonment of his father as well. An English lawyer fights to free them.,8.1,IMDB
Ba wang bie ji,1993,Two boys meet at an opera training school in Peking in 1924. Their resulting friendship will span nearly 70 years and will endure some of the most troublesome times in China's history.,8.1,IMDB
Dà hóng denglong gaogao guà,1991,"A young woman becomes the fourth wife of a wealthy lord, and must learn to live with the strict rules and tensions within the household.",8.1,IMDB
Dead Poets Society,1989,Maverick teacher John Keating uses poetry to embolden his boarding school students to new heights of self-expression.,8.1,IMDB
Stand by Me,1986,"After the death of one of his friends, a writer recounts a childhood journey with his friends to find the body of a missing boy.",8.1,IMDB
Platoon,1986,"Chris Taylor, a neophyte recruit in Vietnam, finds himself caught in a battle of wills between two sergeants, one good and the other evil. A shrewd examination of the brutality of war and the duality of man in conflict.",8.1,IMDB
"Paris, Texas",1984,"Travis Henderson, an aimless drifter who has been missing for four years, wanders out of the desert and must reconnect with society, himself, his life, and his family.",8.1,IMDB
Kaze no tani no Naushika,1984,Warrior and pacifist Princess Nausicaä desperately struggles to prevent two warring nations from destroying themselves and their dying planet.,8.1,IMDB
The Thing,1982,A research team in Antarctica is hunted by a shape-shifting alien that assumes the appearance of its victims.,8.1,IMDB
Pink Floyd: The Wall,1982,A confined but troubled rock star descends into madness in the midst of his physical and social isolation from everyone.,8.1,IMDB
Fitzcarraldo,1982,"The story of Brian Sweeney Fitzgerald, an extremely determined man who intends to build an opera house in the middle of a jungle.",8.1,IMDB
Fanny och Alexander,1982,"Two young Swedish children experience the many comedies and tragedies of their family, the Ekdahls.",8.1,IMDB
Blade Runner,1982,"A blade runner must pursue and terminate four replicants who stole a ship in space, and have returned to Earth to find their creator.",8.1,IMDB
The Elephant Man,1980,"A Victorian surgeon rescues a heavily disfigured man who is mistreated while scraping a living as a side-show freak. Behind his monstrous façade, there is revealed a person of kindness, intelligence and sophistication.",8.1,IMDB
Life of Brian,1979,"Born on the original Christmas in the stable next door to Jesus Christ, Brian of Nazareth spends his life being mistaken for a messiah.",8.1,IMDB
The Deer Hunter,1978,An in-depth examination of the ways in which the U.S. Vietnam War impacts and disrupts the lives of people in a small industrial town in Pennsylvania.,8.1,IMDB
Rocky,1976,A small-time boxer gets a supremely rare chance to fight a heavy-weight champion in a bout in which he strives to go the distance for his self-respect.,8.1,IMDB
Network,1976,A television network cynically exploits a deranged former anchor's ravings and revelations about the news media for its own profit.,8.1,IMDB
Barry Lyndon,1975,An Irish rogue wins the heart of a rich widow and assumes her dead husband's aristocratic position in 18th-century England.,8.1,IMDB
Zerkalo,1975,"A dying man in his forties remembers his past. His childhood, his mother, the war, personal moments and things that tell of the recent history of all the Russian nation.",8.1,IMDB
Chinatown,1974,"A private detective hired to expose an adulterer finds himself caught up in a web of deceit, corruption, and murder.",8.1,IMDB
Paper Moon,1973,"During the Great Depression, a con man finds himself saddled with a young girl who may or may not be his daughter, and the two forge an unlikely partnership.",8.1,IMDB
Viskningar och rop,1972,"When a woman dying of cancer in early twentieth-century Sweden is visited by her two sisters, long-repressed feelings between the siblings rise to the surface.",8.1,IMDB
Solaris,1972,A psychologist is sent to a station orbiting a distant planet in order to discover what has caused the crew to go insane.,8.1,IMDB
Le samouraï,1967,After professional hitman Jef Costello is seen by witnesses his efforts to provide himself an alibi drive him further into a corner.,8.1,IMDB
Cool Hand Luke,1967,"A laid back Southern man is sentenced to two years in a rural prison, but refuses to conform.",8.1,IMDB
Persona,1966,A nurse is put in charge of a mute actress and finds that their personae are melding together.,8.1,IMDB
Andrei Rublev,1966,"The life, times and afflictions of the fifteenth-century Russian iconographer St. Andrei Rublev.",8.1,IMDB
La battaglia di Algeri,1966,"In the 1950s, fear and violence escalate as the people of Algiers fight for independence from the French government.",8.1,IMDB
El ángel exterminador,1962,The guests at an upper-class dinner party find themselves unable to leave.,8.1,IMDB
What Ever Happened to Baby Jane?,1962,A former child star torments her paraplegic sister in their decaying Hollywood mansion.,8.1,IMDB
Sanjuro,1962,"A crafty samurai helps a young man and his fellow clansmen save his uncle, who has been framed and imprisoned by a corrupt superintendent.",8.1,IMDB
The Man Who Shot Liberty Valance,1962,A senator returns to a western town for the funeral of an old friend and tells the story of his origins.,8.1,IMDB
Ivanovo detstvo,1962,"In WW2, twelve year old Soviet orphan Ivan Bondarev works for the Soviet army as a scout behind the German lines and strikes a friendship with three sympathetic Soviet officers.",8.1,IMDB
Jungfrukällan,1960,"An innocent yet pampered young virgin and her family's pregnant and jealous servant set out to deliver candles to church, but only one returns from events that transpire in the woods along the way.",8.1,IMDB
Inherit the Wind,1960,"Based on a real-life case in 1925, two great lawyers argue the case for and against a science teacher accused of the crime of teaching evolution.",8.1,IMDB
Les quatre cents coups,1959,"A young boy, left without attention, delves into a life of petty crime.",8.1,IMDB
Ben-Hur,1959,"After a Jewish prince is betrayed and sent into slavery by a Roman friend, he regains his freedom and comes back for revenge.",8.1,IMDB
Kakushi-toride no san-akunin,1958,"Lured by gold, two greedy peasants unknowingly escort a princess and her general across enemy lines.",8.1,IMDB
Le notti di Cabiria,1957,A waifish prostitute wanders the streets of Rome looking for true love but finds only heartbreak.,8.1,IMDB
Kumonosu-jô,1957,"A war-hardened general, egged on by his ambitious wife, works to fulfill a prophecy that he would become lord of Spider's Web Castle.",8.1,IMDB
The Bridge on the River Kwai,1957,"British POWs are forced to build a railway bridge across the river Kwai for their Japanese captors, not knowing that the allied forces are planning to destroy it.",8.1,IMDB
On the Waterfront,1954,An ex-prize fighter turned longshoreman struggles to stand up to his corrupt union bosses.,8.1,IMDB
Le salaire de la peur,1953,"In a decrepit South American village, four men are hired to transport an urgent nitroglycerine shipment without the equipment that would make it safe.",8.1,IMDB
Ace in the Hole,1951,"A frustrated former big-city journalist now stuck working for an Albuquerque newspaper exploits a story about a man trapped in a cave to rekindle his career, but the situation quickly escalates into an out-of-control circus.",8.1,IMDB
White Heat,1949,A psychopathic criminal with a mother complex makes a daring break from prison and leads his old gang in a chemical plant payroll heist.,8.1,IMDB
The Third Man,1949,"Pulp novelist Holly Martins travels to shadowy, postwar Vienna, only to find himself investigating the mysterious death of an old friend, Harry Lime.",8.1,IMDB
The Red Shoes,1948,A young ballet dancer is torn between the man she loves and her pursuit to become a prima ballerina.,8.1,IMDB
The Shop Around the Corner,1940,"Two employees at a gift shop can barely stand each other, without realizing that they are falling in love through the post as each other's anonymous pen pal.",8.1,IMDB
Rebecca,1940,A self-conscious woman juggles adjusting to her new role as an aristocrat's wife and avoiding being intimidated by his first wife's spectral presence.,8.1,IMDB
Mr. Smith Goes to Washington,1939,"A naive man is appointed to fill a vacancy in the United States Senate. His plans promptly collide with political corruption, but he doesn't back down.",8.1,IMDB
Gone with the Wind,1939,A manipulative woman and a roguish man conduct a turbulent romance during the American Civil War and Reconstruction periods.,8.1,IMDB
La Grande Illusion,1937,"During WWI, two French soldiers are captured and imprisoned in a German P.O.W. camp. Several escape attempts follow until they are eventually sent to a seemingly inescapable fortress.",8.1,IMDB
It Happened One Night,1934,"A renegade reporter and a crazy young heiress meet on a bus heading for New York, and end up stuck with each other when the bus leaves them behind at one of the stops.",8.1,IMDB
La passion de Jeanne d'Arc,1928,"In 1431, Jeanne d'Arc is placed on trial on charges of heresy. The ecclesiastical jurists attempt to force Jeanne to recant her claims of holy visions.",8.1,IMDB
The Circus,1928,The Tramp finds work and the girl of his dreams at a circus.,8.1,IMDB
Sunrise: A Song of Two Humans,1927,An allegorical tale about a man fighting the good and evil within him. Both sides are made flesh - one a sophisticated woman he is attracted to and the other his wife.,8.1,IMDB
The General,1926,"When Union spies steal an engineer's beloved locomotive, he pursues it single-handedly and straight through enemy lines.",8.1,IMDB
Das Cabinet des Dr. Caligari,1920,"Hypnotist Dr. Caligari uses a somnambulist, Cesare, to commit murders.",8.1,IMDB
Badhaai ho,2018,A man is embarrassed when he finds out his mother is pregnant.,8.0,IMDB
Togo,2019,"The story of Togo, the sled dog who led the 1925 serum run yet was considered by most to be too small and weak to lead such an intense race.",8.0,IMDB
Airlift,2016,"When Iraq invades Kuwait in August 1990, a callous Indian businessman becomes the spokesperson for more than 170,000 stranded countrymen.",8.0,IMDB
Bajrangi Bhaijaan,2015,An Indian man with a magnanimous heart takes a young mute Pakistani girl back to her homeland to reunite her with her family.,8.0,IMDB
Baby,2015,"An elite counter-intelligence unit learns of a plot, masterminded by a maniacal madman. With the clock ticking, it's up to them to track the terrorists' international tentacles and prevent them from striking at the heart of India.",8.0,IMDB
La La Land,2016,"While navigating their careers in Los Angeles, a pianist and an actress fall in love while attempting to reconcile their aspirations for the future.",8.0,IMDB
Lion,2016,"A five-year-old Indian boy is adopted by an Australian couple after getting lost hundreds of kilometers from home. 25 years later, he sets out to find his lost family.",8.0,IMDB
The Martian,2015,"An astronaut becomes stranded on Mars after his team assume him dead, and must rely on his ingenuity to find a way to signal to Earth that he is alive.",8.0,IMDB
Zootopia,2016,"In a city of anthropomorphic animals, a rookie bunny cop and a cynical con artist fox must work together to uncover a conspiracy.",8.0,IMDB
Bãhubali: The Beginning,2015,"In ancient India, an adventurous and daring man becomes involved in a decades-old feud between two warring peoples.",8.0,IMDB
Kaguyahime no monogatari,2013,"Found inside a shining stalk of bamboo by an old bamboo cutter and his wife, a tiny girl grows rapidly into an exquisite young lady. The mysterious young princess enthralls all who encounter her, but ultimately she must confront her fate, the punishment for her crime.",8.0,IMDB
Wonder,2017,"Based on the New York Times bestseller, this movie tells the incredibly inspiring and heartwarming story of August Pullman, a boy with facial differences who enters the fifth grade, attending a mainstream elementary school for the first time.",8.0,IMDB
Gully Boy,2019,A coming-of-age story based on the lives of street rappers in Mumbai.,8.0,IMDB
Special Chabbis,2013,A gang of con-men rob prominent rich businessmen and politicians by posing as C.B.I and income tax officers.,8.0,IMDB
Short Term 12,2013,A 20-something supervising staff member of a residential treatment facility navigates the troubled waters of that world alongside her co-worker and longtime boyfriend.,8.0,IMDB
Serbuan maut 2: Berandal,2014,"Only a short time after the first raid, Rama goes undercover with the thugs of Jakarta and plans to bring down the syndicate and uncover the corruption within his police force.",8.0,IMDB
The Imitation Game,2014,"During World War II, the English mathematical genius Alan Turing tries to crack the German Enigma code with help from fellow mathematicians.",8.0,IMDB
Guardians of the Galaxy,2014,A group of intergalactic criminals must pull together to stop a fanatical warrior with plans to purge the universe.,8.0,IMDB
Blade Runner 2049,2017,"Young Blade Runner K's discovery of a long-buried secret leads him to track down former Blade Runner Rick Deckard, who's been missing for thirty years.",8.0,IMDB
Her,2013,"In a near future, a lonely writer develops an unlikely relationship with an operating system designed to meet his every need.",8.0,IMDB
Bohemian Rhapsody,2018,"The story of the legendary British rock band Queen and lead singer Freddie Mercury, leading up to their famous performance at Live Aid (1985).",8.0,IMDB
The Revenant,2015,A frontiersman on a fur trading expedition in the 1820s fights for survival after being mauled by a bear and left for dead by members of his own hunting team.,8.0,IMDB
The Perks of Being a Wallflower,2012,An introvert freshman is taken under the wings of two seniors who welcome him to the real world,8.0,IMDB
Tropa de Elite 2: O Inimigo Agora é Outro,2010,"After a prison riot, former-Captain Nascimento, now a high ranking security officer in Rio de Janeiro, is swept into a bloody political dispute that involves government officials and paramilitary groups.",8.0,IMDB
The King's Speech,2010,"The story of King George VI, his impromptu ascension to the throne of the British Empire in 1936, and the speech therapist who helped the unsure monarch overcome his stammer.",8.0,IMDB
The Help,2011,"An aspiring author during the civil rights movement of the 1960s decides to write a book detailing the African American maids' point of view on the white families for which they work, and the hardships they go through on a daily basis.",8.0,IMDB
Deadpool,2016,"A wisecracking mercenary gets experimented on and becomes immortal but ugly, and sets out to track down the man who ruined his looks.",8.0,IMDB
Darbareye Elly,2009,The mysterious disappearance of a kindergarten teacher during a picnic in the north of Iran is followed by a series of misadventures for her fellow travelers.,8.0,IMDB
Dev.D,2009,"After breaking up with his childhood sweetheart, a young man finds solace in drugs. Meanwhile, a teenage girl is caught in the world of prostitution. Will they be destroyed, or will they find redemption?",8.0,IMDB
Yip Man,2008,"During the Japanese invasion of China, a wealthy martial artist is forced to leave his home when his city is occupied. With little means of providing for themselves, Ip Man and the remaining members of the city must find a way to survive.",8.0,IMDB
My Name Is Khan,2010,An Indian Muslim man with Asperger's syndrome takes a challenge to speak to the President of the United States seriously and embarks on a cross-country journey.,8.0,IMDB
Nefes: Vatan Sagolsun,2009,Story of 40-man Turkish task force who must defend a relay station.,8.0,IMDB
Slumdog Millionaire,2008,"A Mumbai teenager reflects on his life after being accused of cheating on the Indian version of ""Who Wants to be a Millionaire?"".",8.0,IMDB
Black Swan,2010,"A committed dancer struggles to maintain her sanity after winning the lead role in a production of Tchaikovsky's ""Swan Lake"".",8.0,IMDB
Tropa de Elite,2007,"In 1997 Rio de Janeiro, Captain Nascimento has to find a substitute for his position while trying to take down drug dealers and criminals before the Pope visits.",8.0,IMDB
The Avengers,2012,Earth's mightiest heroes must come together and learn to fight as a team if they are going to stop the mischievous Loki and his alien army from enslaving humanity.,8.0,IMDB
Persepolis,2007,A precocious and outspoken Iranian girl grows up during the Islamic Revolution.,8.0,IMDB
Dallas Buyers Club,2013,"In 1985 Dallas, electrician and hustler Ron Woodroof works around the system to help AIDS patients get the medication they need after he is diagnosed with the disease.",8.0,IMDB
The Pursuit of Happyness,2006,A struggling salesman takes custody of his son as he's poised to begin a life-changing professional career.,8.0,IMDB
Blood Diamond,2006,"A fisherman, a smuggler, and a syndicate of businessmen match wits over the possession of a priceless diamond.",8.0,IMDB
The Bourne Ultimatum,2007,Jason Bourne dodges a ruthless C.I.A. official and his Agents from a new assassination program while searching for the origins of his life as a trained killer.,8.0,IMDB
Bin-jip,2004,A transient young man breaks into empty homes to partake of the vacationing residents' lives for a few days.,8.0,IMDB
Sin City,2005,"A movie that explores the dark and miserable town, Basin City, tells the story of three different people, all caught up in violent corruption.",8.0,IMDB
Le scaphandre et le papillon,2007,The true story of Elle editor Jean-Dominique Bauby who suffers a stroke and has to live with an almost totally paralyzed body; only his left eye isn't paralyzed.,8.0,IMDB
G.O.R.A.,2004,A slick young Turk kidnapped by extraterrestrials shows his great « humanitarian spirit » by outwitting the evil commander-in-chief of the planet of G.O.R.A.,8.0,IMDB
Ratatouille,2007,A rat who can cook makes an unusual alliance with a young kitchen worker at a famous restaurant.,8.0,IMDB
Casino Royale,2006,"After earning 00 status and a licence to kill, Secret Agent James Bond sets out on his first mission as 007. Bond must defeat a private banker funding terrorists in a high-stakes game of poker at Casino Royale, Montenegro.",8.0,IMDB
Kill Bill: Vol. 2,2004,"The Bride continues her quest of vengeance against her former boss and lover Bill, the reclusive bouncer Budd, and the treacherous, one-eyed Elle.",8.0,IMDB
Vozvrashchenie,2003,"In the Russian wilderness, two brothers face a range of new, conflicting emotions when their father - a man they know only through a single photograph - resurfaces.",8.0,IMDB
Bom Yeoareum Gaeul Gyeoul Geurigo Bom,2003,A boy is raised by a Buddhist monk in an isolated floating temple where the years pass like the seasons.,8.0,IMDB
Mar adentro,2014,"The factual story of Spaniard Ramon Sampedro, who fought a thirty-year campaign in favor of euthanasia and his own right to die.",8.0,IMDB
Cinderella Man,2005,"The story of James J. Braddock, a supposedly washed-up boxer who came back to become a champion and an inspiration in the 1930s.",8.0,IMDB
Kal Ho Naa Ho,2003,"Naina, an introverted, perpetually depressed girl's life changes when she meets Aman. But Aman has a secret of his own which changes their lives forever. Embroiled in all this is Rohit, Naina's best friend who conceals his love for her.",8.0,IMDB
Mou gaan dou,2002,"A story between a mole in the police department and an undercover cop. Their objectives are the same: to find out who is the mole, and who is the cop.",8.0,IMDB
Pirates of the Caribbean: The Curse of the Black Pearl,2003,"Blacksmith Will Turner teams up with eccentric pirate ""Captain"" Jack Sparrow to save his love, the governor's daughter, from Jack's former pirate allies, who are now undead.",8.0,IMDB
Big Fish,2003,A frustrated son tries to determine the fact from fiction in his dying father's life.,8.0,IMDB
The Incredibles,2004,"A family of undercover superheroes, while trying to live the quiet suburban life, are forced into action to save the world.",8.0,IMDB
Yeopgijeogin geunyeo,2001,"A young man sees a drunk, cute woman standing too close to the tracks at a metro station in Seoul and pulls her back. She ends up getting him into trouble repeatedly after that, starting on the train.",8.0,IMDB
Dogville,2003,"A woman on the run from the mob is reluctantly accepted in a small Colorado community in exchange for labor, but when a search visits the town she finds out that their support has a price.",8.0,IMDB
Vizontele,2001,Lives of residents in a small Anatolian village change when television is introduced to them,8.0,IMDB
Donnie Darko,2001,"After narrowly escaping a bizarre accident, a troubled teenager is plagued by visions of a man in a large rabbit suit who manipulates him to commit a series of crimes.",8.0,IMDB
Magnolia,1999,"An epic mosaic of interrelated characters in search of love, forgiveness, and meaning in the San Fernando Valley.",8.0,IMDB
Dancer in the Dark,2000,"An East European girl travels to the United States with her young son, expecting it to be like a Hollywood film.",8.0,IMDB
The Straight Story,1999,An old man makes a long journey by lawnmower to mend his relationship with an ill brother.,8.0,IMDB
Pâfekuto burû,1997,"A pop singer gives up her career to become an actress, but she slowly goes insane when she starts being stalked by an obsessed fan and what seems to be a ghost of her past.",8.0,IMDB
Festen,1998,"At Helge's 60th birthday party, some unpleasant family truths are revealed.",8.0,IMDB
Central do Brasil,1998,"An emotive journey of a former school teacher, who writes letters for illiterate people, and a young boy, whose mother has just died, as they search for the father he never knew.",8.0,IMDB
The Iron Giant,1999,A young boy befriends a giant robot from outer space that a paranoid government agent wants to destroy.,8.0,IMDB
Knockin' on Heaven's Door,1997,"Two terminally ill patients escape from a hospital, steal a car and rush towards the sea.",8.0,IMDB
Sling Blade,1996,"Karl Childers, a simple man hospitalized since his childhood murder of his mother and her lover, is released to start a new life in a small town.",8.0,IMDB
Secrets & Lies,1996,"Following the death of her adoptive parents, a successful young black optometrist establishes contact with her biological mother -- a lonely white factory worker living in poverty in East London.",8.0,IMDB
Twelve Monkeys,1995,"In a future world devastated by disease, a convict is sent back in time to gather information about the man-made virus that wiped out most of the human population on the planet.",8.0,IMDB
Kôkaku Kidôtai,1995,A cyborg policewoman and her partner hunt a mysterious and powerful hacker called the Puppet Master.,8.0,IMDB
The Nightmare Before Christmas,1993,"Jack Skellington, king of Halloween Town, discovers Christmas Town, but his attempts to bring Christmas to his home causes confusion.",8.0,IMDB
Groundhog Day,1993,A weatherman finds himself inexplicably living the same day over and over again.,8.0,IMDB
Bound by Honor,1993,"Based on the true life experiences of poet Jimmy Santiago Baca, the film focuses on step-brothers Paco and Cruz, and their bi-racial cousin Miklo.",8.0,IMDB
Scent of a Woman,1992,"A prep school student needing money agrees to ""babysit"" a blind man, but the job is not at all what he anticipated.",8.0,IMDB
Aladdin,1992,A kindhearted street urchin and a power-hungry Grand Vizier vie for a magic lamp that has the power to make their deepest wishes come true.,8.0,IMDB
JFK,1991,New Orleans District Attorney Jim Garrison discovers there's more to the Kennedy assassination than the official story.,8.0,IMDB
Beauty and the Beast,1991,A prince cursed to spend his days as a hideous monster sets out to regain his humanity by earning a young woman's love.,8.0,IMDB
Dances with Wolves,1990,"Lieutenant John Dunbar, assigned to a remote western Civil War outpost, befriends wolves and Indians, making him an intolerable aberration in the military.",8.0,IMDB
Do the Right Thing,1989,"On the hottest day of the year on a street in the Bedford-Stuyvesant section of Brooklyn, everyone's hate and bigotry smolders and builds until it explodes into violence.",8.0,IMDB
Rain Man,1988,Selfish yuppie Charlie Babbitt's father left a fortune to his savant brother Raymond and a pittance to Charlie; they travel cross-country.,8.0,IMDB
Akira,1988,A secret military project endangers Neo-Tokyo when it turns a biker gang member into a rampaging psychic psychopath who can only be stopped by two teenagers and a group of psychics.,8.0,IMDB
The Princess Bride,1987,"While home sick in bed, a young boy's grandfather reads him the story of a farmboy-turned-pirate who encounters numerous obstacles, enemies and allies in his quest to be reunited with his true love.",8.0,IMDB
Der Himmel über Berlin,1987,An angel tires of overseeing human activity and wishes to become human when he falls in love with a mortal.,8.0,IMDB
Au revoir les enfants,1987,"A French boarding school run by priests seems to be a haven from World War II until a new student arrives. He becomes the roommate of the top student in his class. Rivals at first, the roommates form a bond and share a secret.",8.0,IMDB
Tenkû no shiro Rapyuta,1986,A young boy and a girl with a magic crystal must race against pirates and foreign agents in a search for a legendary floating castle.,8.0,IMDB
The Terminator,1984,"A human soldier is sent from 2029 to 1984 to stop an almost indestructible cyborg killing machine, sent from the same year, which has been programmed to execute a young woman whose unborn son is the key to humanity's future salvation.",8.0,IMDB
Gandhi,1982,The life of the lawyer who became the famed leader of the Indian revolts against the British rule through his philosophy of nonviolent protest.,8.0,IMDB
Kagemusha,1980,A petty thief with an utter resemblance to a samurai warlord is hired as the lord's double. When the warlord later dies the thief is forced to take up arms in his place.,8.0,IMDB
Being There,1979,"A simpleminded, sheltered gardener becomes an unlikely trusted advisor to a powerful businessman and an insider in Washington politics.",8.0,IMDB
Annie Hall,1977,Neurotic New York comedian Alvy Singer falls in love with the ditzy Annie Hall.,8.0,IMDB
Jaws,1975,"When a killer shark unleashes chaos on a beach community, it's up to a local sheriff, a marine biologist, and an old seafarer to hunt the beast down.",8.0,IMDB
Dog Day Afternoon,1975,"Three amateur bank robbers plan to hold up a bank. A nice simple robbery: Walk in, take the money, and run. Unfortunately, the supposedly uncomplicated heist suddenly becomes a bizarre nightmare as everything that could go wrong does.",8.0,IMDB
Young Frankenstein,1974,"An American grandson of the infamous scientist, struggling to prove that his grandfather was not as insane as people believe, is invited to Transylvania, where he discovers the process that reanimates a dead body.",8.0,IMDB
Papillon,1973,"A man befriends a fellow criminal as the two of them begin serving their sentence on a dreadful prison island, which inspires the man to plot his escape.",8.0,IMDB
The Exorcist,1973,"When a 12-year-old girl is possessed by a mysterious entity, her mother seeks the help of two priests to save her.",8.0,IMDB
Sleuth,1972,"A man who loves games and theater invites his wife's lover to meet him, setting up a battle of wits with potentially deadly results.",8.0,IMDB
The Last Picture Show,1971,"In 1951, a group of high schoolers come of age in a bleak, isolated, atrophied North Texas town that is slowly dying, both culturally and economically.",8.0,IMDB
Fiddler on the Roof,1971,"In prerevolutionary Russia, a Jewish peasant contends with marrying off three of his daughters while growing anti-Semitic sentiment threatens his village.",8.0,IMDB
Il conformista,1970,"A weak-willed Italian man becomes a fascist flunky who goes abroad to arrange the assassination of his old teacher, now a political dissident.",8.0,IMDB
Butch Cassidy and the Sundance Kid,1969,"Wyoming, early 1900s. Butch Cassidy and The Sundance Kid are the leaders of a band of outlaws. After a train robbery goes wrong they find themselves on the run with a posse hard on their heels. Their solution - escape to Bolivia.",8.0,IMDB
Rosemary's Baby,1968,A young couple trying for a baby move into a fancy apartment surrounded by peculiar neighbors.,8.0,IMDB
Planet of the Apes,1968,"An astronaut crew crash-lands on a planet in the distant future where intelligent talking apes are the dominant species, and humans are the oppressed and enslaved.",8.0,IMDB
The Graduate,1967,A disillusioned college graduate finds himself torn between his older lover and her daughter.,8.0,IMDB
Who's Afraid of Virginia Woolf?,1966,"A bitter, aging couple, with the help of alcohol, use their young houseguests to fuel anguish and emotional pain towards each other over the course of a distressing night.",8.0,IMDB
The Sound of Music,1965,A woman leaves an Austrian convent to become a governess to the children of a Naval officer widower.,8.0,IMDB
Doctor Zhivago,1965,"The life of a Russian physician and poet who, although married to another, falls in love with a political activist's wife and experiences hardship during World War I and then the October Revolution.",8.0,IMDB
Per un pugno di dollari,1964,"A wandering gunfighter plays two rival families against each other in a town torn apart by greed, pride, and revenge.",8.0,IMDB
8½,1963,A harried movie director retreats into his memories and fantasies.,8.0,IMDB
Vivre sa vie: Film en douze tableaux,1962,Twelve episodic tales in the life of a Parisian woman and her slow descent into prostitution.,8.0,IMDB
The Hustler,1961,An up-and-coming pool player plays a long-time champion in a single high-stakes match.,8.0,IMDB
La dolce vita,1960,A series of stories following a week in the life of a philandering paparazzo journalist living in Rome.,8.0,IMDB
Rio Bravo,1959,"A small-town sheriff in the American West enlists the help of a cripple, a drunk, and a young gunfighter in his efforts to hold in jail the brother of the local bad guy.",8.0,IMDB
Anatomy of a Murder,1959,"In a murder trial, the defendant says he suffered temporary insanity after the victim raped his wife. What is the truth, and will he win his case?",8.0,IMDB
Touch of Evil,1958,"A stark, perverse story of murder, kidnapping, and police corruption in a Mexican border town.",8.0,IMDB
Cat on a Hot Tin Roof,1958,Brick is an alcoholic ex-football player who drinks his days away and resists the affections of his wife. A reunion with his terminal father jogs a host of memories and revelations for both father and son.,8.0,IMDB
Sweet Smell of Success,1957,Powerful but unethical Broadway columnist J.J. Hunsecker coerces unscrupulous press agent Sidney Falco into breaking up his sister's romance with a jazz musician.,8.0,IMDB
The Killing,1956,Crook Johnny Clay assembles a five man team to plan and execute a daring race-track robbery.,8.0,IMDB
The Night of the Hunter,1955,"A religious fanatic marries a gullible widow whose young children are reluctant to tell him where their real daddy hid the $10,000 he'd stolen in a robbery.",8.0,IMDB
La Strada,1954,"A care-free girl is sold to a traveling entertainer, consequently enduring physical and emotional pain along the way.",8.0,IMDB
Les diaboliques,1955,The wife and mistress of a loathed school principal plan to murder him with what they believe is the perfect alibi.,8.0,IMDB
Stalag 17,1953,"When two escaping American World War II prisoners are killed, the German P.O.W. camp barracks black marketeer, J.J. Sefton, is suspected of being an informer.",8.0,IMDB
Roman Holiday,1953,A bored and sheltered princess escapes her guardians and falls in love with an American newsman in Rome.,8.0,IMDB
A Streetcar Named Desire,1951,Disturbed Blanche DuBois moves in with her sister in New Orleans and is tormented by her brutish brother-in-law while her reality crumbles around her.,8.0,IMDB
In a Lonely Place,1950,"A potentially violent screenwriter is a murder suspect until his lovely neighbor clears him. However, she soon starts to have her doubts.",8.0,IMDB
Kind Hearts and Coronets,1949,A distant poor relative of the Duke D'Ascoyne plots to inherit the title by murdering the eight other heirs who stand ahead of him in the line of succession.,8.0,IMDB
Rope,1948,Two men attempt to prove they committed the perfect crime by hosting a dinner party after strangling their former classmate to death.,8.0,IMDB
Out of the Past,1947,"A private eye escapes his past to run a gas station in a small town, but his past catches up with him. Now he must return to the big city world of danger, corruption, double crosses and duplicitous dames.",8.0,IMDB
Brief Encounter,1945,"Meeting a stranger in a railway station, a woman is tempted to cheat on her husband.",8.0,IMDB
Laura,1944,A police detective falls in love with the woman whose murder he is investigating.,8.0,IMDB
The Best Years of Our Lives,1946,Three World War II veterans return home to small-town America to discover that they and their families have been irreparably changed.,8.0,IMDB
Arsenic and Old Lace,1942,A writer of books on the futility of marriage risks his reputation when he decides to get married. Things get even more complicated when he learns on his wedding day that his beloved maiden aunts are habitual murderers.,8.0,IMDB
The Maltese Falcon,1941,"A private detective takes on a case that involves him with three eccentric criminals, a gorgeous liar, and their quest for a priceless statuette.",8.0,IMDB
The Grapes of Wrath,1940,"A poor Midwest family is forced off their land. They travel to California, suffering the misfortunes of the homeless in the Great Depression.",8.0,IMDB
The Wizard of Oz,1939,Dorothy Gale is swept away from a farm in Kansas to a magical land of Oz in a tornado and embarks on a quest with her new friends to see the Wizard who can help her return home to Kansas and help her friends as well.,8.0,IMDB
La règle du jeu,1939,"A bourgeois life in France at the onset of World War II, as the rich and their poor servants meet up at a French chateau.",8.0,IMDB
The Thin Man,1934,"Former detective Nick Charles and his wealthy wife Nora investigate a murder case, mostly for the fun of it.",8.0,IMDB
All Quiet on the Western Front,1930,"A German youth eagerly enters World War I, but his enthusiasm wanes as he gets a firsthand view of the horror.",8.0,IMDB
Bronenosets Potemkin,1925,"In the midst of the Russian Revolution of 1905, the crew of the battleship Potemkin mutiny against the brutal, tyrannical regime of the vessel's officers. The resulting street demonstration in Odessa brings on a police massacre.",8.0,IMDB
Knives Out,2019,"A detective investigates the death of a patriarch of an eccentric, combative family.",7.9,IMDB
Dil Bechara,2020,"The emotional journey of two hopelessly in love youngsters, a young girl, Kizie, suffering from cancer, and a boy, Manny, whom she meets at a support group.",7.9,IMDB
Manbiki kazoku,2018,A family of small-time crooks take in a child they find outside in the cold.,7.9,IMDB
Marriage Story,2019,Noah Baumbach's incisive and compassionate look at a marriage breaking up and a family staying together.,7.9,IMDB
Call Me by Your Name,2017,"In 1980s Italy, romance blossoms between a seventeen-year-old student and the older man hired as his father's research assistant.",7.9,IMDB
"I, Daniel Blake",2016,"After having suffered a heart-attack, a 59-year-old carpenter must fight the bureaucratic forces of the system in order to receive Employment and Support Allowance.",7.9,IMDB
Isle of Dogs,2018,"Set in Japan, Isle of Dogs follows a boy's odyssey in search of his lost dog.",7.9,IMDB
Hunt for the Wilderpeople,2016,A national manhunt is ordered for a rebellious kid and his foster uncle who go missing in the wild New Zealand bush.,7.9,IMDB
Captain Fantastic,2016,"In the forests of the Pacific Northwest, a father devoted to raising his six kids with a rigorous physical and intellectual education is forced to leave his paradise and enter the world, challenging his idea of what it means to be a parent.",7.9,IMDB
Sing Street,2016,A boy growing up in Dublin during the 1980s escapes his strained family life by starting a band to impress the mysterious girl he likes.,7.9,IMDB
Thor: Ragnarok,2017,"Imprisoned on the planet Sakaar, Thor must race against time to return to Asgard and stop Ragnarök, the destruction of his world, at the hands of the powerful and ruthless villain Hela.",7.9,IMDB
Nightcrawler,2014,"When Louis Bloom, a con man desperate for work, muscles into the world of L.A. crime journalism, he blurs the line between observer and participant to become the star of his own story.",7.9,IMDB
Jojo Rabbit,2019,A young boy in Hitler's army finds out his mother is hiding a Jewish girl in their home.,7.9,IMDB
Arrival,2016,A linguist works with the military to communicate with alien lifeforms after twelve mysterious spacecrafts appear around the world.,7.9,IMDB
Star Wars: Episode VII - The Force Awakens,2015,"As a new threat to the galaxy rises, Rey, a desert scavenger, and Finn, an ex-stormtrooper, must join Han Solo and Chewbacca to search for the one hope of restoring peace.",7.9,IMDB
Before Midnight,2013,We meet Jesse and Celine nine years on in Greece. Almost two decades have passed since their first meeting on that train bound for Vienna.,7.9,IMDB
X-Men: Days of Future Past,2014,The X-Men send Wolverine to the past in a desperate effort to change history and prevent an event that results in doom for both humans and mutants.,7.9,IMDB
Bir Zamanlar Anadolu'da,2011,A group of men set out in search of a dead body in the Anatolian steppes.,7.9,IMDB
The Artist,2011,An egomaniacal film star develops a relationship with a young dancer against the backdrop of Hollywood's silent era.,7.9,IMDB
Edge of Tomorrow,2014,"A soldier fighting aliens gets to relive the same day over and over again, the day restarting every time he dies.",7.9,IMDB
Amour,2012,"Georges and Anne are an octogenarian couple. They are cultivated, retired music teachers. Their daughter, also a musician, lives in Britain with her family. One day, Anne has a stroke, and the couple's bond of love is severely tested.",7.9,IMDB
The Irishman,2019,"An old man recalls his time painting houses for his friend, Jimmy Hoffa, through the 1950-70s.",7.9,IMDB
Un prophète,2009,A young Arab man is sent to a French prison.,7.9,IMDB
Moon,2009,"Astronaut Sam Bell has a quintessentially personal encounter toward the end of his three-year stint on the Moon, where he, working alongside his computer, GERTY, sends back to Earth parcels of a resource that has helped diminish our planet's power problems.",7.9,IMDB
Låt den rätte komma in,2008,"Oskar, an overlooked and bullied boy, finds love and revenge through Eli, a beautiful but peculiar girl.",7.9,IMDB
District 9,2009,Violence ensues after an extraterrestrial race forced to live in slum-like conditions on Earth finds a kindred spirit in a government agent exposed to their biotechnology.,7.9,IMDB
The Wrestler,2008,"A faded professional wrestler must retire, but finds his quest for a new life outside the ring a dispiriting struggle.",7.9,IMDB
Jab We Met,2007,A depressed wealthy businessman finds his life changing after he meets a spunky and care-free young woman.,7.9,IMDB
Boyhood,2014,"The life of Mason, from early childhood to his arrival at college.",7.9,IMDB
"4 luni, 3 saptamâni si 2 zile",2007,A woman assists her friend in arranging an illegal abortion in 1980s Romania.,7.9,IMDB
Star Trek,2009,The brash James T. Kirk tries to live up to his father's legacy with Mr. Spock keeping him in check as a vengeful Romulan from the future creates black holes to destroy the Federation one planet at a time.,7.9,IMDB
In Bruges,2008,"Guilt-stricken after a job gone wrong, hitman Ray and his partner await orders from their ruthless boss in Bruges, Belgium, the last place in the world Ray wants to be.",7.9,IMDB
The Man from Earth,2007,An impromptu goodbye party for Professor John Oldman becomes a mysterious interrogation after the retiring scholar reveals to his colleagues he has a longer and stranger past than they can imagine.,7.9,IMDB
Letters from Iwo Jima,2006,"The story of the battle of Iwo Jima between the United States and Imperial Japan during World War II, as told from the perspective of the Japanese who fought it.",7.9,IMDB
The Fall,2006,"In a hospital on the outskirts of 1920s Los Angeles, an injured stuntman begins to tell a fellow patient, a little girl with a broken arm, a fantastic story of five mythical heroes. Thanks to his fractured state of mind and her vivid imagination, the line between fiction and reality blurs as the tale advances.",7.9,IMDB
Life of Pi,2012,"A young man who survives a disaster at sea is hurtled into an epic journey of adventure and discovery. While cast away, he forms an unexpected connection with another survivor: a fearsome Bengal tiger.",7.9,IMDB
Fantastic Mr. Fox,2009,An urbane fox cannot resist returning to his farm raiding ways and then must help his community survive the farmers' retaliation.,7.9,IMDB
C.R.A.Z.Y.,2005,"A young French-Canadian, growing up in the 1960s and 1970s, struggles to reconcile his emerging homosexuality with his father's conservative values and his own Catholic beliefs.",7.9,IMDB
Les choristes,2004,The new teacher at a severely administered boys' boarding school works to positively affect the students' lives through music.,7.9,IMDB
Iron Man,2008,"After being held captive in an Afghan cave, billionaire engineer Tony Stark creates a unique weaponized suit of armor to fight evil.",7.9,IMDB
Shaun of the Dead,2004,A man's uneventful life is disrupted by the zombie apocalypse.,7.9,IMDB
Gegen die Wand,2004,"With the intention to break free from the strict familial restrictions, a suicidal young woman sets up a marriage of convenience with a forty-year-old addict, an act that will lead to an outburst of envious love.",7.9,IMDB
Mystic River,2003,The lives of three men who were childhood friends are shattered when one of them has a family tragedy.,7.9,IMDB
Harry Potter and the Prisoner of Azkaban,2004,"Harry Potter, Ron and Hermione return to Hogwarts School of Witchcraft and Wizardry for their third year of study, where they delve into the mystery surrounding an escaped prisoner who poses a dangerous threat to the young wizard.",7.9,IMDB
Ying xiong,2002,"A defense officer, Nameless, was summoned by the King of Qin regarding his success of terminating three warriors.",7.9,IMDB
Hable con ella,2002,Two men share an odd friendship while they care for two women who are both in deep comas.,7.9,IMDB
No Man's Land,2001,"Bosnia and Herzegovina during 1993 at the time of the heaviest fighting between the two warring sides. Two soldiers from opposing sides in the conflict, Nino and Ciki, become trapped in no man's land, whilst a third soldier becomes a living booby trap.",7.9,IMDB
Cowboy Bebop: Tengoku no tobira,2001,"A terrorist explosion releases a deadly virus on the masses, and it's up the bounty-hunting Bebop crew to catch the cold-blooded culprit.",7.9,IMDB
The Bourne Identity,2002,"A man is picked up by a fishing boat, bullet-riddled and suffering from amnesia, before racing to elude assassins and attempting to regain his memory.",7.9,IMDB
Nueve reinas,2000,"Two con artists try to swindle a stamp collector by selling him a sheet of counterfeit rare stamps (the ""nine queens"").",7.9,IMDB
Children of Men,2006,"In 2027, in a chaotic world in which women have become somehow infertile, a former activist agrees to help transport a miraculously pregnant woman to a sanctuary at sea.",7.9,IMDB
Almost Famous,2000,A high-school boy is given the chance to write a story for Rolling Stone Magazine about an up-and-coming rock band as he accompanies them on their concert tour.,7.9,IMDB
Mulholland Dr.,2001,"After a car wreck on the winding Mulholland Drive renders a woman amnesiac, she and a perky Hollywood-hopeful search for clues and answers across Los Angeles in a twisting venture beyond dreams and reality.",7.9,IMDB
Toy Story 2,1999,"When Woody is stolen by a toy collector, Buzz and his friends set out on a rescue mission to save Woody before he becomes a museum toy property with his roundup gang Jessie, Prospector, and Bullseye.",7.9,IMDB
Boogie Nights,1997,"Back when sex was safe, pleasure was a business and business was booming, an idealistic porn producer aspires to elevate his craft to an art when he discovers a hot young talent.",7.9,IMDB
Mimi wo sumaseba,1995,"A love story between a girl who loves reading books, and a boy who has previously checked out all of the library books she chooses.",7.9,IMDB
Once Were Warriors,1994,A family descended from Maori warriors is bedeviled by a violent father and the societal problems of being treated as outcasts.,7.9,IMDB
True Romance,1993,"In Detroit, a lonely pop culture geek marries a call girl, steals cocaine from her pimp, and tries to sell it in Hollywood. Meanwhile, the owners of the cocaine, the Mob, track them down in an attempt to reclaim it.",7.9,IMDB
Trois couleurs: Bleu,1993,A woman struggles to find a way to live her life after the death of her husband and child.,7.9,IMDB
Jûbê ninpûchô,1993,A vagabond swordsman is aided by a beautiful ninja girl and a crafty spy in confronting a demonic clan of killers - with a ghost from his past as their leader - who are bent on overthrowing the Tokugawa Shogunate.,7.9,IMDB
Carlito's Way,1993,"A Puerto Rican former convict, just released from prison, pledges to stay away from drugs and violence despite the pressure around him and lead on to a better life outside of N.Y.C.",7.9,IMDB
Edward Scissorhands,1990,"An artificial man, who was incompletely constructed and has scissors for hands, leads a solitary life. Then one day, a suburban lady meets him and introduces him to her world.",7.9,IMDB
My Left Foot: The Story of Christy Brown,1989,"Christy Brown, born with cerebral palsy, learns to paint and write with his only controllable limb - his left foot.",7.9,IMDB
Crimes and Misdemeanors,1989,An ophthalmologist's mistress threatens to reveal their affair to his wife while a married documentary filmmaker is infatuated with another woman.,7.9,IMDB
The Untouchables,1987,"During the era of Prohibition in the United States, Federal Agent Eliot Ness sets out to stop ruthless Chicago gangster Al Capone and, because of rampant corruption, assembles a small, hand-picked team to help him.",7.9,IMDB
Hannah and Her Sisters,1986,"Between two Thanksgivings two years apart, Hannah's husband falls in love with her sister Lee, while her hypochondriac ex-husband rekindles his relationship with her sister Holly.",7.9,IMDB
Brazil,1985,A bureaucrat in a dystopic society becomes an enemy of the state as he pursues the woman of his dreams.,7.9,IMDB
This Is Spinal Tap,1984,"Spinal Tap, one of England's loudest bands, is chronicled by film director Marty DiBergi on what proves to be a fateful tour.",7.9,IMDB
A Christmas Story,1983,"In the 1940s, a young boy named Ralphie attempts to convince his parents, his teacher and Santa that a Red Ryder BB gun really is the perfect Christmas gift.",7.9,IMDB
The Blues Brothers,1980,"Jake Blues, just released from prison, puts together his old band to save the Catholic home where he and his brother Elwood were raised.",7.9,IMDB
Manhattan,1979,The life of a divorced television writer dating a teenage girl is further complicated when he falls in love with his best friend's mistress.,7.9,IMDB
All That Jazz,1979,"Director/choreographer Bob Fosse tells his own life story as he details the sordid career of Joe Gideon, a womanizing, drug-using dancer.",7.9,IMDB
Dawn of the Dead,1978,"Following an ever-growing epidemic of zombies that have risen from the dead, two Philadelphia S.W.A.T. team members, a traffic reporter, and his television executive girlfriend seek refuge in a secluded shopping mall.",7.9,IMDB
All the President's Men,1976,"""The Washington Post"" reporters Bob Woodward and Carl Bernstein uncover the details of the Watergate scandal that leads to President Richard Nixon's resignation.",7.9,IMDB
La montaña sagrada,1973,"In a corrupt, greed-fueled world, a powerful alchemist leads a messianic character and seven materialistic figures to the Holy Mountain, where they hope to achieve enlightenment.",7.9,IMDB
Amarcord,1973,A series of comedic and nostalgic vignettes set in a 1930s Italian coastal town.,7.9,IMDB
Le charme discret de la bourgeoisie,1972,"A surreal, virtually plotless series of dreams centered around six middle-class people and their consistently interrupted attempts to have a meal together.",7.9,IMDB
"Aguirre, der Zorn Gottes",1972,"In the 16th century, the ruthless and insane Don Lope de Aguirre leads a Spanish expedition in search of El Dorado.",7.9,IMDB
Harold and Maude,1971,"Young, rich, and obsessed with death, Harold finds himself changed forever when he meets lively septuagenarian Maude at a funeral.",7.9,IMDB
Patton,1970,The World War II phase of the career of controversial American general George S. Patton.,7.9,IMDB
The Wild Bunch,1969,"An aging group of outlaws look for one last big score as the ""traditional"" American West is disappearing around them.",7.9,IMDB
Night of the Living Dead,1968,A ragtag group of Pennsylvanians barricade themselves in an old farmhouse to remain safe from a horde of flesh-eating ghouls that are ravaging the East Coast of the United States.,7.9,IMDB
The Lion in Winter,1968,"1183 A.D.: King Henry II's three sons all want to inherit the throne, but he won't commit to a choice. They and his wife variously plot to force him.",7.9,IMDB
In the Heat of the Night,1967,A black police detective is asked to investigate a murder in a racially hostile southern town.,7.9,IMDB
Charade,1963,Romance and suspense ensue in Paris as a woman is pursued by several men who want a fortune her murdered husband had stolen. Whom can she trust?,7.9,IMDB
The Manchurian Candidate,1962,A former prisoner of war is brainwashed as an unwitting assassin for an international Communist conspiracy.,7.9,IMDB
Spartacus,1960,The slave Spartacus leads a violent revolt against the decadent Roman Republic.,7.9,IMDB
L'avventura,1960,"A woman disappears during a Mediterranean boating trip. During the search, her lover and her best friend become attracted to each other.",7.9,IMDB
Hiroshima mon amour,1959,A French actress filming an anti-war film in Hiroshima has an affair with a married Japanese architect as they share their differing perspectives on war.,7.9,IMDB
The Ten Commandments,1956,"Moses, an Egyptian Prince, learns of his true heritage as a Hebrew and his divine mission as the deliverer of his people.",7.9,IMDB
The Searchers,1956,An American Civil War veteran embarks on a journey to rescue his niece from the Comanches.,7.9,IMDB
East of Eden,1955,"Two brothers struggle to maintain their strict, Bible-toting father's favor.",7.9,IMDB
High Noon,1952,"A town Marshal, despite the disagreements of his newlywed bride and the townspeople around him, must face a gang of deadly killers alone at high noon when the gang leader, an outlaw he sent up years ago, arrives on the noon train.",7.9,IMDB
Strangers on a Train,1951,A psychopath forces a tennis star to comply with his theory that two strangers can get away with murder.,7.9,IMDB
Harvey,1950,"Due to his insistence that he has an invisible six foot-tall rabbit for a best friend, a whimsical middle-aged man is thought by his family to be insane - but he may be wiser than anyone knows.",7.9,IMDB
Miracle on 34th Street,1947,"When a nice old man who claims to be Santa Claus is institutionalized as insane, a young lawyer decides to defend him by arguing in court that he is the real thing.",7.9,IMDB
Notorious,1946,A woman is asked to spy on a group of Nazi friends in South America. How far will she have to go to ingratiate herself with them?,7.9,IMDB
The Big Sleep,1946,"Private detective Philip Marlowe is hired by a wealthy family. Before the complex case is over, he's seen murder, blackmail, and what might be love.",7.9,IMDB
The Lost Weekend,1945,The desperate life of a chronic alcoholic is followed through a four-day drinking bout.,7.9,IMDB
The Philadelphia Story,1940,"When a rich woman's ex-husband and a tabloid-type reporter turn up just before her planned remarriage, she begins to learn the truth about herself.",7.9,IMDB
His Girl Friday,1940,A newspaper editor uses every trick in the book to keep his ace reporter ex-wife from remarrying.,7.9,IMDB
The Adventures of Robin Hood,1938,"When Prince John and the Norman Lords begin oppressing the Saxon masses in King Richard's absence, a Saxon lord fights back as the outlaw leader of a rebel guerrilla army.",7.9,IMDB
A Night at the Opera,1935,A sly business manager and two wacky friends of two opera singers help them achieve success while humiliating their stuffy and snobbish enemies.,7.9,IMDB
King Kong,1933,A film crew goes to a tropical island for an exotic location shoot and discovers a colossal ape who takes a shine to their female blonde star. He is then captured and brought back to New York City for public exhibition.,7.9,IMDB
Freaks,1932,"A circus' beautiful trapeze artist agrees to marry the leader of side-show performers, but his deformed friends discover she is only marrying him for his inheritance.",7.9,IMDB
Nosferatu,1922,Vampire Count Orlok expresses interest in a new residence and real estate agent Hutter's wife.,7.9,IMDB
The Gentlemen,2019,"An American expat tries to sell off his highly profitable marijuana empire in London, triggering plots, schemes, bribery and blackmail in an attempt to steal his domain out from under him.",7.8,IMDB
Raazi,2018,A Kashmiri woman agrees to marry a Pakistani army officer in order to spy on Pakistan during the Indo-Pakistan War of 1971.,7.8,IMDB
Sound of Metal,2019,A heavy-metal drummer's life is thrown into freefall when he begins to lose his hearing.,7.8,IMDB
Forushande,2016,"While both participating in a production of ""Death of a Salesman,"" a teacher's wife is assaulted in her new home, which leaves him determined to find the perpetrator over his wife's traumatized objections.",7.8,IMDB
Dunkirk,2017,"Allied soldiers from Belgium, the British Empire, and France are surrounded by the German Army and evacuated during a fierce battle in World War II.",7.8,IMDB
Perfetti sconosciuti,2016,"Seven long-time friends get together for a dinner. When they decide to share with each other the content of every text message, email and phone call they receive, many secrets start to unveil and the equilibrium trembles.",7.8,IMDB
Hidden Figures,2016,The story of a team of female African-American mathematicians who served a vital role in NASA during the early years of the U.S. space program.,7.8,IMDB
Paddington 2,2017,"Paddington (Ben Whishaw), now happily settled with the Brown family and a popular member of the local community, picks up a series of odd jobs to buy the perfect present for his Aunt Lucy's (Imelda Staunton's) 100th birthday, only for the gift to be stolen.",7.8,IMDB
Udta Punjab,2016,A story that revolves around drug abuse in the affluent north Indian State of Punjab and how the youth there have succumbed to it en-masse resulting in a socio-economic decline.,7.8,IMDB
Kubo and the Two Strings,2016,A young boy named Kubo must locate a magical suit of armour worn by his late father in order to defeat a vengeful spirit from the past.,7.8,IMDB
M.S. Dhoni: The Untold Story,2016,The untold story of Mahendra Singh Dhoni's journey from ticket collector to trophy collector - the world-cup-winning captain of the Indian Cricket Team.,7.8,IMDB
Manchester by the Sea,2016,A depressed uncle is asked to take care of his teenage nephew after the boy's father dies.,7.8,IMDB
Under sandet,2015,"In post-World War II Denmark, a group of young German POWs are forced to clear a beach of thousands of land mines under the watch of a Danish Sergeant who slowly learns to appreciate their plight.",7.8,IMDB
Rogue One,2016,The daughter of an Imperial scientist joins the Rebel Alliance in a risky move to steal the plans for the Death Star.,7.8,IMDB
Captain America: Civil War,2016,Political involvement in the Avengers' affairs causes a rift between Captain America and Iron Man.,7.8,IMDB
The Hateful Eight,2015,"In the dead of a Wyoming winter, a bounty hunter and his prisoner find shelter in a cabin currently inhabited by a collection of nefarious characters.",7.8,IMDB
Little Women,2019,"Jo March reflects back and forth on her life, telling the beloved story of the March sisters - four young women, each determined to live life on her own terms.",7.8,IMDB
Loving Vincent,2017,"In a story depicted in oil painted animation, a young man comes to the last hometown of painter Vincent van Gogh (Robert Gulaczyk) to deliver the troubled artist's final letter and ends up investigating his final days there.",7.8,IMDB
Pride,2014,U.K. gay activists work to help miners during their lengthy strike of the National Union of Mineworkers in the summer of 1984.,7.8,IMDB
Le passé,2013,"An Iranian man deserts his French wife and her two children to return to his homeland. Meanwhile, his wife starts up a new relationship, a reality her husband confronts upon his wife's request for a divorce.",7.8,IMDB
La grande bellezza,2013,"Jep Gambardella has seduced his way through the lavish nightlife of Rome for decades, but after his 65th birthday and a shock from the past, Jep looks past the nightclubs and parties to find a timeless landscape of absurd, exquisite beauty.",7.8,IMDB
The Lunchbox,2013,A mistaken delivery in Mumbai's famously efficient lunchbox delivery system connects a young housewife to an older man in the dusk of his life as they build a fantasy world together through notes in the lunchbox.,7.8,IMDB
Vicky Donor,2012,"A man is brought in by an infertility doctor to supply him with his sperm, where he becomes the biggest sperm donor for his clinic.",7.8,IMDB
Big Hero 6,2014,"A special bond develops between plus-sized inflatable robot Baymax and prodigy Hiro Hamada, who together team up with a group of friends to form a band of high-tech heroes.",7.8,IMDB
About Time,2013,"At the age of 21, Tim discovers he can travel in time and change what happens and has happened in his own life. His decision to make his world a better place by getting a girlfriend turns out not to be as easy as you might think.",7.8,IMDB
English Vinglish,2012,"A quiet, sweet tempered housewife endures small slights from her well-educated husband and daughter every day because of her inability to speak and understand English.",7.8,IMDB
Kaze tachinu,2013,"A look at the life of Jiro Horikoshi, the man who designed Japanese fighter planes during World War II.",7.8,IMDB
Toy Story 4,2019,"When a new toy called ""Forky"" joins Woody and the gang, a road trip alongside old and new friends reveals how big the world can be for a toy.",7.8,IMDB
La migliore offerta,2013,A lonely art expert working for a mysterious and reclusive heiress finds not only her art worth examining.,7.8,IMDB
Moonrise Kingdom,2012,"A pair of young lovers flee their New England town, which causes a local search party to fan out to find them.",7.8,IMDB
How to Train Your Dragon 2,2014,"When Hiccup and Toothless discover an ice cave that is home to hundreds of new wild dragons and the mysterious Dragon Rider, the two friends find themselves at the center of a battle to protect the peace.",7.8,IMDB
The Big Short,2015,In 2006-2007 a group of investors bet against the US mortgage market. In their research they discover how flawed and corrupt the market is.,7.8,IMDB
Kokuhaku,2010,A psychological thriller of a grieving mother turned cold-blooded avenger with a twisty master plan to pay back those who were responsible for her daughter's death.,7.8,IMDB
Ang-ma-reul bo-at-da,2010,A secret agent exacts revenge on a serial killer through a series of captures and releases.,7.8,IMDB
The Girl with the Dragon Tattoo,2011,"Journalist Mikael Blomkvist is aided in his search for a woman who has been missing for forty years by Lisbeth Salander, a young computer hacker.",7.8,IMDB
Captain Phillips,2013,"The true story of Captain Richard Phillips and the 2009 hijacking by Somali pirates of the U.S.-flagged MV Maersk Alabama, the first American cargo ship to be hijacked in two hundred years.",7.8,IMDB
Ajeossi,2010,A quiet pawnshop keeper with a violent past takes on a drug-and-organ trafficking ring in hope of saving the child who is his only friend.,7.8,IMDB
Straight Outta Compton,2015,"The rap group NWA emerges from the mean streets of Compton in Los Angeles, California, in the mid-1980s and revolutionizes Hip Hop culture with their music and tales about life in the hood.",7.8,IMDB
Madeo,2009,A mother desperately searches for the killer who framed her son for a girl's horrific murder.,7.8,IMDB
Chugyeokja,2008,A disgraced ex-policeman who runs a small ring of prostitutes finds himself in a race against time when one of his women goes missing.,7.8,IMDB
The Hobbit: The Desolation of Smaug,2013,"The dwarves, along with Bilbo Baggins and Gandalf the Grey, continue their quest to reclaim Erebor, their homeland, from Smaug. Bilbo Baggins is in possession of a mysterious and magical ring.",7.8,IMDB
Das weiße Band - Eine deutsche Kindergeschichte,2009,"Strange events happen in a small village in the north of Germany during the years before World War I, which seem to be ritual punishment. Who is responsible?",7.8,IMDB
Män som hatar kvinnor,2009,A journalist is aided by a young female hacker in his search for the killer of a woman who has been dead for forty years.,7.8,IMDB
The Trial of the Chicago 7,2020,"The story of 7 people on trial stemming from various charges surrounding the uprising at the 1968 Democratic National Convention in Chicago, Illinois.",7.8,IMDB
Druk,2020,"Four friends, all high school teachers, test a theory that they will improve their lives by maintaining a constant level of alcohol in their blood.",7.8,IMDB
The Fighter,2010,"Based on the story of Micky Ward, a fledgling boxer who tries to escape the shadow of his more famous but troubled older boxing brother and get his own shot at greatness.",7.8,IMDB
Taken,2008,"A retired CIA agent travels across Europe and relies on his old skills to save his estranged daughter, who has been kidnapped while on a trip to Paris.",7.8,IMDB
The Boy in the Striped Pyjamas,2008,"Through the innocent eyes of Bruno, the eight-year-old son of the commandant at a German concentration camp, a forbidden friendship with a Jewish boy on the other side of the camp fence has startling and unexpected consequences.",7.8,IMDB
Once,2007,"A modern-day musical about a busker and an immigrant and their eventful week in Dublin, as they write, rehearse and record songs that tell their love story.",7.8,IMDB
The Hobbit: An Unexpected Journey,2012,"A reluctant Hobbit, Bilbo Baggins, sets out to the Lonely Mountain with a spirited group of dwarves to reclaim their mountain home, and the gold within it from the dragon Smaug.",7.8,IMDB
Auf der anderen Seite,2007,A Turkish man travels to Istanbul to find the daughter of his father's former girlfriend.,7.8,IMDB
Atonement,2007,Thirteen-year-old fledgling writer Briony Tallis irrevocably changes the course of several lives when she accuses her older sister's lover of a crime he did not commit.,7.8,IMDB
Drive,2011,A mysterious Hollywood stuntman and mechanic moonlights as a getaway driver and finds himself in trouble when he helps out his neighbor.,7.8,IMDB
American Gangster,2007,"An outcast New York City cop is charged with bringing down Harlem drug lord Frank Lucas, whose real life inspired this partly biographical film.",7.8,IMDB
Avatar,2009,A paraplegic Marine dispatched to the moon Pandora on a unique mission becomes torn between following his orders and protecting the world he feels is his home.,7.8,IMDB
Mr. Nobody,2009,"A boy stands on a station platform as a train is about to leave. Should he go with his mother or stay with his father? Infinite possibilities arise from this decision. As long as he doesn't choose, anything is possible.",7.8,IMDB
Apocalypto,2006,"As the Mayan kingdom faces its decline, a young man is taken on a perilous journey to a world ruled by fear and oppression.",7.8,IMDB
Little Miss Sunshine,2006,A family determined to get their young daughter into the finals of a beauty pageant take a cross-country trip in their VW bus.,7.8,IMDB
Hot Fuzz,2007,A skilled London police officer is transferred to a small town with a dark secret.,7.8,IMDB
The Curious Case of Benjamin Button,2008,"Tells the story of Benjamin Button, a man who starts aging backwards with consequences.",7.8,IMDB
Veer-Zaara,2004,"Veer-Zaara is a saga of love, separation, courage and sacrifice. A love story that is an inspiration and will remain a legend forever.",7.8,IMDB
Adams æbler,2005,A neo-nazi sentenced to community service at a church clashes with the blindly devotional priest.,7.8,IMDB
Pride & Prejudice,2005,"Sparks fly when spirited Elizabeth Bennet meets single, rich, and proud Mr. Darcy. But Mr. Darcy reluctantly finds himself falling in love with a woman beneath his class. Can each overcome their own pride and prejudice?",7.8,IMDB
The World's Fastest Indian,2005,"The story of New Zealander Burt Munro, who spent years rebuilding a 1920 Indian motorcycle, which helped him set the land speed world record at Utah's Bonneville Salt Flats in 1967.",7.8,IMDB
Tôkyô goddofâzâzu,2003,"On Christmas Eve, three homeless people living on the streets of Tokyo discover a newborn baby among the trash and set out to find its parents.",7.8,IMDB
Serenity,2005,The crew of the ship Serenity try to evade an assassin sent to recapture one of their members who is telepathic.,7.8,IMDB
Walk the Line,2005,"A chronicle of country music legend Johnny Cash's life, from his early days on an Arkansas cotton farm to his rise to fame with Sun Records in Memphis, where he recorded alongside Elvis Presley, Jerry Lee Lewis, and Carl Perkins.",7.8,IMDB
Ondskan,2003,"A teenage boy expelled from school for fighting arrives at a boarding school where the systematic bullying of younger students is encouraged as a means to maintain discipline, and decides to fight back.",7.8,IMDB
The Notebook,2004,"A poor yet passionate young man falls in love with a rich young woman, giving her a sense of freedom, but they are soon separated because of their social differences.",7.8,IMDB
Diarios de motocicleta,2004,The dramatization of a motorcycle road trip Che Guevara went on in his youth that showed him his life's calling.,7.8,IMDB
Lilja 4-ever,2002,"Sixteen-year-old Lilja and her only friend, the young boy Volodja, live in Russia, fantasizing about a better life. One day, Lilja falls in love with Andrej, who is going to Sweden, and invites Lilja to come along and start a new life.",7.8,IMDB
Les triplettes de Belleville,2003,"When her grandson is kidnapped during the Tour de France, Madame Souza and her beloved pooch Bruno team up with the Belleville Sisters--an aged song-and-dance team from the days of Fred Astaire--to rescue him.",7.8,IMDB
Gongdong gyeongbi guyeok JSA,2000,"After a shooting incident at the North/South Korean border/DMZ leaves 2 North Korean soldiers dead, a neutral Swiss/Swedish team investigates, what actually happened.",7.8,IMDB
The Count of Monte Cristo,2002,"A young man, falsely imprisoned by his jealous ""friend"", escapes and uses a hidden treasure to exact his revenge.",7.8,IMDB
Waking Life,2001,A man shuffles through a dream meeting various people and discussing the meanings and purposes of the universe.,7.8,IMDB
Remember the Titans,2000,The true story of a newly appointed African-American coach and his high school team on their first season as a racially integrated unit.,7.8,IMDB
Wo hu cang long,2000,A young Chinese warrior steals a sword from a famed swordsman and then escapes into a world of romantic adventure with a mysterious man in the frontier of the nation.,7.8,IMDB
Todo sobre mi madre,1999,"Young Esteban wants to become a writer and also to discover the identity of his second mother, a trans woman, carefully concealed by his mother Manuela.",7.8,IMDB
Cast Away,2000,A FedEx executive undergoes a physical and emotional transformation after crash landing on a deserted island.,7.8,IMDB
The Boondock Saints,1999,Two Irish Catholic brothers become vigilantes and wipe out Boston's criminal underworld in the name of God.,7.8,IMDB
The Insider,1999,A research chemist comes under personal and professional attack when he decides to appear in a 60 Minutes exposé on Big Tobacco.,7.8,IMDB
October Sky,1999,"The true story of Homer Hickam, a coal miner's son who was inspired by the first Sputnik launch to take up rocketry against his father's wishes.",7.8,IMDB
Shrek,2001,"A mean lord exiles fairytale creatures to the swamp of a grumpy ogre, who must go on a quest and rescue a princess for the lord in order to get his land back.",7.8,IMDB
Titanic,1997,"A seventeen-year-old aristocrat falls in love with a kind but poor artist aboard the luxurious, ill-fated R.M.S. Titanic.",7.8,IMDB
Hana-bi,1997,"Nishi leaves the police in the face of harrowing personal and professional difficulties. Spiraling into depression, he makes questionable decisions.",7.8,IMDB
Gattaca,1997,A genetically inferior man assumes the identity of a superior one in order to pursue his lifelong dream of space travel.,7.8,IMDB
The Game,1997,"After a wealthy banker is given an opportunity to participate in a mysterious game, his life is turned upside down when he becomes unable to distinguish between the game and reality.",7.8,IMDB
Breaking the Waves,1996,"Oilman Jan is paralyzed in an accident. His wife, who prayed for his return, feels guilty; even more, when Jan urges her to have sex with another.",7.8,IMDB
Ed Wood,1994,"Ambitious but troubled movie director Edward D. Wood Jr. tries his best to fulfill his dreams, despite his lack of talent.",7.8,IMDB
What's Eating Gilbert Grape,1993,A young man in a small Midwestern town struggles to care for his mentally-disabled younger brother and morbidly obese mother while attempting to pursue his own happiness.,7.8,IMDB
Tombstone,1993,"A successful lawman's plans to retire anonymously in Tombstone, Arizona are disrupted by the kind of outlaws he was famous for eliminating.",7.8,IMDB
The Sandlot,1993,"In the summer of 1962, a new kid in town is taken under the wing of a young baseball prodigy and his rowdy team, resulting in many adventures.",7.8,IMDB
The Remains of the Day,1993,A butler who sacrificed body and soul to service in the years leading up to World War II realizes too late how misguided his loyalty was to his lordly employer.,7.8,IMDB
Naked,1993,"Parallel tales of two sexually obsessed men, one hurting and annoying women physically and mentally, one wandering around the city talking to strangers and experiencing dimensions of life.",7.8,IMDB
The Fugitive,1993,"Dr. Richard Kimble, unjustly accused of murdering his wife, must find the real killer while being the target of a nationwide manhunt led by a seasoned U.S. Marshal.",7.8,IMDB
A Bronx Tale,1993,A father becomes worried when a local gangster befriends his son in the Bronx in the 1960s.,7.8,IMDB
Batman: Mask of the Phantasm,1993,Batman is wrongly implicated in a series of murders of mob bosses actually done by a new vigilante assassin.,7.8,IMDB
Lat sau san taam,1992,A tough-as-nails cop teams up with an undercover agent to shut down a sinister mobster and his crew.,7.8,IMDB
Night on Earth,1991,An anthology of 5 different cab drivers in 5 American and European cities and their remarkable fares on the same eventful night.,7.8,IMDB
La double vie de Véronique,1991,"Two parallel stories about two identical women; one living in Poland, the other in France. They don't know each other, but their lives are nevertheless profoundly connected.",7.8,IMDB
Boyz n the Hood,1991,"Follows the lives of three young males living in the Crenshaw ghetto of Los Angeles, dissecting questions of race, relationships, violence, and future prospects.",7.8,IMDB
Misery,1990,"After a famous author is rescued from a car crash by a fan of his novels, he comes to realize that the care he is receiving is only the beginning of a nightmare of captivity and abuse.",7.8,IMDB
Awakenings,1990,"The victims of an encephalitis epidemic many years ago have been catatonic ever since, but now a new drug offers the prospect of reviving them.",7.8,IMDB
Majo no takkyûbin,1989,"A young witch, on her mandatory year of independent life, finds fitting into a new community difficult while she supports herself by running an air courier service.",7.8,IMDB
Glory,1989,"Robert Gould Shaw leads the U.S. Civil War's first all-black volunteer company, fighting prejudices from both his own Union Army, and the Confederates.",7.8,IMDB
Dip huet seung hung,1989,A disillusioned assassin accepts one last hit in hopes of using his earnings to restore vision to a singer he accidentally blinded.,7.8,IMDB
Back to the Future Part II,1989,"After visiting 2015, Marty McFly must repeat his visit to 1955 to prevent disastrous changes to 1985...without interfering with his first trip.",7.8,IMDB
Mississippi Burning,1988,Two F.B.I. Agents with wildly different styles arrive in Mississippi to investigate the disappearance of some civil rights activists.,7.8,IMDB
Predator,1987,A team of commandos on a mission in a Central American jungle find themselves hunted by an extraterrestrial warrior.,7.8,IMDB
Evil Dead II,1987,The lone survivor of an onslaught of flesh-possessing spirits holes up in a cabin with a group of strangers while the demons continue their attack.,7.8,IMDB
Ferris Bueller's Day Off,1986,"A high school wise guy is determined to have a day off from school, despite what the Principal thinks of that.",7.8,IMDB
Down by Law,1986,"Two men are framed and sent to jail, where they meet a murderer who helps them escape and leave the state.",7.8,IMDB
The Goonies,1985,A group of young misfits called The Goonies discover an ancient map and set out on an adventure to find a legendary pirate's long-lost treasure.,7.8,IMDB
The Color Purple,1985,A black Southern woman struggles to find her identity after suffering abuse from her father and others over four decades.,7.8,IMDB
The Breakfast Club,1985,Five high school students meet in Saturday detention and discover how they have a lot more in common than they thought.,7.8,IMDB
The Killing Fields,1984,"A journalist is trapped in Cambodia during tyrant Pol Pot's bloody 'Year Zero' cleansing campaign, which claimed the lives of two million 'undesirable' civilians.",7.8,IMDB
Ghostbusters,1984,Three former parapsychology professors set up shop as a unique ghost removal service.,7.8,IMDB
The Right Stuff,1983,"The story of the original Mercury 7 astronauts and their macho, seat-of-the-pants approach to the space program.",7.8,IMDB
The King of Comedy,1982,"Rupert Pupkin is a passionate yet unsuccessful comic who craves nothing more than to be in the spotlight and to achieve this, he stalks and kidnaps his idol to take the spotlight for himself.",7.8,IMDB
E.T. the Extra-Terrestrial,1982,A troubled child summons the courage to help a friendly alien escape Earth and return to his home world.,7.8,IMDB
Kramer vs. Kramer,1979,"Ted Kramer's wife leaves him, allowing for a lost bond to be rediscovered between Ted and his son, Billy. But a heated custody battle ensues over the divorced couple's son, deepening the wounds left by the separation.",7.8,IMDB
Days of Heaven,1978,A hot-tempered farm laborer convinces the woman he loves to marry their rich but dying boss so that they can have a claim to his fortune.,7.8,IMDB
The Outlaw Josey Wales,1976,Missouri farmer Josey Wales joins a Confederate guerrilla unit and winds up on the run from the Union soldiers who murdered his family.,7.8,IMDB
The Man Who Would Be King,1975,"Two British former soldiers decide to set themselves up as Kings in Kafiristan, a land where no white man has set foot since Alexander the Great.",7.8,IMDB
The Conversation,1974,"A paranoid, secretive surveillance expert has a crisis of conscience when he suspects that the couple he is spying on will be murdered.",7.8,IMDB
La planète sauvage,1973,"On a faraway planet where blue giants rule, oppressed humanoids rebel against their machine-like leaders.",7.8,IMDB
The Day of the Jackal,1973,"A professional assassin codenamed ""Jackal"" plots to kill Charles de Gaulle, the President of France.",7.8,IMDB
Badlands,1973,An impressionable teenage girl from a dead-end town and her older greaser boyfriend embark on a killing spree in the South Dakota badlands.,7.8,IMDB
Cabaret,1972,A female girlie club entertainer in Weimar Republic era Berlin romances two men while the Nazi Party rises to power around them.,7.8,IMDB
Willy Wonka & the Chocolate Factory,1971,A poor but hopeful boy seeks one of the five coveted golden tickets that will send him on a tour of Willy Wonka's mysterious chocolate factory.,7.8,IMDB
Midnight Cowboy,1969,"A naive hustler travels from Texas to New York City to seek personal fortune, finding a new friend in the process.",7.8,IMDB
Wait Until Dark,1967,A recently blinded woman is terrorized by a trio of thugs while they search for a heroin-stuffed doll they believe is in her apartment.,7.8,IMDB
Guess Who's Coming to Dinner,1967,A couple's attitudes are challenged when their daughter introduces them to her African-American fiancé.,7.8,IMDB
Bonnie and Clyde,1967,"Bored waitress Bonnie Parker falls in love with an ex-con named Clyde Barrow and together they start a violent crime spree through the country, stealing cars and robbing banks.",7.8,IMDB
My Fair Lady,1964,Snobbish phonetics Professor Henry Higgins agrees to a wager that he can make flower girl Eliza Doolittle presentable in high society.,7.8,IMDB
Mary Poppins,1964,"In turn of the century London, a magical nanny employs music and adventure to help two neglected children become closer to their father.",7.8,IMDB
The Longest Day,1962,"The events of D-Day, told on a grand scale from both the Allied and German points of view.",7.8,IMDB
Jules et Jim,1962,Decades of a love triangle concerning two friends and an impulsive woman.,7.8,IMDB
The Innocents,1961,A young governess for two children becomes convinced that the house and grounds are haunted.,7.8,IMDB
À bout de souffle,1960,"A small-time thief steals a car and impulsively murders a motorcycle policeman. Wanted by the authorities, he reunites with a hip American journalism student and attempts to persuade her to run away with him to Italy.",7.8,IMDB
Red River,1948,"Dunson leads a cattle drive, the culmination of over 14 years of work, to its destination in Missouri. But his tyrannical behavior along the way causes a mutiny, led by his adopted son.",7.8,IMDB
Key Largo,1948,"A man visits his war buddy's family hotel and finds a gangster running things. As a hurricane approaches, the two end up confronting each other.",7.8,IMDB
To Have and Have Not,1944,"During World War II, American expatriate Harry Morgan helps transport a French Resistance leader and his beautiful wife to Martinique while romancing a sensuous lounge singer.",7.8,IMDB
Shadow of a Doubt,1943,"A young girl, overjoyed when her favorite uncle comes to visit the family, slowly begins to suspect that he is in fact the ""Merry Widow"" killer sought by the authorities.",7.8,IMDB
Stagecoach,1939,A group of people traveling on a stagecoach find their journey complicated by the threat of Geronimo and learn something about each other in the process.,7.8,IMDB
The Lady Vanishes,1938,"While travelling in continental Europe, a rich young playgirl realizes that an elderly lady seems to have disappeared from the train.",7.8,IMDB
Bringing Up Baby,1938,"While trying to secure a $1 million donation for his museum, a befuddled paleontologist is pursued by a flighty and often irritating heiress and her pet leopard, Baby.",7.8,IMDB
Bride of Frankenstein,1935,"Mary Shelley reveals the main characters of her novel survived: Dr. Frankenstein, goaded by an even madder scientist, builds his monster a mate.",7.8,IMDB
Duck Soup,1933,Rufus T. Firefly is named president/dictator of bankrupt Freedonia and declares war on neighboring Sylvania over the love of wealthy Mrs. Teasdale.,7.8,IMDB
Scarface: The Shame of the Nation,1932,"An ambitious and nearly insane violent gangster climbs the ladder of success in the mob, but his weaknesses prove to be his downfall.",7.8,IMDB
Frankenstein,1931,Dr. Frankenstein dares to tamper with life and death by creating a human monster out of lifeless body parts.,7.8,IMDB
Roma,2018,A year in the life of a middle-class family's maid in Mexico City in the early 1970s.,7.7,IMDB
God's Own Country,2017,"Spring. Yorkshire. Young farmer Johnny Saxby numbs his daily frustrations with binge drinking and casual sex, until the arrival of a Romanian migrant worker for lambing season ignites an intense relationship that sets Johnny on a new path.",7.7,IMDB
Deadpool 2,2018,"Foul-mouthed mutant mercenary Wade Wilson (a.k.a. Deadpool), brings together a team of fellow mutant rogues to protect a young boy with supernatural abilities from the brutal, time-traveling cyborg Cable.",7.7,IMDB
Wind River,2017,A veteran hunter helps an FBI agent investigate the murder of a young woman on a Wyoming Native American reservation.,7.7,IMDB
Get Out,2017,"A young African-American visits his white girlfriend's parents for the weekend, where his simmering uneasiness about their reception of him eventually reaches a boiling point.",7.7,IMDB
Mission: Impossible - Fallout,2018,"Ethan Hunt and his IMF team, along with some familiar allies, race against time after a mission gone wrong.",7.7,IMDB
En man som heter Ove,2015,"Ove, an ill-tempered, isolated retiree who spends his days enforcing block association rules and visiting his wife's grave, has finally given up on life just as an unlikely friendship develops with his boisterous new neighbors.",7.7,IMDB
What We Do in the Shadows,2014,"Viago, Deacon and Vladislav are vampires who are finding that modern life has them struggling with the mundane - like paying rent, keeping up with the chore wheel, trying to get into nightclubs and overcoming flatmate conflicts.",7.7,IMDB
Omoide no Mânî,2014,"Due to 12 y.o. Anna's asthma, she's sent to stay with relatives of her guardian in the Japanese countryside. She likes to be alone, sketching. She befriends Marnie. Who is the mysterious, blonde Marnie.",7.7,IMDB
The Theory of Everything,2014,A look at the relationship between the famous physicist Stephen Hawking and his wife.,7.7,IMDB
Kingsman: The Secret Service,2014,"A spy organisation recruits a promising street kid into the agency's training program, while a global threat emerges from a twisted tech genius.",7.7,IMDB
The Fault in Our Stars,2014,Two teenage cancer patients begin a life-affirming journey to visit a reclusive author in Amsterdam.,7.7,IMDB
Me and Earl and the Dying Girl,2015,"High schooler Greg, who spends most of his time making parodies of classic movies with his co-worker Earl, finds his outlook forever altered after befriending a classmate who has just been diagnosed with cancer.",7.7,IMDB
Birdman or (The Unexpected Virtue of Ignorance),2014,"A washed-up superhero actor attempts to revive his fading career by writing, directing, and starring in a Broadway production.",7.7,IMDB
La vie d'Adèle,2013,"Adèle's life is changed when she meets Emma, a young woman with blue hair, who will allow her to discover desire and to assert herself as a woman and as an adult. In front of others, Adèle grows, seeks herself, loses herself, and ultimately finds herself through love and loss.",7.7,IMDB
Kai po che!,2013,Three friends growing up in India at the turn of the millennium set out to open a training academy to produce the country's next cricket stars.,7.7,IMDB
The Broken Circle Breakdown,2012,"Elise and Didier fall in love at first sight, in spite of their differences. He talks, she listens. He's a romantic atheist, she's a religious realist. When their daughter becomes seriously ill, their love is put on trial.",7.7,IMDB
Captain America: The Winter Soldier,2014,"As Steve Rogers struggles to embrace his role in the modern world, he teams up with a fellow Avenger and S.H.I.E.L.D agent, Black Widow, to battle a new threat from history: an assassin known as the Winter Soldier.",7.7,IMDB
Rockstar,2011,"Janardhan Jakhar chases his dreams of becoming a big Rock star, during which he falls in love with Heer.",7.7,IMDB
Nebraska,2013,"An aging, booze-addled father makes the trip from Montana to Nebraska with his estranged son in order to claim a million-dollar Mega Sweepstakes Marketing prize.",7.7,IMDB
Wreck-It Ralph,2012,"A video game villain wants to be a hero and sets out to fulfill his dream, but his quest brings havoc to the whole arcade where he lives.",7.7,IMDB
Le Petit Prince,2015,"A little girl lives in a very grown-up world with her mother, who tries to prepare her for it. Her neighbor, the Aviator, introduces the girl to an extraordinary world where anything is possible, the world of the Little Prince.",7.7,IMDB
Detachment,2011,A substitute teacher who drifts from classroom to classroom finds a connection to the students and teachers during his latest assignment.,7.7,IMDB
Midnight in Paris,2011,"While on a trip to Paris with his fiancée's family, a nostalgic screenwriter finds himself mysteriously going back to the 1920s every day at midnight.",7.7,IMDB
The Lego Movie,2014,"An ordinary LEGO construction worker, thought to be the prophesied as ""special"", is recruited to join a quest to stop an evil tyrant from gluing the LEGO universe into eternal stasis.",7.7,IMDB
Gravity,2013,Two astronauts work together to survive after an accident leaves them stranded in space.,7.7,IMDB
Star Trek Into Darkness,2013,"After the crew of the Enterprise find an unstoppable force of terror from within their own organization, Captain Kirk leads a manhunt to a war-zone world to capture a one-man weapon of mass destruction.",7.7,IMDB
Beasts of No Nation,2015,"A drama based on the experiences of Agu, a child soldier fighting in the civil war of an unnamed African country.",7.7,IMDB
The Social Network,2010,"As Harvard student Mark Zuckerberg creates the social networking site that would become known as Facebook, he is sued by the twins who claimed he stole their idea, and by the co-founder who was later squeezed out of the business.",7.7,IMDB
X: First Class,2011,"In the 1960s, superpowered humans Charles Xavier and Erik Lensherr work together to find others like them, but Erik's vengeful pursuit of an ambitious mutant who ruined his life causes a schism to divide them.",7.7,IMDB
The Hangover,2009,"Three buddies wake up from a bachelor party in Las Vegas, with no memory of the previous night and the bachelor missing. They make their way around the city in order to find their friend before his wedding.",7.7,IMDB
Skyfall,2012,"James Bond's loyalty to M is tested when her past comes back to haunt her. When MI6 comes under attack, 007 must track down and destroy the threat, no matter how personal the cost.",7.7,IMDB
Silver Linings Playbook,2012,"After a stint in a mental institution, former teacher Pat Solitano moves back in with his parents and tries to reconcile with his ex-wife. Things get more challenging when Pat meets Tiffany, a mysterious girl with problems of her own.",7.7,IMDB
Argo,2012,"Acting under the cover of a Hollywood producer scouting a location for a science fiction film, a CIA agent launches a dangerous operation to rescue six Americans in Tehran during the U.S. hostage crisis in Iran in 1979.",7.7,IMDB
(500) Days of Summer,2009,"An offbeat romantic comedy about a woman who doesn't believe true love exists, and the young man who falls for her.",7.7,IMDB
Harry Potter and the Deathly Hallows: Part 1,2010,"As Harry, Ron, and Hermione race against time and evil to destroy the Horcruxes, they uncover the existence of the three most powerful objects in the wizarding world: the Deathly Hallows.",7.7,IMDB
Gake no ue no Ponyo,2008,"A five-year-old boy develops a relationship with Ponyo, a young goldfish princess who longs to become a human after falling in love with him.",7.7,IMDB
Frost/Nixon,2008,A dramatic retelling of the post-Watergate television interviews between British talk-show host David Frost and former president Richard Nixon.,7.7,IMDB
Papurika,2006,"When a machine that allows therapists to enter their patients' dreams is stolen, all Hell breaks loose. Only a young female therapist, Paprika, can stop it.",7.7,IMDB
Changeling,2008,Grief-stricken mother Christine Collins (Angelina Jolie) takes on the L.A.P.D. to her own detriment when it tries to pass off an obvious impostor as her missing child.,7.7,IMDB
Flipped,2010,Two eighth-graders start to have feelings for each other despite being total opposites.,7.7,IMDB
Toki o kakeru shôjo,2006,"A high-school girl named Makoto acquires the power to travel back in time, and decides to use it for her own personal benefits. Little does she know that she is affecting the lives of others just as much as she is her own.",7.7,IMDB
Death Note: Desu nôto,2006,"A battle between the world's two greatest minds begins when Light Yagami finds the Death Note, a notebook with the power to kill, and decides to rid the world of criminals.",7.7,IMDB
This Is England,2006,"A young boy becomes friends with a gang of skinheads. Friends soon become like family, and relationships will be pushed to the very limit.",7.7,IMDB
Ex Machina,2014,A young programmer is selected to participate in a ground-breaking experiment in synthetic intelligence by evaluating the human qualities of a highly advanced humanoid A.I.,7.7,IMDB
Efter brylluppet,2006,"A manager of an orphanage in India is sent to Copenhagen, Denmark, where he discovers a life-altering family secret.",7.7,IMDB
The Last King of Scotland,2006,Based on the events of the brutal Ugandan dictator Idi Amin's regime as seen by his personal physician during the 1970s.,7.7,IMDB
Zodiac,2007,"In the late 1960s/early 1970s, a San Francisco cartoonist becomes an amateur detective obsessed with tracking down the Zodiac Killer, an unidentified individual who terrorizes Northern California with a killing spree.",7.7,IMDB
Lucky Number Slevin,2006,"A case of mistaken identity lands Slevin into the middle of a war being plotted by two of the city's most rival crime bosses. Under constant surveillance by Detective Brikowski and assassin Goodkat, he must get them before they get him.",7.7,IMDB
Joyeux Noël,2005,"In December 1914, an unofficial Christmas truce on the Western Front allows soldiers from opposing sides of the First World War to gain insight into each other's way of life.",7.7,IMDB
Control,2007,"A profile of Ian Curtis, the enigmatic singer of Joy Division whose personal, professional, and romantic troubles led him to commit suicide at the age of 23.",7.7,IMDB
Tangled,2010,"The magically long-haired Rapunzel has spent her entire life in a tower, but now that a runaway thief has stumbled upon her, she is about to discover the world for the first time, and who she really is.",7.7,IMDB
Zwartboek,2006,"In the Nazi-occupied Netherlands during World War II, a Jewish singer infiltrates the regional Gestapo headquarters for the Dutch resistance.",7.7,IMDB
Brokeback Mountain,2005,"The story of a forbidden and secretive relationship between two cowboys, and their lives over the years.",7.7,IMDB
3:10 to Yuma,2007,A small-time rancher agrees to hold a captured outlaw who's awaiting a train to go to court in Yuma. A battle of wills ensues as the outlaw tries to psych out the rancher.,7.7,IMDB
Crash,2004,"Los Angeles citizens with vastly separate lives collide in interweaving stories of race, loss and redemption.",7.7,IMDB
Kung fu,2004,"In Shanghai, China in the 1940s, a wannabe gangster aspires to join the notorious ""Axe Gang"" while residents of a housing complex exhibit extraordinary powers in defending their turf.",7.7,IMDB
The Bourne Supremacy,2004,"When Jason Bourne is framed for a CIA operation gone awry, he is forced to resume his former life as a trained assassin to survive.",7.7,IMDB
The Machinist,2004,An industrial worker who hasn't slept in a year begins to doubt his own sanity.,7.7,IMDB
Ray,2004,"The story of the life and career of the legendary rhythm and blues musician Ray Charles, from his humble beginnings in the South, where he went blind at age seven, to his meteoric rise to stardom during the 1950s and 1960s.",7.7,IMDB
Lost in Translation,2003,A faded movie star and a neglected young woman form an unlikely bond after crossing paths in Tokyo.,7.7,IMDB
Harry Potter and the Goblet of Fire,2005,"Harry Potter finds himself competing in a hazardous tournament between rival schools of magic, but he is distracted by recurring nightmares.",7.7,IMDB
Man on Fire,2004,"In Mexico City, a former CIA operative swears vengeance on those who committed an unspeakable act against the family he was hired to protect.",7.7,IMDB
Coraline,2009,"An adventurous 11-year-old girl finds another world that is a strangely idealized version of her frustrating home, but it has sinister secrets.",7.7,IMDB
The Last Samurai,2003,An American military advisor embraces the Samurai culture he was hired to destroy after he is captured in battle.,7.7,IMDB
The Magdalene Sisters,2002,Three young Irish women struggle to maintain their spirits while they endure dehumanizing abuse as inmates of a Magdalene Sisters Asylum.,7.7,IMDB
Good Bye Lenin!,2003,"In 1990, to protect his fragile mother from a fatal shock after a long coma, a young man must keep her from learning that her beloved nation of East Germany as she knew it has disappeared.",7.7,IMDB
In America,2002,A family of Irish immigrants adjust to life on the mean streets of Hell's Kitchen while also grieving the death of a child.,7.7,IMDB
I Am Sam,2001,A mentally handicapped man fights for custody of his 7-year-old daughter and in the process teaches his cold-hearted lawyer the value of love and family.,7.7,IMDB
Adaptation.,2002,A lovelorn screenwriter becomes desperate as he tries and fails to adapt 'The Orchid Thief' by Susan Orlean for the screen.,7.7,IMDB
Black Hawk Down,2001,160 elite U.S. soldiers drop into Somalia to capture two top lieutenants of a renegade warlord and find themselves in a desperate battle with a large force of heavily-armed Somalis.,7.7,IMDB
Road to Perdition,2002,"A mob enforcer's son witnesses a murder, forcing him and his father to take to the road, and his father down a path of redemption and revenge.",7.7,IMDB
Das Experiment,2001,"For two weeks, 20 male participants are hired to play prisoners and guards in a prison. The ""prisoners"" have to follow seemingly mild rules, and the ""guards"" are told to retain order without using physical violence.",7.7,IMDB
Billy Elliot,2000,A talented young boy becomes torn between his unexpected love of dance and the disintegration of his family.,7.7,IMDB
Hedwig and the Angry Inch,2001,A gender-queer punk-rock singer from East Berlin tours the U.S. with her band as she tells her life story and follows the former lover/band-mate who stole her songs.,7.7,IMDB
Ocean's Eleven,2001,Danny Ocean and his ten accomplices plan to rob three Las Vegas casinos simultaneously.,7.7,IMDB
Vampire Hunter D: Bloodlust,2000,"When a girl is abducted by a vampire, a legendary bounty hunter is hired to bring her back.",7.7,IMDB
"O Brother, Where Art Thou?",2000,"In the deep south during the 1930s, three escaped convicts search for hidden treasure while a relentless lawman pursues them.",7.7,IMDB
Interstate 60: Episodes of the Road,2002,"Neal Oliver, a very confused young man and an artist, takes a journey of a lifetime on a highway I60 that doesn't exist on any of the maps, going to the places he never even heard of, searching for an answer and his dreamgirl.",7.7,IMDB
"South Park: Bigger, Longer & Uncut",1999,"When Stan Marsh and his friends go see an R-rated movie, they start cursing and their parents think that Canada is to blame.",7.7,IMDB
Office Space,1999,Three company workers who hate their jobs decide to rebel against their greedy boss.,7.7,IMDB
Happiness,1998,"The lives of several individuals intertwine as they go about their lives in their own unique ways, engaging in acts society as a whole might find disturbing in a desperate search for human connection.",7.7,IMDB
Training Day,2001,A rookie cop spends his first day as a Los Angeles narcotics officer with a rogue detective who isn't what he appears to be.,7.7,IMDB
Rushmore,1998,The extracurricular king of Rushmore Preparatory School is put on academic probation.,7.7,IMDB
Abre los ojos,1997,"A very handsome man finds the love of his life, but he suffers an accident and needs to have his face rebuilt by surgery after it is severely disfigured.",7.7,IMDB
Being John Malkovich,1999,A puppeteer discovers a portal that leads literally into the head of movie star John Malkovich.,7.7,IMDB
As Good as It Gets,1997,"A single mother and waitress, a misanthropic author, and a gay artist form an unlikely friendship after the artist is assaulted in a robbery.",7.7,IMDB
The Fifth Element,1997,"In the colorful future, a cab driver unwittingly becomes the central figure in the search for a legendary cosmic weapon to keep Evil and Mr. Zorg at bay.",7.7,IMDB
Le dîner de cons,1998,"A few friends have a weekly fools' dinner, where each brings a fool along. Pierre finds a champion fool for next dinner. Surprise.",7.7,IMDB
Donnie Brasco,1997,"An FBI undercover agent infiltrates the mob and finds himself identifying more with the mafia life, at the expense of his regular one.",7.7,IMDB
Shine,1996,"Pianist David Helfgott, driven by his father and teachers, has a breakdown. Years later he returns to the piano, to popular if not critical acclaim.",7.7,IMDB
Primal Fear,1996,"An altar boy is accused of murdering a priest, and the truth is buried several layers deep.",7.7,IMDB
Hamlet,1996,"Hamlet, Prince of Denmark, returns home to find his father murdered and his mother remarrying the murderer, his uncle. Meanwhile, war is brewing.",7.7,IMDB
A Little Princess,1995,A young girl is relegated to servitude at a boarding school when her father goes missing and is presumed dead.,7.7,IMDB
Do lok tin si,1995,"This Hong Kong-set crime drama follows the lives of a hitman, hoping to get out of the business, and his elusive female partner.",7.7,IMDB
Il postino,1994,"A simple Italian postman learns to love poetry while delivering mail to a famous poet, and then uses this to woo local beauty Beatrice.",7.7,IMDB
Clerks,1994,"A day in the lives of two convenience clerks named Dante and Randal as they annoy customers, discuss movies, and play hockey on the store roof.",7.7,IMDB
Short Cuts,1993,The day-to-day lives of several suburban Los Angeles residents.,7.7,IMDB
Philadelphia,1993,"When a man with HIV is fired by his law firm because of his condition, he hires a homophobic small time lawyer as the only willing advocate for a wrongful dismissal suit.",7.7,IMDB
The Muppet Christmas Carol,1992,The Muppet characters tell their version of the classic tale of an old and bitter miser's redemption on Christmas Eve.,7.7,IMDB
Malcolm X,1992,"Biographical epic of the controversial and influential Black Nationalist leader, from his early life and career as a small-time gangster, to his ministry as a member of the Nation of Islam.",7.7,IMDB
The Last of the Mohicans,1992,Three trappers protect the daughters of a British Colonel in the midst of the French and Indian War.,7.7,IMDB
Kurenai no buta,1992,"In 1930s Italy, a veteran World War I pilot is cursed to look like an anthropomorphic pig.",7.7,IMDB
Glengarry Glen Ross,1992,An examination of the machinations behind the scenes at a real estate office.,7.7,IMDB
A Few Good Men,1992,Military lawyer Lieutenant Daniel Kaffee defends Marines accused of murder. They contend they were acting under orders.,7.7,IMDB
Fried Green Tomatoes,1991,A housewife who is unhappy with her life befriends an old lady in a nursing home and is enthralled by the tales she tells of people she used to know.,7.7,IMDB
Barton Fink,1991,A renowned New York playwright is enticed to California to write for the movies and discovers the hellish truth of Hollywood.,7.7,IMDB
Miller's Crossing,1990,"Tom Reagan, an advisor to a Prohibition-era crime boss, tries to keep the peace between warring mobs but gets caught in divided loyalties.",7.7,IMDB
Who Framed Roger Rabbit,1988,A toon-hating detective is a cartoon rabbit's only hope to prove his innocence when he is accused of murder.,7.7,IMDB
Spoorloos,1988,"Rex and Saskia, a young couple in love, are on vacation. They stop at a busy service station and Saskia is abducted. After three years and no sign of Saskia, Rex begins receiving letters from the abductor.",7.7,IMDB
Withnail & I,1987,"In 1969, two substance-abusing, unemployed actors retreat to the countryside for a holiday that proves disastrous.",7.7,IMDB
The Last Emperor,1987,The story of the final Emperor of China.,7.7,IMDB
Empire of the Sun,1987,A young English boy struggles to survive under Japanese occupation during World War II.,7.7,IMDB
Der Name der Rose,1986,An intellectually nonconformist friar investigates a series of mysterious deaths in an isolated abbey.,7.7,IMDB
Blue Velvet,1986,"The discovery of a severed human ear found in a field leads a young man on an investigation related to a beautiful, mysterious nightclub singer and a group of psychopathic criminals who have kidnapped her child.",7.7,IMDB
The Purple Rose of Cairo,1985,"In New Jersey in 1935, a movie character walks off the screen and into the real world.",7.7,IMDB
After Hours,1985,An ordinary word processor has the worst night of his life after he agrees to visit a girl in Soho who he met that evening at a coffee shop.,7.7,IMDB
Zelig,1983,"""Documentary"" about a man who can look and act like whoever he's around, and meets various famous people.",7.7,IMDB
The Verdict,1982,A lawyer sees the chance to salvage his career and self-respect by taking a medical malpractice case to trial rather than settling.,7.7,IMDB
Star Trek II: The Wrath of Khan,1982,"With the assistance of the Enterprise crew, Admiral Kirk must stop an old nemesis, Khan Noonien Singh, from using the life-generating Genesis Device as the ultimate weapon.",7.7,IMDB
First Blood,1982,A veteran Green Beret is forced by a cruel Sheriff and his deputies to flee into the mountains and wage an escalating one-man war against his pursuers.,7.7,IMDB
Ordinary People,1980,"The accidental death of the older son of an affluent family deeply strains the relationships among the bitter mother, the good-natured father, and the guilt-ridden younger son.",7.7,IMDB
Airplane!,1980,A man afraid to fly must ensure that a plane lands safely after the pilots become sick.,7.7,IMDB
Rupan sansei: Kariosutoro no shiro,1979,"A dashing thief, his gang of desperadoes and an intrepid policeman struggle to free a princess from an evil count's clutches, and learn the hidden secret to a fabulous treasure that she holds part of a key to.",7.7,IMDB
Halloween,1978,"Fifteen years after murdering his sister on Halloween night 1963, Michael Myers escapes from a mental hospital and returns to the small town of Haddonfield, Illinois to kill again.",7.7,IMDB
Le locataire,1976,A bureaucrat rents a Paris apartment where he finds himself drawn into a rabbit hole of dangerous paranoia.,7.7,IMDB
Love and Death,1975,"In czarist Russia, a neurotic soldier and his distant cousin formulate a plot to assassinate Napoleon.",7.7,IMDB
The Taking of Pelham One Two Three,1974,"In New York, armed men hijack a subway car and demand a ransom for the passengers. Even if it's paid, how could they get away?",7.7,IMDB
Blazing Saddles,1974,"In order to ruin a western town, a corrupt politician appoints a black Sheriff, who promptly becomes his most formidable adversary.",7.7,IMDB
Serpico,1973,An honest New York cop named Frank Serpico blows the whistle on rampant corruption in the force only to have his comrades turn against him.,7.7,IMDB
Enter the Dragon,1973,A secret agent comes to an opium lord's island fortress with other fighters for a martial-arts tournament.,7.7,IMDB
Deliverance,1972,"Intent on seeing the Cahulawassee River before it's dammed and turned into a lake, outdoor fanatic Lewis Medlock takes his friends on a canoeing trip they'll never forget into the dangerous American back-country.",7.7,IMDB
The French Connection,1971,A pair of NYC cops in the Narcotics Bureau stumble onto a drug smuggling job with a French connection.,7.7,IMDB
Dirty Harry,1971,"When a madman calling himself ""the Scorpio Killer"" menaces the city, tough-as-nails San Francisco Police Inspector ""Dirty"" Harry Callahan is assigned to track down and ferret out the crazed psychopath.",7.7,IMDB
Where Eagles Dare,1968,"Allied agents stage a daring raid on a castle where the Nazis are holding American brigadier general George Carnaby prisoner, but that's not all that's really going on.",7.7,IMDB
The Odd Couple,1968,"Two friends try sharing an apartment, but their ideas of housekeeping and lifestyles are as different as night and day.",7.7,IMDB
The Dirty Dozen,1967,"During World War II, a rebellious U.S. Army Major is assigned a dozen convicted murderers to train and lead them into a mass assassination mission of German officers.",7.7,IMDB
Belle de jour,1967,A frigid young housewife decides to spend her midweek afternoons as a prostitute.,7.7,IMDB
A Man for All Seasons,1966,"The story of Sir Thomas More, who stood up to King Henry VIII when the King rejected the Roman Catholic Church to obtain a divorce and remarry.",7.7,IMDB
Repulsion,1965,A sex-repulsed woman who disapproves of her sister's boyfriend sinks into depression and has horrific visions of rape and violence.,7.7,IMDB
Zulu,1964,Outnumbered British soldiers do battle with Zulu warriors at Rorke's Drift.,7.7,IMDB
Goldfinger,1964,"While investigating a gold magnate's smuggling, James Bond uncovers a plot to contaminate the Fort Knox gold reserve.",7.7,IMDB
The Birds,1963,A wealthy San Francisco socialite pursues a potential boyfriend to a small Northern California town that slowly takes a turn for the bizarre when birds of all kinds suddenly begin to attack people.,7.7,IMDB
Cape Fear,1962,A lawyer's family is stalked by a man he once helped put in jail.,7.7,IMDB
Peeping Tom,1960,"A young man murders women, using a movie camera to film their dying expressions of terror.",7.7,IMDB
The Magnificent Seven,1960,Seven gunfighters are hired by Mexican peasants to liberate their village from oppressive bandits.,7.7,IMDB
Les yeux sans visage,1960,"A surgeon causes an accident which leaves his daughter disfigured, and goes to extremes to give her a new face.",7.7,IMDB
Invasion of the Body Snatchers,1956,A small-town doctor learns that the population of his community is being replaced by emotionless alien duplicates.,7.7,IMDB
Rebel Without a Cause,1955,"A rebellious young man with a troubled past comes to a new town, finding friends and enemies.",7.7,IMDB
The Ladykillers,1955,Five oddball criminals planning a bank robbery rent rooms on a cul-de-sac from an octogenarian widow under the pretext that they are classical musicians.,7.7,IMDB
Sabrina,1954,"A playboy becomes interested in the daughter of his family's chauffeur, but it's his more serious brother who would be the better man for her.",7.7,IMDB
The Quiet Man,1952,"A retired American boxer returns to the village of his birth in Ireland, where he falls for a spirited redhead whose brother is contemptuous of their union.",7.7,IMDB
The Day the Earth Stood Still,1951,An alien lands and tells the people of Earth that they must live peacefully or be destroyed as a danger to other planets.,7.7,IMDB
The African Queen,1951,"In WWI Africa, a gin-swilling riverboat captain is persuaded by a strait-laced missionary to use his boat to attack an enemy warship.",7.7,IMDB
Gilda,1946,A small-time gambler hired to work in a Buenos Aires casino discovers his employer's new wife is his former lover.,7.7,IMDB
Fantasia,1940,A collection of animated interpretations of great works of Western classical music.,7.7,IMDB
The Invisible Man,1933,"A scientist finds a way of becoming invisible, but in doing so, he becomes murderously insane.",7.7,IMDB
Dark Waters,2019,A corporate defense attorney takes on an environmental lawsuit against a chemical company that exposes a lengthy history of pollution.,7.6,IMDB
Searching,2018,"After his teenage daughter goes missing, a desperate father tries to find clues on her laptop.",7.6,IMDB
Once Upon a Time... in Hollywood,2019,A faded television actor and his stunt double strive to achieve fame and success in the final years of Hollywood's Golden Age in 1969 Los Angeles.,7.6,IMDB
Nelyubov,2017,A couple going through a divorce must team up to find their son who has disappeared during one of their bitter arguments.,7.6,IMDB
The Florida Project,2017,"Set over one summer, the film follows precocious six-year-old Moonee as she courts mischief and adventure with her ragtag playmates and bonds with her rebellious but caring mother, all while living in the shadows of Walt Disney World.",7.6,IMDB
Just Mercy,2019,World-renowned civil rights defense attorney Bryan Stevenson works to free a wrongly condemned death row prisoner.,7.6,IMDB
Gifted,2017,"Frank, a single man raising his child prodigy niece Mary, is drawn into a custody battle with his mother.",7.6,IMDB
The Peanut Butter Falcon,2019,Zak runs away from his care home to make his dream of becoming a wrestler come true.,7.6,IMDB
Victoria,2015,A young Spanish woman who has recently moved to Berlin finds her flirtation with a local guy turn potentially deadly as their night out with his friends reveals a dangerous secret.,7.6,IMDB
Mustang,2015,"When five orphan girls are seen innocently playing with boys on a beach, their scandalized conservative guardians confine them while forced marriages are arranged.",7.6,IMDB
Guardians of the Galaxy Vol. 2,2017,"The Guardians struggle to keep together as a team while dealing with their personal family issues, notably Star-Lord's encounter with his father the ambitious celestial being Ego.",7.6,IMDB
Baby Driver,2017,"After being coerced into working for a crime boss, a young getaway driver finds himself taking part in a heist doomed to fail.",7.6,IMDB
Only the Brave,2017,"Based on the true story of the Granite Mountain Hotshots, a group of elite firefighters who risk everything to protect a town from a historic wildfire.",7.6,IMDB
Bridge of Spies,2015,"During the Cold War, an American lawyer is recruited to defend an arrested Soviet spy in court, and then help the CIA facilitate an exchange of the spy for the Soviet captured American U2 spy plane pilot, Francis Gary Powers.",7.6,IMDB
Incredibles 2,2018,The Incredibles family takes on a new mission which involves a change in family roles: Bob Parr (Mr. Incredible) must manage the house while his wife Helen (Elastigirl) goes out to save the world.,7.6,IMDB
Moana,2016,"In Ancient Polynesia, when a terrible curse incurred by the Demigod Maui reaches Moana's island, she answers the Ocean's call to seek out the Demigod to set things right.",7.6,IMDB
Sicario,2015,An idealistic FBI agent is enlisted by a government task force to aid in the escalating war against drugs at the border area between the U.S. and Mexico.,7.6,IMDB
Creed,2015,"The former World Heavyweight Champion Rocky Balboa serves as a trainer and mentor to Adonis Johnson, the son of his late friend and former rival Apollo Creed.",7.6,IMDB
Leviafan,2014,"In a Russian coastal town, Kolya is forced to fight the corrupt mayor when he is told that his house will be demolished. He recruits a lawyer friend to help, but the man's arrival brings further misfortune for Kolya and his family.",7.6,IMDB
Hell or High Water,2016,A divorced father and his ex-con older brother resort to a desperate scheme in order to save their family's ranch in West Texas.,7.6,IMDB
Philomena,2013,"A world-weary political journalist picks up the story of a woman's search for her son, who was taken away from her decades ago after she became pregnant and was forced to live in a convent.",7.6,IMDB
Dawn of the Planet of the Apes,2014,A growing nation of genetically evolved apes led by Caesar is threatened by a band of human survivors of the devastating virus unleashed a decade earlier.,7.6,IMDB
El cuerpo,2012,A detective searches for the body of a femme fatale which has gone missing from a morgue.,7.6,IMDB
Serbuan maut,2011,A S.W.A.T. team becomes trapped in a tenement run by a ruthless mobster and his army of killers and thugs.,7.6,IMDB
End of Watch,2012,"Shot documentary-style, this film follows the daily grind of two young police officers in LA who are partners and friends, and what happens when they meet criminal forces greater than themselves.",7.6,IMDB
Kari-gurashi no Arietti,2010,"The Clock family are four-inch-tall people who live anonymously in another family's residence, borrowing simple items to make their home. Life changes for the Clocks when their teenage daughter, Arrietty, is discovered.",7.6,IMDB
A Star Is Born,2018,A musician helps a young singer find fame as age and alcoholism send his own career into a downward spiral.,7.6,IMDB
True Grit,2010,A stubborn teenager enlists the help of a tough U.S. Marshal to track down her father's murderer.,7.6,IMDB
Hævnen,2010,"The lives of two Danish families cross each other, and an extraordinary but risky friendship comes into bud. But loneliness, frailty and sorrow lie in wait.",7.6,IMDB
Despicable Me,2010,"When a criminal mastermind uses a trio of orphan girls as pawns for a grand scheme, he finds their love is profoundly changing him for the better.",7.6,IMDB
50/50,2011,"Inspired by a true story, a comedy centered on a 27-year-old guy who learns of his cancer diagnosis and his subsequent struggle to beat the disease.",7.6,IMDB
Kick-Ass,2010,"Dave Lizewski is an unnoticed high school student and comic book fan who one day decides to become a superhero, even though he has no powers, training or meaningful reason to do so.",7.6,IMDB
Celda 211,2009,"The story of two men on different sides of a prison riot -- the inmate leading the rebellion and the young guard trapped in the revolt, who poses as a prisoner in a desperate attempt to survive the ordeal.",7.6,IMDB
Moneyball,2011,Oakland A's general manager Billy Beane's successful attempt to assemble a baseball team on a lean budget by employing computer-generated analysis to acquire new players.,7.6,IMDB
La piel que habito,2011,"A brilliant plastic surgeon, haunted by past tragedies, creates a type of synthetic skin that withstands any kind of damage. His guinea pig: a mysterious and volatile woman who holds the key to his obsession.",7.6,IMDB
Zombieland,2009,"A shy student trying to reach his family in Ohio, a gun-toting tough guy trying to find the last Twinkie, and a pair of sisters trying to get to an amusement park join forces to travel across a zombie-filled America.",7.6,IMDB
Die Welle,2008,A high school teacher's experiment to demonstrate to his students what life is like under a dictatorship spins horribly out of control when he forms a social unit with a life of its own.,7.6,IMDB
Sherlock Holmes,2009,Detective Sherlock Holmes and his stalwart partner Watson engage in a battle of wits and brawn with a nemesis whose plot is a threat to all of England.,7.6,IMDB
The Blind Side,2009,"The story of Michael Oher, a homeless and traumatized boy who became an All-American football player and first-round NFL draft pick with the help of a caring woman and her family.",7.6,IMDB
The Visitor,2007,A college professor travels to New York City to attend a conference and finds a young couple living in his apartment.,7.6,IMDB
Seven Pounds,2008,A man with a fateful secret embarks on an extraordinary journey of redemption by forever changing the lives of seven strangers.,7.6,IMDB
Eastern Promises,2007,A teenager who dies during childbirth leaves clues in her journal that could tie her child to a rape involving a violent Russian mob family.,7.6,IMDB
Stardust,2007,"In a countryside town bordering on a magical land, a young man makes a promise to his beloved that he'll retrieve a fallen star by venturing into the magical realm.",7.6,IMDB
The Secret of Kells,2009,"A young boy in a remote medieval outpost under siege from barbarian raids is beckoned to adventure when a celebrated master illuminator arrives with an ancient book, brimming with secret wisdom and powers.",7.6,IMDB
Inside Man,2006,"A police detective, a bank robber, and a high-power broker enter high-stakes negotiations after the criminal's brilliant heist spirals into a hostage situation.",7.6,IMDB
Gone Baby Gone,2007,"Two Boston area detectives investigate a little girl's kidnapping, which ultimately turns into a crisis both professionally and personally.",7.6,IMDB
La Vie En Rose,2007,"Biopic of the iconic French singer Édith Piaf. Raised by her grandmother in a brothel, she was discovered while singing on a street corner at the age of 19. Despite her success, Piaf's life was filled with tragedy.",7.6,IMDB
Huo Yuan Jia,2006,"A biography of Chinese Martial Arts Master Huo Yuanjia, who is the founder and spiritual guru of the Jin Wu Sports Federation.",7.6,IMDB
The Illusionist,2006,"In turn-of-the-century Vienna, a magician uses his abilities to secure the love of a woman far above his social standing.",7.6,IMDB
Dead Man's Shoes,2004,A disaffected soldier returns to his hometown to get even with the thugs who brutalized his mentally-challenged brother years ago.,7.6,IMDB
Harry Potter and the Half-Blood Prince,2009,"As Harry Potter begins his sixth year at Hogwarts, he discovers an old book marked as ""the property of the Half-Blood Prince"" and begins to learn more about Lord Voldemort's dark past.",7.6,IMDB
300,2006,King Leonidas of Sparta and a force of 300 men fight the Persians at Thermopylae in 480 B.C.,7.6,IMDB
Match Point,2005,"At a turning point in his life, a former tennis pro falls for an actress who happens to be dating his friend and soon-to-be brother-in-law.",7.6,IMDB
Watchmen,2009,"In 1985 where former superheroes exist, the murder of a colleague sends active vigilante Rorschach into his own sprawling investigation, uncovering something that could completely change the course of history as we know it.",7.6,IMDB
Lord of War,2005,An arms dealer confronts the morality of his work as he is being chased by an INTERPOL Agent.,7.6,IMDB
Saw,2004,"Two strangers awaken in a room with no recollection of how they got there, and soon discover they're pawns in a deadly game perpetrated by a notorious serial killer.",7.6,IMDB
"Synecdoche, New York",2008,"A theatre director struggles with his work, and the women in his life, as he creates a life-size replica of New York City inside a warehouse as part of his new play.",7.6,IMDB
Mysterious Skin,2004,"A teenage hustler and a young man obsessed with alien abductions cross paths, together discovering a horrible, liberating truth.",7.6,IMDB
Jeux d'enfants,2003,"As adults, best friends Julien and Sophie continue the odd game they started as children -- a fearless competition to outdo one another with daring and outrageous stunts. While they often act out to relieve one another's pain, their game might be a way to avoid the fact that they are truly meant for one another.",7.6,IMDB
Un long dimanche de fiançailles,2004,"Tells the story of a young woman's relentless search for her fiancé, who has disappeared from the trenches of the Somme during World War One.",7.6,IMDB
The Station Agent,2003,"When his only friend dies, a man born with dwarfism moves to rural New Jersey to live a life of solitude, only to meet a chatty hot dog vendor and a woman dealing with her own personal loss.",7.6,IMDB
21 Grams,2003,"A freak accident brings together a critically ill mathematician, a grieving mother, and a born-again ex-con.",7.6,IMDB
Boksuneun naui geot,2002,"A recently laid off factory worker kidnaps his former boss' friend's daughter, hoping to use the ransom money to pay for his sister's kidney transplant.",7.6,IMDB
Finding Neverland,2004,The story of Sir J.M. Barrie's friendship with a family who inspired him to create Peter Pan.,7.6,IMDB
25th Hour,2002,"Cornered by the DEA, convicted New York drug dealer Montgomery Brogan reevaluates his life in the 24 remaining hours before facing a seven-year jail term.",7.6,IMDB
The Butterfly Effect,2004,"Evan Treborn suffers blackouts during significant events of his life. As he grows up, he finds a way to remember these lost memories and a supernatural way to alter his life by reading his journal.",7.6,IMDB
28 Days Later...,2002,"Four weeks after a mysterious, incurable virus spreads throughout the UK, a handful of survivors try to find sanctuary.",7.6,IMDB
Batoru rowaiaru,2000,"In the future, the Japanese government captures a class of ninth-grade students and forces them to kill each other under the revolutionary ""Battle Royale"" act.",7.6,IMDB
The Royal Tenenbaums,2001,The eccentric members of a dysfunctional family reluctantly gather under the same roof for various reasons.,7.6,IMDB
Y tu mamá también,2001,"In Mexico, two teenage boys and an attractive older woman embark on a road trip and learn a thing or two about life, friendship, sex, and each other.",7.6,IMDB
Harry Potter and the Sorcerer's Stone,2001,"An orphaned boy enrolls in a school of wizardry, where he learns the truth about himself, his family and the terrible evil that haunts the magical world.",7.6,IMDB
The Others,2001,A woman who lives in her darkened old family house with her two photosensitive children becomes convinced that the home is haunted.,7.6,IMDB
Blow,2001,"The story of how George Jung, along with the Medellín Cartel headed by Pablo Escobar, established the American cocaine market in the 1970s in the United States.",7.6,IMDB
Enemy at the Gates,2001,A Russian and a German sniper play a game of cat-and-mouse during the Battle of Stalingrad.,7.6,IMDB
Minority Report,2002,"In a future where a special police unit is able to arrest murderers before they commit their crimes, an officer from that unit is himself accused of a future murder.",7.6,IMDB
The Hurricane,1999,"The story of Rubin 'Hurricane' Carter, a boxer wrongly imprisoned for murder, and the people who aided in his fight to prove his innocence.",7.6,IMDB
American Psycho,2000,"A wealthy New York City investment banking executive, Patrick Bateman, hides his alternate psychopathic ego from his co-workers and friends as he delves deeper into his violent, hedonistic fantasies.",7.6,IMDB
Lola rennt,1998,"After a botched money delivery, Lola has 20 minutes to come up with 100,000 Deutschmarks.",7.6,IMDB
The Thin Red Line,1998,"Adaptation of James Jones' autobiographical 1962 novel, focusing on the conflict at Guadalcanal during the second World War.",7.6,IMDB
Mulan,1998,"To save her father from death in the army, a young maiden secretly goes in his place and becomes one of China's greatest heroines in the process.",7.6,IMDB
Fear and Loathing in Las Vegas,1998,An oddball journalist and his psychopathic lawyer travel to Las Vegas for a series of psychedelic escapades.,7.6,IMDB
Funny Games,1997,"Two violent young men take a mother, father, and son hostage in their vacation cabin and force them to play sadistic ""games"" with one another for their own amusement.",7.6,IMDB
Dark City,1998,"A man struggles with memories of his past, which include a wife he cannot remember and a nightmarish world no one else ever seems to wake up from.",7.6,IMDB
Sleepers,1996,"After a prank goes disastrously wrong, a group of boys are sent to a detention center where they are brutalized. Thirteen years later, an unexpected random encounter with a former guard gives them a chance for revenge.",7.6,IMDB
Lost Highway,1997,"Anonymous videotapes presage a musician's murder conviction, and a gangster's girlfriend leads a mechanic astray.",7.6,IMDB
Sense and Sensibility,1995,"Rich Mr. Dashwood dies, leaving his second wife and her three daughters poor by the rules of inheritance. The two eldest daughters are the title opposites.",7.6,IMDB
Die Hard: With a Vengeance,1995,"John McClane and a Harlem store owner are targeted by German terrorist Simon in New York City, where he plans to rob the Federal Reserve Building.",7.6,IMDB
Dead Man,1995,"On the run after murdering a man, accountant William Blake encounters a strange aboriginal American man named Nobody who prepares him for his journey into the spiritual world.",7.6,IMDB
The Bridges of Madison County,1995,Photographer Robert Kincaid wanders into the life of housewife Francesca Johnson for four days in the 1960s.,7.6,IMDB
Apollo 13,PG,NASA must devise a strategy to return Apollo 13 to Earth safely after the spacecraft undergoes massive internal damage putting the lives of the three astronauts on board in jeopardy.,7.6,IMDB
Trois couleurs: Blanc,1994,"After his wife divorces him, a Polish immigrant plots to get even with her.",7.6,IMDB
Falling Down,1993,An ordinary man frustrated with the various flaws he sees in society begins to psychotically and violently lash out against them.,7.6,IMDB
Dazed and Confused,1993,The adventures of high school and junior high students on the last day of school in May 1976.,7.6,IMDB
My Cousin Vinny,1992,"Two New Yorkers accused of murder in rural Alabama while on their way back to college call in the help of one of their cousins, a loudmouth lawyer with no trial experience.",7.6,IMDB
Omohide poro poro,1991,A twenty-seven-year-old office worker travels to the countryside while reminiscing about her childhood in Tokyo.,7.6,IMDB
Delicatessen,1991,Post-apocalyptic surrealist black comedy about the landlord of an apartment building who occasionally prepares a delicacy for his odd tenants.,7.6,IMDB
Home Alone,1990,An eight-year-old troublemaker must protect his house from a pair of burglars when he is accidentally left home alone by his family during Christmas vacation.,7.6,IMDB
The Godfather: Part III,1990,"Follows Michael Corleone, now in his 60s, as he seeks to free his family from crime and find a suitable successor to his empire.",7.6,IMDB
When Harry Met Sally...,1989,"Harry and Sally have known each other for years, and are very good friends, but they fear sex would ruin the friendship.",7.6,IMDB
The Little Mermaid,1989,A mermaid princess makes a Faustian bargain in an attempt to become human and win a prince's love.,7.6,IMDB
The Naked Gun: From the Files of Police Squad!,1988,Incompetent police Detective Frank Drebin must foil an attempt to assassinate Queen Elizabeth II.,7.6,IMDB
"Planes, Trains & Automobiles",1987,A man must struggle to travel home for Thanksgiving with a lovable oaf of a shower curtain ring salesman as his only companion.,7.6,IMDB
Lethal Weapon,1987,Two newly paired cops who are complete opposites must put aside their differences in order to catch a gang of drug smugglers.,7.6,IMDB
Blood Simple,1984,"The owner of a seedy small-town Texas bar discovers that one of his employees is having an affair with his wife. A chaotic chain of misunderstandings, lies and mischief ensues after he devises a plot to have them murdered.",7.6,IMDB
On Golden Pond,1981,"Norman is a curmudgeon with an estranged relationship with his daughter Chelsea. At Golden Pond, he and his wife nevertheless agree to care for Billy, the son of Chelsea's new boyfriend, and a most unexpected relationship blooms.",7.6,IMDB
Mad Max 2,1981,"In the post-apocalyptic Australian wasteland, a cynical drifter agrees to help a small, gasoline-rich community escape a horde of bandits.",7.6,IMDB
The Warriors,1979,"In the near future, a charismatic leader summons the street gangs of New York City in a bid to take it over. When he is killed, The Warriors are falsely blamed and now must fight their way home while every other gang is hunting them down.",7.6,IMDB
The Muppet Movie,1979,"Kermit and his newfound friends trek across America to find success in Hollywood, but a frog legs merchant is after Kermit.",7.6,IMDB
Escape from Alcatraz,1979,"Alcatraz is the most secure prison of its time. It is believed that no one can ever escape from it, until three daring men make a possible successful attempt at escaping from one of the most infamous prisons in the world.",7.6,IMDB
Watership Down,1978,"Hoping to escape destruction by human developers and save their community, a colony of rabbits, led by Hazel and Fiver, seek out a safe place to set up a new warren.",7.6,IMDB
Midnight Express,1978,"Billy Hayes, an American college student, is caught smuggling drugs out of Turkey and thrown into prison.",7.6,IMDB
Close Encounters of the Third Kind,1977,"Roy Neary, an electric lineman, watches how his quiet and ordinary daily life turns upside down after a close encounter with a UFO.",7.6,IMDB
The Long Goodbye,1973,"Private investigator Philip Marlowe helps a friend out of a jam, but in doing so gets implicated in his wife's murder.",7.6,IMDB
Giù la testa,1971,A low-life bandit and an I.R.A. explosives expert rebel against the government and become heroes of the Mexican Revolution.,7.6,IMDB
Kelly's Heroes,1970,A group of U.S. soldiers sneaks across enemy lines to get their hands on a secret stash of Nazi treasure.,7.6,IMDB
The Jungle Book,1967,Bagheera the Panther and Baloo the Bear have a difficult time trying to convince a boy to leave the jungle for human civilization.,7.6,IMDB
Blowup,1966,A fashion photographer unknowingly captures a death on film after following two lovers in a park.,7.6,IMDB
A Hard Day's Night,1964,"Over two ""typical"" days in the life of The Beatles, the boys struggle to keep themselves and Sir Paul McCartney's mischievous grandfather in check while preparing for a live television performance.",7.6,IMDB
Breakfast at Tiffany's,1961,"A young New York socialite becomes interested in a young man who has moved into her apartment building, but her past threatens to get in the way.",7.6,IMDB
Giant,1956,Sprawling epic covering the life of a Texas cattle rancher and his family and associates.,7.6,IMDB
From Here to Eternity,1953,"In Hawaii in 1941, a private is cruelly punished for not boxing on his unit's team, while his captain's wife and second-in-command are falling in love.",7.6,IMDB
Lifeboat,1944,Several survivors of a torpedoed merchant ship in World War II find themselves in the same lifeboat with one of the crew members of the U-boat that sank their ship.,7.6,IMDB
The 39 Steps,1935,"A man in London tries to help a counter-espionage Agent. But when the Agent is killed, and the man stands accused, he must go on the run to save himself and stop a spy ring which is trying to steal top secret information.",7.6,IMDB
Black Panther,2018,"After the death of his father, T'Challa returns home to the African nation of Wakanda to take his rightful place as king. When a powerful enemy suddenly reappears, T'Challa's mettle as king -- and as Black Panther -- gets tested when he's drawn into a conflict that puts the fate of Wakanda and the entire world at risk. Faced with treachery and danger, the young king must rally his allies and release the full power of Black Panther to defeat his foes and secure the safety of his people.",96.0,RottenTomatoes
Avengers: Endgame,2019,"Adrift in space with no food or water, Tony Stark sends a message to Pepper Potts as his oxygen supply starts to dwindle. Meanwhile, the remaining Avengers -- Thor, Black Widow, Captain America and Bruce Banner -- must figure out a way to bring back their vanquished allies for an epic showdown with Thanos -- the evil demigod who decimated the planet and the universe.",94.0,RottenTomatoes
Mission: Impossible -- Fallout,2018,"Ethan Hunt and the IMF team join forces with CIA assassin August Walker to prevent a disaster of epic proportions. Arms dealer John Lark and a group of terrorists known as the Apostles plan to use three plutonium cores for a simultaneous nuclear attack on the Vatican, Jerusalem and Mecca, Saudi Arabia. When the weapons go missing, Ethan and his crew find themselves in a desperate race against time to prevent them from falling into the wrong hands.",97.0,RottenTomatoes
Mad Max: Fury Road,2015,"Years after the collapse of civilization, the tyrannical Immortan Joe enslaves apocalypse survivors inside the desert fortress the Citadel. When the warrior Imperator Furiosa (Charlize Theron) leads the despot's five wives in a daring escape, she forges an alliance with Max Rockatansky (Tom Hardy), a loner and former captive. Fortified in the massive, armored truck the War Rig, they try to outrun the ruthless warlord and his henchmen in a deadly high-speed chase through the Wasteland.",97.0,RottenTomatoes
Spider-Man: Into the Spider-Verse,2018,"Bitten by a radioactive spider in the subway, Brooklyn teenager Miles Morales suddenly develops mysterious powers that transform him into the one and only Spider-Man. When he meets Peter Parker, he soon realizes that there are many others who share his special, high-flying talents. Miles must now use his newfound skills to battle the evil Kingpin, a hulking madman who can open portals to other universes and pull different versions of Spider-Man into our world.",97.0,RottenTomatoes
Wonder Woman,2017,"Before she was Wonder Woman (Gal Gadot), she was Diana, princess of the Amazons, trained to be an unconquerable warrior. Raised on a sheltered island paradise, Diana meets an American pilot (Chris Pine) who tells her about the massive conflict that's raging in the outside world. Convinced that she can stop the threat, Diana leaves her home for the first time. Fighting alongside men in a war to end all wars, she finally discovers her full powers and true destiny.",93.0,RottenTomatoes
Dunkirk,2017,"In May 1940, Germany advanced into France, trapping Allied troops on the beaches of Dunkirk. Under air and ground cover from British and French forces, troops were slowly and methodically evacuated from the beach using every serviceable naval and civilian vessel that could be found. At the end of this heroic mission, 330,000 French, British, Belgian and Dutch soldiers were safely evacuated.",92.0,RottenTomatoes
Coco,2017,"Despite his family's generations-old ban on music, young Miguel dreams of becoming an accomplished musician like his idol Ernesto de la Cruz. Desperate to prove his talent, Miguel finds himself in the stunning and colorful Land of the Dead. After meeting a charming trickster named Héctor, the two new friends embark on an extraordinary journey to unlock the real story behind Miguel's family history.",97.0,RottenTomatoes
Thor: Ragnarok,2017,"Imprisoned on the other side of the universe, the mighty Thor finds himself in a deadly gladiatorial contest that pits him against the Hulk, his former ally and fellow Avenger. Thor's quest for survival leads him in a race against time to prevent the all-powerful Hela from destroying his home world and the Asgardian civilization.",93.0,RottenTomatoes
Logan,2017,"In the near future, a weary Logan (Hugh Jackman) cares for an ailing Professor X (Patrick Stewart) at a remote outpost on the Mexican border. His plan to hide from the outside world gets upended when he meets a young mutant (Dafne Keen) who is very much like him. Logan must now protect the girl and battle the dark forces that want to capture her.",93.0,RottenTomatoes
Star Wars: The Last Jedi,2017,"Luke Skywalker's peaceful and solitary existence gets upended when he encounters Rey, a young woman who shows strong signs of the Force. Her desire to learn the ways of the Jedi forces Luke to make a decision that changes their lives forever. Meanwhile, Kylo Ren and General Hux lead the First Order in an all-out assault against Leia and the Resistance for supremacy of the galaxy.",90.0,RottenTomatoes
Star Wars: The Force Awakens,2015,"Thirty years after the defeat of the Galactic Empire, the galaxy faces a new threat from the evil Kylo Ren (Adam Driver) and the First Order. When a defector named Finn crash-lands on a desert planet, he meets Rey (Daisy Ridley), a tough scavenger whose droid contains a top-secret map. Together, the young duo joins forces with Han Solo (Harrison Ford) to make sure the Resistance receives the intelligence concerning the whereabouts of Luke Skywalker (Mark Hamill), the last of the Jedi Knights.",93.0,RottenTomatoes
The Adventures of Robin Hood,1938,"When King Richard the Lionheart is captured, his scheming brother Prince John (Claude Rains) plots to reach the throne, to the outrage of Sir Robin of Locksley (Errol Flynn), the bandit king of Sherwood Forest. Rounding up his band of men and eventually winning the support of the lovely Maid Marian (Olivia de Havilland), Robin accuses Prince John of treachery and, when the escaped Richard returns covertly to England, joins forces with the king to prevent Prince John from taking the crown.",100.0,RottenTomatoes
King Kong,1933,"Actress Ann Darrow (Fay Wray) and director Carl Denham (Robert Armstrong) travel to the Indian Ocean to do location shoots for Denham's new jungle picture. Along the way, the actress meets and falls for rugged First Mate John Driscoll (Bruce Cabot). Upon arriving at a mysterious island, Ann is taken hostage by natives who prepare her as a sacrifice to the enormous ape Kong who rules over their jungle. But when Ann is rescued and Kong is captured, the real trouble begins.",98.0,RottenTomatoes
Spider-Man: Far From Home,2019,"Peter Parker's relaxing European vacation takes an unexpected turn when Nick Fury shows up in his hotel room to recruit him for a mission. The world is in danger as four massive elemental creatures -- each representing Earth, air, water and fire -- emerge from a hole torn in the universe. Parker soon finds himself donning the Spider-Man suit to help Fury and fellow superhero Mysterio stop the evil entities from wreaking havoc across the continent.",90.0,RottenTomatoes
Incredibles 2,2018,"Telecommunications guru Winston Deavor enlists Elastigirl to fight crime and make the public fall in love with superheroes once again. That leaves Mr. Incredible with one of his greatest challenges ever -- staying home and taking care of three rambunctious children. As Violet, Dash and Jack-Jack offer him a new set of headaches, a cybercriminal named Screenslaver launches his dastardly plan -- hypnotizing the world through computer screens.",93.0,RottenTomatoes
Zootopia,2016,"From the largest elephant to the smallest shrew, the city of Zootopia is a mammal metropolis where various animals live and thrive. When Judy Hopps (Ginnifer Goodwin) becomes the first rabbit to join the police force, she quickly learns how tough it is to enforce the law. Determined to prove herself, Judy jumps at the opportunity to solve a mysterious case. Unfortunately, that means working with Nick Wilde (Jason Bateman), a wily fox who makes her job even harder.",98.0,RottenTomatoes
War for the Planet of the Apes,2017,"Caesar (Andy Serkis) and his apes are forced into a deadly conflict with an army of humans led by a ruthless colonel (Woody Harrelson). After the apes suffer unimaginable losses, Caesar wrestles with his darker instincts and begins his own mythic quest to avenge his kind. As the journey finally brings them face to face, Caesar and the colonel are pitted against each other in an epic battle that will determine the fate of both of their species and the future of the planet.",94.0,RottenTomatoes
Spider-Man: Homecoming,2017,"Thrilled by his experience with the Avengers, young Peter Parker returns home to live with his Aunt May. Under the watchful eye of mentor Tony Stark, Parker starts to embrace his newfound identity as Spider-Man. He also tries to return to his normal daily routine -- distracted by thoughts of proving himself to be more than just a friendly neighborhood superhero. Peter must soon put his powers to the test when the evil Vulture emerges to threaten everything that he holds dear.",92.0,RottenTomatoes
Baby Driver,2017,"Talented getaway driver Baby (Ansel Elgort) relies on the beat of his personal soundtrack to be the best in the game. After meeting the woman (Lily James) of his dreams, he sees a chance to ditch his shady lifestyle and make a clean break. Coerced into working for a crime boss (Kevin Spacey), Baby must face the music as a doomed heist threatens his life, love and freedom.",92.0,RottenTomatoes
Seven Samurai,1954,"A samurai answers a village's request for protection after he falls on hard times. The town needs protection from bandits, so the samurai gathers six others to help him teach the people how to defend themselves, and the villagers provide the soldiers with food. A giant battle occurs when 40 bandits attack the village.",100.0,RottenTomatoes
Metropolis,1927,"This influential German science-fiction film presents a highly stylized futuristic city where a beautiful and cultured utopia exists above a bleak underworld populated by mistreated workers. When the privileged youth Freder (Gustav Fröhlich) discovers the grim scene under the city, he becomes intent on helping the workers. He befriends the rebellious teacher Maria (Brigitte Helm), but this puts him at odds with his authoritative father, leading to greater conflict.",97.0,RottenTomatoes
Jaws,1975,"When a young woman is killed by a shark while skinny-dipping near the New England tourist town of Amity Island, police chief Martin Brody (Roy Scheider) wants to close the beaches, but mayor Larry Vaughn (Murray Hamilton) overrules him, fearing that the loss of tourist revenue will cripple the town. Ichthyologist Matt Hooper (Richard Dreyfuss) and grizzled ship captain Quint (Robert Shaw) offer to help Brody capture the killer beast, and the trio engage in an epic battle of man vs. nature.",98.0,RottenTomatoes
Up,2009,"Carl Fredricksen (Ed Asner), a 78-year-old balloon salesman, is about to fulfill a lifelong dream. Tying thousands of balloons to his house, he flies away to the South American wilderness. But curmudgeonly Carl's worst nightmare comes true when he discovers a little boy named Russell is a stowaway aboard the balloon-powered house.",98.0,RottenTomatoes
Shazam!,2019,"We all have a superhero inside of us -- it just takes a bit of magic to bring it out. In 14-year-old Billy Batson's case, all he needs to do is shout out one word to transform into the adult superhero Shazam. Still a kid at heart, Shazam revels in the new version of himself by doing what any other teen would do -- have fun while testing out his newfound powers. But he'll need to master them quickly before the evil Dr. Thaddeus Sivana can get his hands on Shazam's magical abilities.",90.0,RottenTomatoes
The Dark Knight,2008,"With the help of allies Lt. Jim Gordon (Gary Oldman) and DA Harvey Dent (Aaron Eckhart), Batman (Christian Bale) has been able to keep a tight lid on crime in Gotham City. But when a vile young criminal calling himself the Joker (Heath Ledger) suddenly throws the town into chaos, the caped Crusader begins to tread a fine line between heroism and vigilantism.",94.0,RottenTomatoes
The Treasure of the Sierra Madre,1948,"In this classic adventure film, two rough-and-tumble wanderers, Dobbs (Humphrey Bogart) and Curtin (Tim Holt), meet up with a veteran prospector, Howard (Walter Huston), in Mexico and head into the Sierra Madre mountains to find gold. Although they discover treasure, they also find plenty of trouble, not only from ruthless bandits lurking in the dangerous Mexican wilderness but from their own insecurities and greed, which threaten to bring conflict at any moment.",100.0,RottenTomatoes
Blade Runner 2049,2017,"Officer K (Ryan Gosling), a new blade runner for the Los Angeles Police Department, unearths a long-buried secret that has the potential to plunge what's left of society into chaos. His discovery leads him on a quest to find Rick Deckard (Harrison Ford), a former blade runner who's been missing for 30 years.",88.0,RottenTomatoes
The 39 Steps,1935,"While on vacation in London, Canadian Richard Hannay (Robert Donat) becomes embroiled in an international spy ring related to the mysterious ""39 steps."" Then he meets agent Annabella Smith (Lucie Mannheim), who is soon killed in his apartment. He must elude the police, who are hunting him for murder, while he tries to stop Professor Jordan (Godfrey Tearle) from sending secrets out of the country. Hannay is assisted by Pamela (Madeleine Carroll), an unwilling accomplice who discovers the truth.",96.0,RottenTomatoes
Captain America: Civil War,2016,"Political pressure mounts to install a system of accountability when the actions of the Avengers lead to collateral damage. The new status quo deeply divides members of the team. Captain America (Chris Evans) believes superheroes should remain free to defend humanity without government interference. Iron Man (Robert Downey Jr.) sharply disagrees and supports oversight. As the debate escalates into an all-out feud, Black Widow (Scarlett Johansson) and Hawkeye (Jeremy Renner) must pick a side.",90.0,RottenTomatoes
The Jungle Book,2016,"Raised by a family of wolves since birth, Mowgli (Neel Sethi) must leave the only home he's ever known when the fearsome tiger Shere Khan (Idris Elba) unleashes his mighty roar. Guided by a no-nonsense panther (Ben Kingsley) and a free-spirited bear (Bill Murray), the young boy meets an array of jungle animals, including a slithery python and a smooth-talking ape. Along the way, Mowgli learns valuable life lessons as his epic journey of self-discovery leads to fun and adventure.",94.0,RottenTomatoes
Harry Potter and the Deathly Hallows: Part 2,2011,"A clash between good and evil awaits as young Harry (Daniel Radcliffe), Ron (Rupert Grint) and Hermione (Emma Watson) prepare for a final battle against Lord Voldemort (Ralph Fiennes). Harry has grown into a steely lad on a mission to rid the world of evil. The friends must search for the Horcruxes that keep the dastardly wizard immortal. Harry and Voldemort meet at Hogwarts Castle for an epic showdown where the forces of darkness may finally meet their match.",96.0,RottenTomatoes
Skyfall,2012,"When James Bond's (Daniel Craig) latest assignment goes terribly wrong, it leads to a calamitous turn of events: Undercover agents around the world are exposed, and MI6 is attacked, forcing M (Judi Dench) to relocate the agency. With MI6 now compromised inside and out, M turns to the one man she can trust: Bond. Aided only by a field agent (Naomie Harris), Bond takes to the shadows and follows a trail to Silva (Javier Bardem), a man from M's past who wants to settle an old score.",92.0,RottenTomatoes
Lawrence of Arabia,1962,"Due to his knowledge of the native Bedouin tribes, British Lieutenant T.E. Lawrence (Peter O'Toole) is sent to Arabia to find Prince Faisal (Alec Guinness) and serve as a liaison between the Arabs and the British in their fight against the Turks. With the aid of native Sherif Ali (Omar Sharif), Lawrence rebels against the orders of his superior officer and strikes out on a daring camel journey across the harsh desert to attack a well-guarded Turkish port.",97.0,RottenTomatoes
Mission: Impossible Rogue Nation,2015,"With the IMF now disbanded and Ethan Hunt (Tom Cruise) out in the cold, a new threat -- called the Syndicate -- soon emerges. The Syndicate is a network of highly skilled operatives who are dedicated to establishing a new world order via an escalating series of terrorist attacks. Faced with what may be the most impossible mission yet, Ethan gathers his team and joins forces with Ilsa Faust (Rebecca Ferguson), a disavowed British agent who may or may not be a member of this deadly rogue nation.",94.0,RottenTomatoes
Apocalypse Now,1979,"In Vietnam in 1970, Captain Willard (Martin Sheen) takes a perilous and increasingly hallucinatory journey upriver to find and terminate Colonel Kurtz (Marlon Brando), a once-promising officer who has reportedly gone completely mad. In the company of a Navy patrol boat filled with street-smart kids, a surfing-obsessed Air Cavalry officer (Robert Duvall), and a crazed freelance photographer (Dennis Hopper), Willard travels further and further into the heart of darkness.",98.0,RottenTomatoes
The Hurt Locker,2008,"Staff Sgt. William James (Jeremy Renner), Sgt. J.T. Sanborn (Anthony Mackie) and Specialist Owen Eldridge (Brian Geraghty) are members of a bomb-disposal unit in Baghdad. As their tour of duty enters its final weeks, the men face a set of increasingly hazardous situations, any of which could end their lives in an explosive instant.",97.0,RottenTomatoes
The LEGO Movie,2014,"Emmet (Chris Pratt), an ordinary LEGO figurine who always follows the rules, is mistakenly identified as the Special -- an extraordinary being and the key to saving the world. He finds himself drafted into a fellowship of strangers who are on a mission to stop an evil tyrant's (Will Ferrell) plans to conquer the world. Unfortunately for Emmet, he is hopelessly -- and hilariously -- unprepared for such a task, but he'll give it his all nonetheless.",96.0,RottenTomatoes
Star Trek,2009,"Aboard the USS Enterprise, the most-sophisticated starship ever built, a novice crew embarks on its maiden voyage. Their path takes them on a collision course with Nero (Eric Bana), a Romulan commander whose mission of vengeance threatens all mankind. If humanity would survive, a rebellious young officer named James T. Kirk (Chris Pine) and a coolly logical Vulcan named Spock (Zachary Quinto) must move beyond their rivalry and find a way to defeat Nero before it is too late.",94.0,RottenTomatoes
Moana,2016,"An adventurous teenager sails out on a daring mission to save her people. During her journey, Moana meets the once-mighty demigod Maui, who guides her in her quest to become a master way-finder. Together they sail across the open ocean on an action-packed voyage, encountering enormous monsters and impossible odds. Along the way, Moana fulfills the ancient quest of her ancestors and discovers the one thing she always sought: her own identity.",95.0,RottenTomatoes
Avengers: Infinity War,2018,"Iron Man, Thor, the Hulk and the rest of the Avengers unite to battle their most powerful enemy yet -- the evil Thanos. On a mission to collect all six Infinity Stones, Thanos plans to use the artifacts to inflict his twisted will on reality. The fate of the planet and existence itself has never been more uncertain as everything the Avengers have fought for has led up to this moment.",85.0,RottenTomatoes
Ant-Man and The Wasp,2018,"Scott Lang is grappling with the consequences of his choices as both a superhero and a father. Approached by Hope van Dyne and Dr. Hank Pym, Lang must once again don the Ant-Man suit and fight alongside the Wasp. The urgent mission soon leads to secret revelations from the past as the dynamic duo finds itself in an epic battle against a powerful new enemy.",87.0,RottenTomatoes
Star Wars,1977,"The Imperial Forces -- under orders from cruel Darth Vader (David Prowse) -- hold Princess Leia (Carrie Fisher) hostage, in their efforts to quell the rebellion against the Galactic Empire. Luke Skywalker (Mark Hamill) and Han Solo (Harrison Ford), captain of the Millennium Falcon, work together with the companionable droid duo R2-D2 (Kenny Baker) and C-3PO (Anthony Daniels) to rescue the beautiful princess, help the Rebel Alliance, and restore freedom and justice to the Galaxy.",92.0,RottenTomatoes
Isle of Dogs,2018,"When, by executive decree, all the canine pets of Megasaki City are exiled to a vast garbage-dump called Trash Island, 12-year-old Atari sets off alone in a miniature Junior-Turbo Prop and flies across the river in search of his bodyguard-dog, Spots. There, with the assistance of a pack of newly-found mongrel friends, he begins an epic journey that will decide the fate and future of the entire Prefecture.",90.0,RottenTomatoes
Stagecoach,1939,"John Ford's landmark Western revolves around an assorted group of colorful passengers aboard the Overland stagecoach bound for Lordsburg, New Mexico, in the 1880s. An alcoholic philosophizer (Thomas Mitchell), a lady of ill repute (Claire Trevor) and a timid liquor salesman (Donald Meek) are among the motley crew of travelers who must contend with an escaped outlaw, the Ringo Kid (John Wayne), and the ever-present threat of an Apache attack as they make their way across the Wild West.",100.0,RottenTomatoes
Goldfinger,1964,"Special agent 007 (Sean Connery) comes face to face with one of the most notorious villains of all time, and now he must outwit and outgun the powerful tycoon to prevent him from cashing in on a devious scheme to raid Fort Knox -- and obliterate the world's economy.",99.0,RottenTomatoes
Guardians of the Galaxy,2014,"Brash space adventurer Peter Quill (Chris Pratt) finds himself the quarry of relentless bounty hunters after he steals an orb coveted by Ronan, a powerful villain. To evade Ronan, Quill is forced into an uneasy truce with four disparate misfits: gun-toting Rocket Raccoon, treelike-humanoid Groot, enigmatic Gamora, and vengeance-driven Drax the Destroyer. But when he discovers the orb's true power and the cosmic threat it poses, Quill must rally his ragtag group to save the universe.",92.0,RottenTomatoes
Kubo and the Two Strings,2016,"Young Kubo's (Art Parkinson) peaceful existence comes crashing down when he accidentally summons a vengeful spirit from the past. Now on the run, Kubo joins forces with Monkey (Charlize Theron) and Beetle (Matthew McConaughey) to unlock a secret legacy. Armed with a magical instrument, Kubo must battle the Moon King (Ralph Fiennes) and other gods and monsters to save his family and solve the mystery of his fallen father, the greatest samurai warrior the world has ever known.",97.0,RottenTomatoes
WALL-E,2008,"WALL-E, short for Waste Allocation Load Lifter Earth-class, is the last robot left on Earth. He spends his days tidying up the planet, one piece of garbage at a time. But during 700 years, WALL-E has developed a personality, and he's more than a little lonely. Then he spots EVE (Elissa Knight), a sleek and shapely probe sent back to Earth on a scanning mission. Smitten WALL-E embarks on his greatest adventure yet when he follows EVE across the galaxy.",95.0,RottenTomatoes
Marvel's the Avengers,2012,"When Thor's evil brother, Loki (Tom Hiddleston), gains access to the unlimited power of the energy cube called the Tesseract, Nick Fury (Samuel L. Jackson), director of S.H.I.E.L.D., initiates a superhero recruitment effort to defeat the unprecedented threat to Earth. Joining Fury's ""dream team"" are Iron Man (Robert Downey Jr.), Captain America (Chris Evans), the Hulk (Mark Ruffalo), Thor (Chris Hemsworth), the Black Widow (Scarlett Johansson) and Hawkeye (Jeremy Renner).",91.0,RottenTomatoes
Iron Man,2008,"A billionaire industrialist and genius inventor, Tony Stark (Robert Downey Jr.), is conducting weapons tests overseas, but terrorists kidnap him to force him to build a devastating weapon. Instead, he builds an armored suit and upends his captors. Returning to America, Stark refines the suit and uses it to combat crime and terrorism.",94.0,RottenTomatoes
The Terminator,1984,"Disguised as a human, a cyborg assassin known as a Terminator (Arnold Schwarzenegger) travels from 2029 to 1984 to kill Sarah Connor (Linda Hamilton). Sent to protect Sarah is Kyle Reese (Michael Biehn), who divulges the coming of Skynet, an artificial intelligence system that will spark a nuclear holocaust. Sarah is targeted because Skynet knows that her unborn son will lead the fight against them. With the virtually unstoppable Terminator in hot pursuit, she and Kyle attempt to escape.",100.0,RottenTomatoes
The African Queen,1951,"After religious spinster's (Katharine Hepburn) missionary brother is killed in WWI Africa, dissolute steamer captain (Humphrey Bogart) offers her safe passage. She's not satisfied so she persuades him to destroy a German gunboat. The two spend most of their time fighting with each other rather than the Germans. Time alone on the river leads to love.",98.0,RottenTomatoes
Rio Bravo,1959,"When gunslinger Joe Burdette (Claude Akins) kills a man in a saloon, Sheriff John T. Chance (John Wayne) arrests him with the aid of the town drunk, Dude (Dean Martin). Before long, Burdette's brother, Nathan (John Russell), comes around, indicating that he's prepared to bust his brother out of jail if necessary. Chance decides to make a stand until reinforcements arrive, enlisting Dude, an old cripple named Stumpy (Walter Brennan) and baby-faced cowboy Colorado Ryan (Ricky Nelson) to help.",100.0,RottenTomatoes
Hunt for the Wilderpeople,2016,A boy (Julian Dennison) and his foster father (Sam Neill) become the subjects of a manhunt after they get stranded in the New Zealand wilderness.,97.0,RottenTomatoes
The French Connection,1971,"New York Detective ""Popeye"" Doyle (Gene Hackman) and his partner (Roy Scheider) chase a French heroin smuggler.",98.0,RottenTomatoes
The Taking of Pelham One Two Three,1974,"In New York City, a criminal gang led by the ruthless ""Mr. Blue"" (Robert Shaw) hijacks a subway car and threatens to start shooting one passenger per minute unless they receive a million dollars in cash from the city within an hour. On the other end of the line, crusty veteran transit policeman Zachary Garber (Walter Matthau) has his hands full dealing with the mayor's office and his hotheaded fellow cops, while also trying to deliver the ransom before the deadline expires.",100.0,RottenTomatoes
John Wick: Chapter 3 -- Parabellum,2019,"After gunning down a member of the High Table -- the shadowy international assassin's guild -- legendary hit man John Wick finds himself stripped of the organization's protective services. Now stuck with a $14 million bounty on his head, Wick must fight his way through the streets of New York as he becomes the target of the world's most ruthless killers.",89.0,RottenTomatoes
Doctor Strange,2016,"Dr. Stephen Strange's (Benedict Cumberbatch) life changes after a car accident robs him of the use of his hands. When traditional medicine fails him, he looks for healing, and hope, in a mysterious enclave. He quickly learns that the enclave is at the front line of a battle against unseen dark forces bent on destroying reality. Before long, Strange is forced to choose between his life of fortune and status or leave it all behind to defend the world as the most powerful sorcerer in existence.",89.0,RottenTomatoes
Aliens,1986,"After floating in space for 57 years, Lt. Ripley's (Sigourney Weaver) shuttle is found by a deep space salvage team. Upon arriving at LV-426, the marines find only one survivor, a nine year old girl named Newt (Carrie Henn). But even these battle-hardened marines with all the latest weaponry are no match for the hundreds of aliens that have invaded the colony.",97.0,RottenTomatoes
The Empire Strikes Back,1980,"The adventure continues in this ""Star Wars"" sequel. Luke Skywalker (Mark Hamill), Han Solo (Harrison Ford), Princess Leia (Carrie Fisher) and Chewbacca (Peter Mayhew) face attack by the Imperial forces and its AT-AT walkers on the ice planet Hoth. While Han and Leia escape in the Millennium Falcon, Luke travels to Dagobah in search of Yoda. Only with the Jedi master's help will Luke survive when the dark side of the Force beckons him into the ultimate duel with Darth Vader (David Prowse).",94.0,RottenTomatoes
Paths of Glory,1957,"During World War I, commanding officer General Broulard (Adolphe Menjou) orders his subordinate, General Mireau (George Macready), to attack a German trench position, offering a promotion as an incentive. Though the mission is foolhardy to the point of suicide, Mireau commands his own subordinate, Colonel Dax (Kirk Douglas), to plan the attack. When it ends in disaster, General Mireau demands the court-martial of three random soldiers in order to save face.",95.0,RottenTomatoes
True Grit,2010,"After an outlaw named Tom Chaney (Josh Brolin) murders her father, feisty 14-year-old farm girl Mattie Ross (Hailee Steinfeld) hires Rooster Cogburn (Jeff Bridges), a boozy, trigger-happy lawman, to help her find Chaney and avenge her father. The bickering duo are not alone in their quest, for a Texas Ranger named LaBoeuf (Matt Damon) is also tracking Chaney for reasons of his own. Together the unlikely trio ventures into hostile territory to dispense some Old West justice.",95.0,RottenTomatoes
X-Men: Days of Future Past,2014,"Convinced that mutants pose a threat to humanity, Dr. Bolivar Trask (Peter Dinklage) develops the Sentinels, enormous robotic weapons that can detect a mutant gene and zero in on that person. In the 21st century, the Sentinels have evolved into highly efficient killing machines. With mutants now facing extinction, Wolverine (Hugh Jackman) volunteers to go back in time and rally the X-Men of the past to help change a pivotal moment in history and thereby save their future.",90.0,RottenTomatoes
The Bridge on the River Kwai,1957,"Adaptation of the Pierre Bouelle novel about POWs in Burma forced to build a bridge to aid the war effort of their Japanese captors. British and American officers plot to blow up the structure, but the commander of the bridge's construction has different plans.",95.0,RottenTomatoes
Badlands,1973,"Inspired by real-life killers Charles Starkweather and Caril-Ann Fugate, this tale of crime and love begins in a dead-end town. Teenage girl Holly (Sissy Spacek) angers her father (Warren Oates) when she begins dating an older and rebellious boy (Martin Sheen). After a conflict between Holly and her father erupts in murder, the young lovers are forced to flee. In the ensuing crime spree, they journey through the Midwest to the Badlands of Montana, eluding authorities along the way.",97.0,RottenTomatoes
Gun Crazy,1950,"When gun-obsessed pacifist Bart Tare (John Dall) witnesses expert shooter Annie Laurie Starr (Peggy Cummins) demonstrate her firearm prowess at a carnival one night, it's love at first sight. Aimless Bart joins the traveling show and begins a romance with Annie, but her dangerously rebellious spirit soon gets them both fired. After eloping, the young lovers embark on an armed robbery spree, managing to elude the authorities until Annie insists on pulling one last job.",98.0,RottenTomatoes
All Is Lost,2013,"During a solo voyage in the Indian Ocean, a veteran mariner (Robert Redford) awakes to find his vessel taking on water after a collision with a stray shipping container. With his radio and navigation equipment disabled, he sails unknowingly into a violent storm and barely escapes with his life. With any luck, the ocean currents may carry him into a shipping lane -- but, with supplies dwindling and the sharks circling, the sailor is forced to face his own mortality.",94.0,RottenTomatoes
The LEGO Batman Movie,2017,"There are big changes brewing in Gotham, but if Batman (Will Arnett) wants to save the city from the Joker's (Zach Galifianakis) hostile takeover, he may have to drop the lone vigilante thing, try to work with others and maybe, just maybe, learn to lighten up. Maybe his superhero sidekick Robin (Michael Cera) and loyal butler Alfred (Ralph Fiennes) can show him a thing or two.",90.0,RottenTomatoes
The Princess Bride,1987,"A fairy tale adventure about a beautiful young woman and her one true love. He must find her after a long separation and save her. They must battle the evils of the mythical kingdom of Florin to be reunited with each other. Based on the William Goldman novel ""The Princess Bride"" which earned its own loyal audience.",97.0,RottenTomatoes
Looper,2012,"In a future society, time-travel exists, but it's only available to those with the means to pay for it on the black market. When the mob wants to eliminate someone, it sends the target into the past, where a hit man known as a looper lies in wait to finish the job. Joe (Joseph Gordon-Levitt) is one such hired gun, and he does his job well -- until the day his bosses decide to ""close the loop"" and send Joe's future self (Bruce Willis) back in time to be killed.",93.0,RottenTomatoes
Chicken Run,2000,"This engaging stop-motion, claymation adventure tells the story of an American rooster who falls in love with a gorgeous hen on a British farm. The couple decides to run away from the farm, but they must first contend with the evil farmer who is intent on keeping them under her control. The chickens decide to attempt an escape so they don't get turned into chicken pot pies.",97.0,RottenTomatoes
Stalker,1979,"In an unnamed country at an unspecified time, there is a fiercely protected post-apocalyptic wasteland known as The Zone. An illegal guide (Aleksandr Kajdanovsky), whose mutant child suggests unspeakable horrors within The Zone, leads a writer (Anatoliy Solonitsyn) and a scientist (Nikolay Grinko) into the heart of the devastation in search of a mythical place known only as The Room. Anyone who enters The Room will supposedly have any of his earthly desires immediately fulfilled.",100.0,RottenTomatoes
Casino Royale,2006,"After receiving a license to kill, British Secret Service agent James Bond (Daniel Craig) heads to Madagascar, where he uncovers a link to Le Chiffre (Mads Mikkelsen), a man who finances terrorist organizations. Learning that Le Chiffre plans to raise money in a high-stakes poker game, MI6 sends Bond to play against him, gambling that their newest ""00"" operative will topple the man's organization.",94.0,RottenTomatoes
Guardians of the Galaxy Vol. 2,2017,"Peter Quill and his fellow Guardians are hired by a powerful alien race, the Sovereign, to protect their precious batteries from invaders. When it is discovered that Rocket has stolen the items they were sent to guard, the Sovereign dispatch their armada to search for vengeance. As the Guardians try to escape, the mystery of Peter's parentage is revealed.",85.0,RottenTomatoes
The Peanut Butter Falcon,2019,"After running away from a residential nursing home to pursue his dream of becoming a pro wrestler, a man who has Down syndrome befriends an outlaw who becomes his coach and ally.",94.0,RottenTomatoes
No Country for Old Men,2007,"While out hunting, Llewelyn Moss (Josh Brolin) finds the grisly aftermath of a drug deal. Though he knows better, he cannot resist the cash left behind and takes it with him. The hunter becomes the hunted when a merciless killer named Chigurh (Javier Bardem) picks up his trail. Also looking for Moss is Sheriff Bell (Tommy Lee Jones), an aging lawman who reflects on a changing world and a dark secret of his own, as he tries to find and protect Moss.",93.0,RottenTomatoes
Dawn of the Planet of the Apes,2014,"Ten years after simian flu wiped out much of the world's homosapiens, genetically enhanced chimpanzee Caesar (Andy Serkis) and his ever-growing band of followers have established a thriving colony just outside San Francisco in Muir Woods. Meanwhile, a small band of human survivors emerges, which forces Caesar -- as leader -- to grapple with the dual challenge of protecting his people and re-establishing a relationship with the remaining human population -- the latter being Caesar's secret wish.",90.0,RottenTomatoes
Captain Marvel,2019,"Captain Marvel is an extraterrestrial Kree warrior who finds herself caught in the middle of an intergalactic battle between her people and the Skrulls. Living on Earth in 1995, she keeps having recurring memories of another life as U.S. Air Force pilot Carol Danvers. With help from Nick Fury, Captain Marvel tries to uncover the secrets of her past while harnessing her special superpowers to end the war with the evil Skrulls.",79.0,RottenTomatoes
Onward,2020,"Teenage elf brothers Ian and Barley embark on a magical quest to spend one more day with their late father. Like any good adventure, their journey is filled with cryptic maps, impossible obstacles and unimaginable discoveries. But when dear Mom finds out her sons are missing, she teams up with the legendary manticore to bring her beloved boys back home.",88.0,RottenTomatoes
Sicario,2015,"After rising through the ranks of her male-dominated profession, idealistic FBI agent Kate Macer (Emily Blunt) receives a top assignment. Recruited by mysterious government official Matt Graver (Josh Brolin), Kate joins a task force for the escalating war against drugs. Led by the intense and shadowy Alejandro (Benicio Del Toro), the team travels back-and-forth across the U.S.-Mexican border, using one cartel boss (Bernardo Saracino) to flush out a bigger one (Julio Cesar Cedillo).",92.0,RottenTomatoes
Ghostbusters,1984,"After the members of a team of scientists (Harold Ramis, Dan Aykroyd, Bill Murray) lose their cushy positions at a university in New York City, they decide to become ""ghostbusters"" to wage a high-tech battle with the supernatural for money. They stumble upon a gateway to another dimension, a doorway that will release evil upon the city. The Ghostbusters must now save New York from complete destruction.",97.0,RottenTomatoes
Ran,1985,"At the age of seventy, after years of consolidating his empire, the Great Lord Hidetora Ichimonji (Tatsuya Nakadai) decides to abdicate and divide his domain amongst his three sons. Taro (Akira Terao), the eldest, will rule. Jiro (Jinpachi Nezu), his second son, and Saburo (Daisuke Ryu) will take command of the Second and Third Castles but are expected to obey and support their elder brother. Saburo defies the pledge of obedience and is banished.",96.0,RottenTomatoes
A Fistful of Dollars,1964,"The Man With No Name (Clint Eastwood) enters the Mexican village of San Miguel in the midst of a power struggle among the three Rojo brothers (Antonio Prieto, Benny Reeves, Sieghardt Rupp) and sheriff John Baxter (Wolfgang Lukschy). When a regiment of Mexican soldiers bearing gold intended to pay for new weapons is waylaid by the Rojo brothers, the stranger inserts himself into the middle of the long-simmering battle, selling false information to both sides for his own benefit.",98.0,RottenTomatoes
Henry V,1989,"In this gritty screen adaptation of Shakespeare's play about the heroic and ruthless king, Henry V of England (Kenneth Branagh) determines to lay claim to the kingdom of France. Henry's self-doubt and the diminished morale of his army stand in the way of a victory that would unite the two countries and provide Henry with a queen (Emma Thompson). However, his sheer determination and his impassioned speeches ready his men for the bloodiest of battles -- Agincourt.",100.0,RottenTomatoes
The Lord of the Rings: The Two Towers,2002,"The sequel to the Golden Globe-nominated and AFI Award-winning ""The Lord of the Rings: The Fellowship of the Ring,"" ""The Two Towers"" follows the continuing quest of Frodo (Elijah Wood) and the Fellowship to destroy the One Ring. Frodo and Sam (Sean Astin) discover they are being followed by the mysterious Gollum. Aragorn (Viggo Mortensen), the Elf archer Legolas and Gimli the Dwarf encounter the besieged Rohan kingdom, whose once great King Theoden has fallen under Saruman's deadly spell.",95.0,RottenTomatoes
Captain America: The Winter Soldier,2014,"After the cataclysmic events in New York with his fellow Avengers, Steve Rogers, aka Captain America (Chris Evans), lives in the nation's capital as he tries to adjust to modern times. An attack on a S.H.I.E.L.D. colleague throws Rogers into a web of intrigue that places the whole world at risk. Joining forces with the Black Widow (Scarlett Johansson) and a new ally, the Falcon, Rogers struggles to expose an ever-widening conspiracy, but he and his team soon come up against an unexpected enemy.",90.0,RottenTomatoes
Back to the Future,1985,"In this 1980s sci-fi classic, small-town California teen Marty McFly (Michael J. Fox) is thrown back into the '50s when an experiment by his eccentric scientist friend Doc Brown (Christopher Lloyd) goes awry. Traveling through time in a modified DeLorean car, Marty encounters young versions of his parents (Crispin Glover, Lea Thompson), and must make sure that they fall in love or he'll cease to exist. Even more dauntingly, Marty has to return to his own time and save the life of Doc Brown.",96.0,RottenTomatoes
Assault on Precinct 13,1976,"When the LAPD kills several members of the South Central gang Street Thunder, the remaining members avenge themselves by way of a bloody war waged against cops and citizens alike. Caught in the crossfire is Lt. Ethan Bishop (Austin Stoker), who's managing a skeleton crew at the local and soon-to-be-closed police precinct. As the gang members close in, Bishop forms an unlikely alliance with a group of prisoners in order to defend the station and the lives of everyone in it.",98.0,RottenTomatoes
The Searchers,1956,"In this revered Western, Ethan Edwards (John Wayne) returns home to Texas after the Civil War. When members of his brother's family are killed or abducted by Comanches, he vows to track down his surviving relatives and bring them home. Eventually, Edwards gets word that his niece Debbie (Natalie Wood) is alive, and, along with her adopted brother, Martin Pawley (Jeffrey Hunter), he embarks on a dangerous mission to find her, journeying deep into Comanche territory.",96.0,RottenTomatoes
Deadpool 2,2018,"Wisecracking mercenary Deadpool meets Russell, an angry teenage mutant who lives at an orphanage. When Russell becomes the target of Cable -- a genetically enhanced soldier from the future -- Deadpool realizes that he'll need some help saving the boy from such a superior enemy. He soon joins forces with Bedlam, Shatterstar, Domino and other powerful mutants to protect young Russell from Cable and his advanced weaponry.",84.0,RottenTomatoes
Aguirre: The Wrath of God,1972,"Don Lope de Aguirre (Klaus Kinski), a ruthless Spanish conquistador, vies for power while part of an expedition in Peru to find El Dorado, the mythical seven cities of gold. Accompanied by his daughter, Flores (Cecilia Rivera), Aguirre faces off against his superior, Don Pedro de Ursua (Ruy Guerra), and grows increasingly volatile after seizing control of the group. As Aguirre presses deeper into the Amazonian jungle, he descends further into madness.",96.0,RottenTomatoes
"Crouching Tiger, Hidden Dragon",2000,"In 19th century Qing Dynasty China, a warrior (Chow Yun-Fat) gives his sword, Green Destiny, to his lover (Michelle Yeoh) to deliver to safe keeping, but it is stolen, and the chase is on to find it. The search leads to the House of Yu where the story takes on a whole different level.",97.0,RottenTomatoes
The Fugitive,1993,"Wrongfully accused of murdering his wife, Richard Kimble (Harrison Ford) escapes from the law in an attempt to find her killer and clear his name. Pursuing him is a team of U.S. marshals led by Deputy Samuel Gerard (Tommy Lee Jones), a determined detective who will not rest until Richard is captured. As Richard leads the team through a series of intricate chases, he discovers the secrets behind his wife's death and struggles to expose the killer before it is too late.",96.0,RottenTomatoes
Apollo 13,1995,"This Hollywood drama is based on the events of the Apollo 13 lunar mission, astronauts Jim Lovell (Tom Hanks), Fred Haise (Bill Paxton) and Jack Swigert (Kevin Bacon) find everything going according to plan after leaving Earth's orbit. However, when an oxygen tank explodes, the scheduled moon landing is called off. Subsequent tensions within the crew and numerous technical problems threaten both the astronauts' survival and their safe return to Earth.",96.0,RottenTomatoes
The Lion King,1994,"This Disney animated feature follows the adventures of the young lion Simba (Jonathan Taylor Thomas), the heir of his father, Mufasa (James Earl Jones). Simba's wicked uncle, Scar (Jeremy Irons), plots to usurp Mufasa's throne by luring father and son into a stampede of wildebeests. But Simba escapes, and only Mufasa is killed. Simba returns as an adult (Matthew Broderick) to take back his homeland from Scar with the help of his friends Timon (Nathan Lane) and Pumbaa (Ernie Sabella).",93.0,RottenTomatoes
Bullitt,1968,"Senator Walter Chalmers (Robert Vaughn) is aiming to take down mob boss Pete Ross (Vic Tayback) with the help of testimony from the criminal's hothead brother Johnny (Pat Renella), who is in protective custody in San Francisco under the watch of police lieutenant Frank Bullitt (Steve McQueen). When a pair of mob hitmen enter the scene, Bullitt follows their trail through a maze of complications and double-crosses. This thriller includes one of the most famous car chases ever filmed.",98.0,RottenTomatoes
Catch Me if You Can,2002,"Frank Abagnale, Jr. (Leonardo DiCaprio) worked as a doctor, a lawyer, and as a co-pilot for a major airline -- all before his 18th birthday. A master of deception, he was also a brilliant forger, whose skill gave him his first real claim to fame: At the age of 17, Frank Abagnale, Jr. became the most successful bank robber in the history of the U.S. FBI Agent Carl Hanratty (Tom Hanks) makes it his prime mission to capture Frank and bring him to justice, but Frank is always one step ahead of him.",96.0,RottenTomatoes
Annihilation,2018,"Lena, a biologist and former soldier, joins a mission to uncover what happened to her husband inside Area X -- a sinister and mysterious phenomenon that is expanding across the American coastline. Once inside, the expedition discovers a world of mutated landscapes and creatures, as dangerous as it is beautiful, that threatens both their lives and their sanity.",88.0,RottenTomatoes
Who Framed Roger Rabbit,1988,"Down-on-his-luck private eye Eddie Valiant (Bob Hoskins) gets hired by cartoon producer R.K. Maroon (Alan Tilvern) to investigate an adultery scandal involving Jessica Rabbit (Kathleen Turner), the sultry wife of Maroon's biggest star, Roger Rabbit (Charles Fleischer). But when Marvin Acme (Stubby Kaye), Jessica's alleged paramour and the owner of Toontown, is found murdered, the villainous Judge Doom (Christopher Lloyd) vows to catch and destroy Roger.",97.0,RottenTomatoes
Toy Story 4,2019,"Woody, Buzz Lightyear and the rest of the gang embark on a road trip with Bonnie and a new toy named Forky. The adventurous journey turns into an unexpected reunion as Woody's slight detour leads him to his long-lost friend Bo Peep. As Woody and Bo discuss the old days, they soon start to realize that they're worlds apart when it comes to what they want from life as a toy.",97.0,RottenTomatoes
Spider-Man: Into the Spider-Verse,2018,"Bitten by a radioactive spider in the subway, Brooklyn teenager Miles Morales suddenly develops mysterious powers that transform him into the one and only Spider-Man. When he meets Peter Parker, he soon realizes that there are many others who share his special, high-flying talents. Miles must now use his newfound skills to battle the evil Kingpin, a hulking madman who can open portals to other universes and pull different versions of Spider-Man into our world.",97.0,RottenTomatoes
Inside Out,2015,"Riley (Kaitlyn Dias) is a happy, hockey-loving 11-year-old Midwestern girl, but her world turns upside-down when she and her parents move to San Francisco. Riley's emotions -- led by Joy (Amy Poehler) -- try to guide her through this difficult, life-changing event. However, the stress of the move brings Sadness (Phyllis Smith) to the forefront. When Joy and Sadness are inadvertently swept into the far reaches of Riley's mind, the only emotions left in Headquarters are Anger, Fear and Disgust.",98.0,RottenTomatoes
Coco,2017,"Despite his family's generations-old ban on music, young Miguel dreams of becoming an accomplished musician like his idol Ernesto de la Cruz. Desperate to prove his talent, Miguel finds himself in the stunning and colorful Land of the Dead. After meeting a charming trickster named Héctor, the two new friends embark on an extraordinary journey to unlock the real story behind Miguel's family history.",97.0,RottenTomatoes
Snow White and the Seven Dwarfs,1937,"The Grimm fairy tale gets a Technicolor treatment in Disney's first animated feature. Jealous of Snow White's beauty, the wicked queen orders the murder of her innocent stepdaughter, but later discovers that Snow White is still alive and hiding in a cottage with seven friendly little miners. Disguising herself as a hag, the queen brings a poisoned apple to Snow White, who falls into a death-like sleep that can be broken only by a kiss from the prince.",98.0,RottenTomatoes
Paddington 2,2017,"Settled in with the Brown family, Paddington the bear is a popular member of the community who spreads joy and marmalade wherever he goes. One fine day, he spots a pop-up book in an antique shop -- the perfect present for his beloved aunt's 100th birthday. When a thief steals the prized book, Paddington embarks on an epic quest to unmask the culprit before Aunt Lucy's big celebration.",100.0,RottenTomatoes
Incredibles 2,2018,"Telecommunications guru Winston Deavor enlists Elastigirl to fight crime and make the public fall in love with superheroes once again. That leaves Mr. Incredible with one of his greatest challenges ever -- staying home and taking care of three rambunctious children. As Violet, Dash and Jack-Jack offer him a new set of headaches, a cybercriminal named Screenslaver launches his dastardly plan -- hypnotizing the world through computer screens.",93.0,RottenTomatoes
Zootopia,2016,"From the largest elephant to the smallest shrew, the city of Zootopia is a mammal metropolis where various animals live and thrive. When Judy Hopps (Ginnifer Goodwin) becomes the first rabbit to join the police force, she quickly learns how tough it is to enforce the law. Determined to prove herself, Judy jumps at the opportunity to solve a mysterious case. Unfortunately, that means working with Nick Wilde (Jason Bateman), a wily fox who makes her job even harder.",98.0,RottenTomatoes
Up,2009,"Carl Fredricksen (Ed Asner), a 78-year-old balloon salesman, is about to fulfill a lifelong dream. Tying thousands of balloons to his house, he flies away to the South American wilderness. But curmudgeonly Carl's worst nightmare comes true when he discovers a little boy named Russell is a stowaway aboard the balloon-powered house.",98.0,RottenTomatoes
Toy Story 3,2010,"With their beloved Andy preparing to leave for college, Woody (Tom Hanks), Buzz Lightyear (Tim Allen), Jessie (Joan Cusack), and the rest of the toys find themselves headed for the attic but mistakenly wind up on the curb with the trash. Woody's quick thinking saves the gang, but all but Woody end up being donated to a day-care center. Unfortunately, the uncontrollable kids do not play nice, so Woody and the gang make plans for a great escape.",98.0,RottenTomatoes
Toy Story 2,1999,"Woody (Tom Hanks) is stolen from his home by toy dealer Al McWhiggin (Wayne Knight), leaving Buzz Lightyear (Tim Allen) and the rest of the gang to try to rescue him. But when Woody discovers that he's actually a valuable collectible from a once-popular television show called ""Woody's Roundup"" and is reunited with his horse Bullseye, Jessie the yodeling cowgirl (Joan Cusack) and his faithful sidekick, Stinky Pete the Prospector (Kelsey Grammer), he doesn't want to leave.",100.0,RottenTomatoes
Pinocchio,1940,"When the woodworker Geppetto (Christian Rub) sees a falling star, he wishes that the puppet he just finished, Pinocchio (Dickie Jones), could become a real boy. In the night, the Blue Fairy (Evelyn Venable) grants Geppetto's wish and asks Jiminy Cricket (Cliff Edwards) to serve as the wooden boy's conscience. But the naive and trusting Pinocchio falls into the clutches of the wicked Honest John (Walter Catlett), who leads him astray to the sinful Pleasure Island.",100.0,RottenTomatoes
Finding Dory,2016,"Dory (Ellen DeGeneres) is a wide-eyed, blue tang fish who suffers from memory loss every 10 seconds or so. The one thing she can remember is that she somehow became separated from her parents as a child. With help from her friends Nemo and Marlin, Dory embarks on an epic adventure to find them. Her journey brings her to the Marine Life Institute, a conservatory that houses diverse ocean species. Dory now knows that her family reunion will only happen if she can save mom and dad from captivity.",94.0,RottenTomatoes
Finding Nemo,2003,"Marlin (Albert Brooks), a clown fish, is overly cautious with his son, Nemo (Alexander Gould), who has a foreshortened fin. When Nemo swims too close to the surface to prove himself, he is caught by a diver, and horrified Marlin must set out to find him. A blue reef fish named Dory (Ellen DeGeneres) -- who has a really short memory -- joins Marlin and complicates the encounters with sharks, jellyfish, and a host of ocean dangers. Meanwhile, Nemo plots his escape from a dentist's fish tank.",99.0,RottenTomatoes
The LEGO Movie,2014,"Emmet (Chris Pratt), an ordinary LEGO figurine who always follows the rules, is mistakenly identified as the Special -- an extraordinary being and the key to saving the world. He finds himself drafted into a fellowship of strangers who are on a mission to stop an evil tyrant's (Will Ferrell) plans to conquer the world. Unfortunately for Emmet, he is hopelessly -- and hilariously -- unprepared for such a task, but he'll give it his all nonetheless.",96.0,RottenTomatoes
Moana,2016,"An adventurous teenager sails out on a daring mission to save her people. During her journey, Moana meets the once-mighty demigod Maui, who guides her in her quest to become a master way-finder. Together they sail across the open ocean on an action-packed voyage, encountering enormous monsters and impossible odds. Along the way, Moana fulfills the ancient quest of her ancestors and discovers the one thing she always sought: her own identity.",95.0,RottenTomatoes
Toy Story,1995,"Woody (Tom Hanks), a good-hearted cowboy doll who belongs to a young boy named Andy (John Morris), sees his position as Andy's favorite toy jeopardized when his parents buy him a Buzz Lightyear (Tim Allen) action figure. Even worse, the arrogant Buzz thinks he's a real spaceman on a mission to return to his home planet. When Andy's family moves to a new house, Woody and Buzz must escape the clutches of maladjusted neighbor Sid Phillips (Erik von Detten) and reunite with their boy.",100.0,RottenTomatoes
Isle of Dogs,2018,"When, by executive decree, all the canine pets of Megasaki City are exiled to a vast garbage-dump called Trash Island, 12-year-old Atari sets off alone in a miniature Junior-Turbo Prop and flies across the river in search of his bodyguard-dog, Spots. There, with the assistance of a pack of newly-found mongrel friends, he begins an epic journey that will decide the fate and future of the entire Prefecture.",90.0,RottenTomatoes
Kubo and the Two Strings,2016,"Young Kubo's (Art Parkinson) peaceful existence comes crashing down when he accidentally summons a vengeful spirit from the past. Now on the run, Kubo joins forces with Monkey (Charlize Theron) and Beetle (Matthew McConaughey) to unlock a secret legacy. Armed with a magical instrument, Kubo must battle the Moon King (Ralph Fiennes) and other gods and monsters to save his family and solve the mystery of his fallen father, the greatest samurai warrior the world has ever known.",97.0,RottenTomatoes
How to Train Your Dragon,2010,"Hiccup (Jay Baruchel) is a Norse teenager from the island of Berk, where fighting dragons is a way of life. His progressive views and weird sense of humor make him a misfit, despite the fact that his father (Gerard Butler) is chief of the clan. Tossed into dragon-fighting school, he endeavors to prove himself as a true Viking, but when he befriends an injured dragon he names Toothless, he has the chance to plot a new course for his people's future.",99.0,RottenTomatoes
Shaun the Sheep Movie,2015,"All is well at Mossy Bottom Farm, except for the fact that the animals will do anything to get out of work. So, Shaun the sheep and his scheming friends devise a plan to put their master to sleep. However, the ruse backfires when the poor farmer finds himself transported to the big city, having lost his memory. Now, it's up to Sean, Timmy the lamb, Shirley the ewe and the rest of the gang to travel to the metropolis and get him back, while not landing in even more trouble themselves.",99.0,RottenTomatoes
WALL-E,2008,"WALL-E, short for Waste Allocation Load Lifter Earth-class, is the last robot left on Earth. He spends his days tidying up the planet, one piece of garbage at a time. But during 700 years, WALL-E has developed a personality, and he's more than a little lonely. Then he spots EVE (Elissa Knight), a sleek and shapely probe sent back to Earth on a scanning mission. Smitten WALL-E embarks on his greatest adventure yet when he follows EVE across the galaxy.",95.0,RottenTomatoes
Dumbo,1941,"A young circus elephant is born with comically large ears and given the cruel nickname Dumbo. One day at a show, he is taunted by a group of kids, inciting his mother into a rage that gets her locked up. After Dumbo's ears cause an accident that injures many of the other elephants, he is made to dress like a clown and perform dangerous stunts. Everything changes when Dumbo discovers that his enormous ears actually allow him to fly, and he astounds everyone at the circus with his new talent.",98.0,RottenTomatoes
Ratatouille,2007,"Remy (Patton Oswalt), a resident of Paris, appreciates good food and has quite a sophisticated palate. He would love to become a chef so he can create and enjoy culinary masterpieces to his heart's delight. The only problem is, Remy is a rat. When he winds up in the sewer beneath one of Paris' finest restaurants, the rodent gourmet finds himself ideally placed to realize his dream.",96.0,RottenTomatoes
My Life as a Zucchini,2016,A police officer (Nick Offerman) and some new friends help an orphan adjust to life at a foster home.,99.0,RottenTomatoes
The Incredibles,2004,"In this lauded Pixar animated film, married superheroes Mr. Incredible (Craig T. Nelson) and Elastigirl (Holly Hunter) are forced to assume mundane lives as Bob and Helen Parr after all super-powered activities have been banned by the government. While Mr. Incredible loves his wife and kids, he longs to return to a life of adventure, and he gets a chance when summoned to an island to battle an out-of-control robot. Soon, Mr. Incredible is in trouble, and it's up to his family to save him.",97.0,RottenTomatoes
Only Yesterday,1991,A put-upon 27-year-old Japanese office worker travels to the countryside and reminisces about her childhood in Tokyo and what life could have been.,100.0,RottenTomatoes
The LEGO Batman Movie,2017,"There are big changes brewing in Gotham, but if Batman (Will Arnett) wants to save the city from the Joker's (Zach Galifianakis) hostile takeover, he may have to drop the lone vigilante thing, try to work with others and maybe, just maybe, learn to lighten up. Maybe his superhero sidekick Robin (Michael Cera) and loyal butler Alfred (Ralph Fiennes) can show him a thing or two.",90.0,RottenTomatoes
One Hundred and One Dalmatians,1961,"In a Disney animation classic, Dalmatian Pongo is tired of his bachelor-dog life. He spies lovely Perdita and maneuvers his master, Roger, into meeting Perdita's owner, Anita. The owners fall in love and marry, keeping Pongo and Perdita together too. After Perdita gives birth to a litter of 15 puppies, Anita's old school friend Cruella De Vil wants to buy them all. Roger declines her offer, so Cruella hires the criminal Badun brothers to steal them -- so she can have a fur coat.",98.0,RottenTomatoes
Beauty and the Beast,1991,"An arrogant young prince (Robby Benson) and his castle's servants fall under the spell of a wicked enchantress, who turns him into the hideous Beast until he learns to love and be loved in return. The spirited, headstrong village girl Belle (Paige O'Hara) enters the Beast's castle after he imprisons her father Maurice (Rex Everhart). With the help of his enchanted servants, including the matronly Mrs. Potts (Angela Lansbury), Belle begins to draw the cold-hearted Beast out of his isolation.",94.0,RottenTomatoes
Chicken Run,2000,"This engaging stop-motion, claymation adventure tells the story of an American rooster who falls in love with a gorgeous hen on a British farm. The couple decides to run away from the farm, but they must first contend with the evil farmer who is intent on keeping them under her control. The chickens decide to attempt an escape so they don't get turned into chicken pot pies.",97.0,RottenTomatoes
Onward,2020,"Teenage elf brothers Ian and Barley embark on a magical quest to spend one more day with their late father. Like any good adventure, their journey is filled with cryptic maps, impossible obstacles and unimaginable discoveries. But when dear Mom finds out her sons are missing, she teams up with the legendary manticore to bring her beloved boys back home.",88.0,RottenTomatoes
The Nightmare Before Christmas,1993,"The film follows the misadventures of Jack Skellington, Halloweentown's beloved pumpkin king, who has become bored with the same annual routine of frightening people in the ""real world."" When Jack accidentally stumbles on Christmastown, all bright colors and warm spirits, he gets a new lease on life -- he plots to bring Christmas under his control by kidnapping Santa Claus and taking over the role. But Jack soon discovers even the best-laid plans of mice and skeleton men can go seriously awry.",95.0,RottenTomatoes
Anomalisa,2015,An inspirational speaker (David Thewlis) becomes reinvigorated after meeting a lively woman (Jennifer Jason Leigh) who shakes up his mundane existence.,92.0,RottenTomatoes
"Monsters, Inc.",2001,"Monsters Incorporated is the largest scare factory in the monster world, and James P. Sullivan (John Goodman) is one of its top scarers. Sullivan is a huge, intimidating monster with blue fur, large purple spots and horns. His scare assistant, best friend and roommate is Mike Wazowski (Billy Crystal), a green, opinionated, feisty little one-eyed monster. Visiting from the human world is Boo (Mary Gibbs), a tiny girl who goes where no human has ever gone before.",96.0,RottenTomatoes
Grave of the Fireflies,1988,A teenager (J. Robert Spencer) is charged with the care of his younger sister (Rhoda Chrosite) after an Allied firebombing during World War II destroys their home and kills their mother.,100.0,RottenTomatoes
Fantasia,1940,"Released in 1940, represented Disney's boldest experiment to date. Bringing to life his vision of blending animated imagery with classical music. What had begun as a vehicle to enhance Mickey Mouse's career blossomed into a full-blown feature that remains unique in the history of animation.",95.0,RottenTomatoes
Your Name,2016,A teenage boy and girl embark on a quest to meet each other for the first time after they magically swap bodies.,98.0,RottenTomatoes
Spirited Away,2001,"10-year-old Chihiro (Daveigh Chase) moves with her parents to a new home in the Japanese countryside. After taking a wrong turn down a wooded path, Chihiro and her parents discover an amusement park with a stall containing an assortment of food. To her surprise, Chihiro's parents begin eating and then transform into pigs. In this supernatural realm, Chihiro encounters a host of characters and endures labor in a bathhouse for spirits, awaiting a reunion with her parents.",97.0,RottenTomatoes
The Iron Giant,1999,"In this animated adaptation of Ted Hughes' Cold War fable, a giant alien robot (Vin Diesel) crash-lands near the small town of Rockwell, Maine, in 1957. Exploring the area, a local 9-year-old boy, Hogarth, discovers the robot, and soon forms an unlikely friendship with him. When a paranoid government agent, Kent Mansley, becomes determined to destroy the robot, Hogarth and beatnik Dean McCoppin (Harry Connick Jr.) must do what they can to save the misunderstood machine.",96.0,RottenTomatoes
Song of the Sea,2014,An Irish youth (David Rawle) discovers that his mute sister is a selkie who must find her voice and free supernatural creatures from the spell of a Celtic goddess (Fionnula Flanagan).,99.0,RottenTomatoes
Tower,2016,"On Aug. 1, 1966, a sniper rode the elevator to the top floor of the University of Texas Tower and opened fire, holding the campus hostage for 96 minutes. When the gunshots were finally silenced, the toll included 16 dead, three dozen wounded, and a shaken nation left trying to understand what had happened. Archival footage is combined with rotoscopic animation in a dynamic, never-before-seen way to illustrate the action-packed untold stories of the witnesses, heroes and survivors.",99.0,RottenTomatoes
The Lion King,1994,"This Disney animated feature follows the adventures of the young lion Simba (Jonathan Taylor Thomas), the heir of his father, Mufasa (James Earl Jones). Simba's wicked uncle, Scar (Jeremy Irons), plots to usurp Mufasa's throne by luring father and son into a stampede of wildebeests. But Simba escapes, and only Mufasa is killed. Simba returns as an adult (Matthew Broderick) to take back his homeland from Scar with the help of his friends Timon (Nathan Lane) and Pumbaa (Ernie Sabella).",93.0,RottenTomatoes
Who Framed Roger Rabbit,1988,"Down-on-his-luck private eye Eddie Valiant (Bob Hoskins) gets hired by cartoon producer R.K. Maroon (Alan Tilvern) to investigate an adultery scandal involving Jessica Rabbit (Kathleen Turner), the sultry wife of Maroon's biggest star, Roger Rabbit (Charles Fleischer). But when Marvin Acme (Stubby Kaye), Jessica's alleged paramour and the owner of Toontown, is found murdered, the villainous Judge Doom (Christopher Lloyd) vows to catch and destroy Roger.",97.0,RottenTomatoes
Waltz With Bashir,2008,"Israeli filmmaker Ari Folman wrote, directed and stars in this autobiographical animated film. As a 19-year-old infantry soldier in the 1982 war with Lebanon, Folman witnessed the Sabra and Shatila massacre, but realizes that he has no memory of the event. In 2006, he seeks out others who were in Beirut at the time to discuss their memories, including a psychologist specializing in post-traumatic stress disorders and the first journalist to cover the massacre.",96.0,RottenTomatoes
How to Train Your Dragon: The Hidden World,2019,"When the sudden appearance of a female Light Fury coincides with the darkest threat their village has ever faced, Hiccup and Toothless must journey to a hidden world thought only to exist in myth. The two friends will soon discover their true destinies as dragon and rider fight together to protect everything they've grown to treasure.",90.0,RottenTomatoes
Persepolis,2007,"Based on Satrapi's graphic novel about her life in pre and post-revolutionary Iran and then in Europe. The film traces Satrapi's growth from child to rebellious, punk-loving teenager in Iran. In the background are the growing tensions of the political climate in Iran in the 70s and 80s, with members of her liberal-leaning family detained and then executed, and the background of the disastrous Iran/Iraq war.",96.0,RottenTomatoes
Yellow Submarine,1968,"The music-loving inhabitants of Pepperland are under siege by the Blue Meanies, a nasty group of music-hating creatures. The Lord Mayor of Pepperland (Dick Emery) dispatches sailor Old Fred (Lance Percival) to Liverpool, England, where he is to recruit the help of the Beatles (John Lennon, Paul McCartney, George Harrison, Ringo Starr). The sympathetic Beatles ride a yellow submarine to the occupied Pepperland, where the Blue Meanies have no chance against the Fab Four's groovy tunes.",95.0,RottenTomatoes
Fantastic Mr. Fox,2009,"After 12 years of bucolic bliss, Mr. Fox (George Clooney) breaks a promise to his wife (Meryl Streep) and raids the farms of their human neighbors, Boggis, Bunce and Bean. Giving in to his animal instincts endangers not only his marriage but also the lives of his family and their animal friends. When the farmers force Mr. Fox and company deep underground, he has to resort to his natural craftiness to rise above the opposition.",93.0,RottenTomatoes
Kiki's Delivery Service,1989,"In this anime feature, 13-year-old Kiki moves to a seaside town with her talking cat, Jiji, to spend a year alone, in accordance with her village's tradition for witches in training. After learning to control her broomstick, Kiki sets up a flying courier service and soon becomes a fixture in the community. But when the insecure young witch begins questioning herself and loses her magic abilities, she must overcome her self-doubt to get her powers back.",98.0,RottenTomatoes
Aladdin,1992,"When street rat Aladdin frees a genie from a lamp, he finds his wishes granted. However, he soon finds that the evil has other plans for the lamp -- and for Princess Jasmine. But can Aladdin save Princess Jasmine and his love for her after she sees that he isn't quite what he appears to be?",95.0,RottenTomatoes
The Secret World of Arrietty,2010,"Arrietty, a tiny teenager, lives with her parents in the recesses of a suburban home, unbeknown to the homeowner and housekeeper. Like others of her kind, Arrietty remains hidden from her human hosts, but occasionally ventures forth from beneath the floorboards to borrow sugar cubes and other supplies. A secret friendship forms when 12-year-old Shawn meets Arrietty, but their relationship could spell danger for Arrietty's family.",95.0,RottenTomatoes
Frozen,2013,"When their kingdom becomes trapped in perpetual winter, fearless Anna (Kristen Bell) joins forces with mountaineer Kristoff (Jonathan Groff) and his reindeer sidekick to find Anna's sister, Snow Queen Elsa (Idina Menzel), and break her icy spell. Although their epic journey leads them to encounters with mystical trolls, a comedic snowman (Josh Gad), harsh conditions, and magic at every turn, Anna and Kristoff bravely push onward in a race to save their kingdom from winter's cold grip.",90.0,RottenTomatoes
Ralph Breaks the Internet,2018,"Video game bad guy Ralph and fellow misfit Vanellope von Schweetz must risk it all by traveling to the World Wide Web in search of a replacement part to save Vanellope's video game, ""Sugar Rush."" In way over their heads, Ralph and Vanellope rely on the citizens of the internet -- the netizens -- to help navigate their way, including an entrepreneur named Yesss, who is the head algorithm and the heart and soul of trend-making site BuzzzTube.",88.0,RottenTomatoes
The Red Turtle,2016,A massive sea turtle destroys a stranded man's raft every time he tries to sail away from a tropical island.,93.0,RottenTomatoes
Long Way North,2015,"In the 19th century, a young Russian girl (Christa Théret) embarks on an adventure-filled quest to find her grandfather at the North Pole.",98.0,RottenTomatoes
How to Train Your Dragon 2,2014,"Five years have passed since Hiccup and Toothless united the dragons and Vikings of Berk. Now, they spend their time charting the island's unmapped territories. During one of their adventures, the pair discover a secret cave that houses hundreds of wild dragons -- and a mysterious dragon rider who turns out to be Hiccup's long-lost mother, Valka (Cate Blanchett). Hiccup and Toothless then find themselves at the center of a battle to protect Berk from a power-hungry warrior named Drago.",92.0,RottenTomatoes
Coraline,2009,"While exploring her new home, a girl named Coraline (Dakota Fanning) discovers a secret door, behind which lies an alternate world that closely mirrors her own but, in many ways, is better. She rejoices in her discovery, until Other Mother (Teri Hatcher) and the rest of her parallel family try to keep her there forever. Coraline must use all her resources and bravery to make it back to her own family and life.",90.0,RottenTomatoes
Ghost in the Shell,1996,"In this Japanese animation, cyborg federal agent Maj. Motoko Kusanagi (Mimi Woods) trails ""The Puppet Master"" (Abe Lasser), who illegally hacks into the computerized minds of cyborg-human hybrids. Her pursuit of a man who can modify the identity of strangers leaves Motoko pondering her own makeup and what life might be like if she had more human traits. With her partner (Richard George), she corners the hacker, but her curiosity about her identity sends the case in an unforeseen direction.",96.0,RottenTomatoes
The Breadwinner,2017,"Parvana is an 11-year-old girl who lives under Taliban rule in Afghanistan in 2001. After the wrongful arrest of her father, Parvana cuts off her hair and dresses like a boy to support her family. Working alongside a friend, she soon discovers a new world of freedom and danger. Drawing strength from the fantastical stories she invents, Parvana embarks on an epic quest to find her father and reunite her family.",95.0,RottenTomatoes
I Lost My Body,2019,"A severed hand escapes from a dissection lab, determined to find its body again.",96.0,RottenTomatoes
A Shaun the Sheep Movie: Farmageddon,2019,The continuing adventures of Shaun the sheep and friends.,96.0,RottenTomatoes
The Little Mermaid,1989,"In Disney's beguiling animated romp, rebellious 16-year-old mermaid Ariel (Jodi Benson) is fascinated with life on land. On one of her visits to the surface, which are forbidden by her controlling father, King Triton, she falls for a human prince. Determined to be with her new love, Ariel makes a dangerous deal with the sea witch Ursula (Pat Carroll) to become human for three days. But when plans go awry for the star-crossed lovers, the king must make the ultimate sacrifice for his daughter.",93.0,RottenTomatoes
Lady and the Tramp,1955,"This Disney animated classic follows a pampered cocker spaniel named Lady (Barbara Luddy) whose comfortable life slips away once her owners have a baby. When, after some tense circumstances, Lady finds herself on the loose and out on the street, she is befriended and protected by the tough stray mutt Tramp (Larry Roberts). A romance begins to blossom between the two dogs, but their many differences, along with more drama at Lady's household, threaten to keep them apart.",93.0,RottenTomatoes
The Triplets of Belleville,2003,"This animated film follows elderly Frenchwoman Madame Souza as she becomes involved in international intrigue when her grandson, Champion, a professional cyclist, is kidnapped and taken abroad. Joined by her faithful dog, Bruno, Souza embarks on a journey to find Champion, and stumbles across unlikely allies in the form of three sisters who are veterans of the vaudeville stage. Tracking down Champion's criminal captors, the quartet of old women use their wits to try and win the day.",94.0,RottenTomatoes
Big Hero 6,2014,"Robotics prodigy Hiro (Ryan Potter) lives in the city of San Fransokyo. Next to his older brother, Tadashi, Hiro's closest companion is Baymax (Scott Adsit), a robot whose sole purpose is to take care of people. When a devastating turn of events throws Hiro into the middle of a dangerous plot, he transforms Baymax and his other friends, Go Go Tamago (Jamie Chung), Wasabi (Damon Wayans Jr.), Honey Lemon (Genesis Rodriguez) and Fred (T.J. Miller) into a band of high-tech heroes.",89.0,RottenTomatoes
My Neighbor Totoro,1988,"This acclaimed animated tale by director Hayao Miyazaki follows schoolgirl Satsuke and her younger sister, Mei, as they settle into an old country house with their father and wait for their mother to recover from an illness in an area hospital. As the sisters explore their new home, they encounter and befriend playful spirits in their house and the nearby forest, most notably the massive cuddly creature known as Totoro.",94.0,RottenTomatoes
Princess Mononoke,1997,A prince becomes involved in the struggle between a forest princess and the encroachment of mechanization.,93.0,RottenTomatoes
Bambi,1942,"In a classic Disney animation, a fawn named Bambi joins his new friends, a young rabbit named Thumper and a skunk kit named Flower in happily exploring the woods. Bambi is captivated with a young doe named Faline, and he learns from his doting mother and his father -- the Great Prince of the Forest -- that besides the delights of the forest, there is danger in open meadows where hunters can see them. Though fear and tragedy touch Bambi's life, another spring brings renewal.",90.0,RottenTomatoes
Arthur Christmas,2011,"Everyone knows that, each Christmas, Santa Claus delivers presents to every last child on Earth. What everyone doesn't know is that Santa accomplishes the feat with a very high-tech operation beneath the North Pole. But when the unthinkable happens, and Santa misses one child out of hundreds of millions, someone has to save the day. It's up to Arthur (James McAvoy), Santa's youngest son, to deliver a present to the forgotten tyke before Christmas morning dawns.",92.0,RottenTomatoes
Antz,1998,"Z the worker ant (Woody Allen) strives to reconcile his own individuality with the communal work-ethic of the ant colony. He falls in love with ant-Princess Bala (Sharon Stone), Z strives to make social inroads, and then must save the ant colony from the treacherous scheming of the evil General Mandible (Gene Hackman) that threaten to wipe out the entire worker population.",92.0,RottenTomatoes
The LEGO Movie 2: The Second Part,2019,"The citizens of Bricksburg face a dangerous new threat when LEGO DUPLO invaders from outer space start to wreck everything in their path. The battle to defeat the enemy and restore harmony to the LEGO universe takes Emmet, Lucy, Batman and the rest of their friends to faraway, unexplored worlds that test their courage and creativity.",84.0,RottenTomatoes
A Bug's Life,1998,"Flik (Dave Foley) is an inventive ant who's always messing things up for his colony. His latest mishap was destroying the food stores that were supposed to be used to pay off grasshopper Hopper (Kevin Spacey). Now the strong-arming insect is demanding that the ants gather double the food -- or face annihilation. To avert disaster, Flik goes on a journey to recruit fighters to defend the colony. When he meets a band of high-flying circus insects, he thinks he's found his salvation.",92.0,RottenTomatoes
Mary and Max,2009,A lonely Australian girl (Toni Collette) and an elderly Jewish man (Philip Seymour Hoffman) in New York develop an unlikely friendship through letters.,95.0,RottenTomatoes
Ponyo,2008,"During a forbidden excursion to see the surface world, a goldfish princess encounters a human boy named Sosuke, who gives her the name Ponyo. Ponyo longs to become human, and as her friendship with Sosuke grows, she becomes more humanlike. Ponyo's father brings her back to their ocean kingdom, but so strong is Ponyo's wish to live on the surface that she breaks free, and in the process, spills a collection of magical elixirs that endanger Sosuke's village.",91.0,RottenTomatoes
Klaus,2019,A desperate postman accidentally brings about the genesis of Santa Claus.,94.0,RottenTomatoes
Teen Titans GO! to the Movies,2018,"It seems that all the major superheroes out there are starring in their own movies -- all but the Teen Titans. Robin is bound and determined to remedy that situation by becoming a star instead of a sidekick. With a few madcap ideas and a song in their hearts, the Teen Titans head to Hollywood to fulfill their dreams. Things soon go awry, however, when a supervillain plans to take over the planet -- putting the very fate of the young heroes on the line.",91.0,RottenTomatoes
Bolt,2008,"The days of canine superstar Bolt (John Travolta) are filled with danger and intrigue ... until the cameras stop rolling. But Bolt doesn't know that he's on a TV show; he thinks his amazing powers are real. When Bolt is accidentally shipped from his Hollywood soundstage to the mean streets of New York, he begins his most-amazing adventure: Armed only with his delusions and accompanied by a cat and a hamster, he sets out to to find his owner, Penny (Miley Cyrus).",89.0,RottenTomatoes
Tangled,2010,"When the kingdom's most-wanted bandit, Flynn Rider (Zachary Levi), hides in a convenient tower, he immediately becomes a captive of Rapunzel (Mandy Moore), the spire's longtime resident. Crowned with 70 feet of magical golden hair, she has been locked away for years and desperately wants freedom. The feisty teenager strikes a deal with Flynn, and together they begin a whirlwind adventure.",89.0,RottenTomatoes
Shrek 2,2004,"After returning from their honeymoon and showing home movies to their friends, Shrek and Fiona learn that her parents have heard that she has married her true love and wish to invite him to their kingdom, called Far Far Away. The catch is: Fiona's parents are unaware of the curse that struck their daughter and have assumed she married Prince Charming, not a 700-pound ogre with horrible hygiene and a talking donkey pal.",89.0,RottenTomatoes
ParaNorman,2012,"Young Norman Babcock (Kodi Smit-McPhee) has the ability to speak with the dead -- and he often prefers their company to that of the living. Norman receives word from his strange Uncle Prenderghast (John Goodman) that a centuries-old witch's curse on their town is real and about to come true -- and that only Norman can stop it. When zombies rise from their graves, Norman must summon all his courage and compassion and push his paranormal abilities to the limit to save his fellow townspeople.",89.0,RottenTomatoes
Frankenweenie,2012,"Young Victor Frankenstein (Charlie Tahan) is a science nerd and outsider at school, but he does have one good friend: his dog, Sparky. But then, tragedy strikes, and Sparky shuffles off this mortal coil. Victor is heartbroken, but his science teacher (Martin Landau) gives him an idea of how to jolt old Sparky back to life. The experiment is successful, and all goes well, until Victor's fellow students steal his secret and use it to resurrect other dead animals -- with monstrous consequences.",87.0,RottenTomatoes
James and the Giant Peach,1996,"Featuring stop-motion animation and live action, this inventive adaptation of Roald Dahl's beloved children's tale follows the adventures of James (Paul Terry), an orphaned young British boy. Forced to live with his cruel aunts (Joanna Lumley, Miriam Margolyes), James finds a way out of his bleak existence when he discovers an enormous enchanted peach. After rolling into the sea inside the buoyant fruit, James, accompanied by a crew of friendly talking insects, sets sail for New York City.",91.0,RottenTomatoes
Rango,2011,"A chameleon (Johnny Depp) who has lived as a sheltered family pet finds himself in the grip of an identity crisis. Rango wonders how to stand out when it is his nature to blend in. When he accidentally winds up in a frontier town called Dirt, he takes the first step on a transformational journey as the town's new sheriff. Though at first Rango only role-plays, a series of thrilling situations and outrageous encounters forces him to become a real hero.",88.0,RottenTomatoes
Shrek,2001,"Once upon a time, in a far away swamp, there lived an ogre named Shrek (Mike Myers) whose precious solitude is suddenly shattered by an invasion of annoying fairy tale characters. They were all banished from their kingdom by the evil Lord Farquaad (John Lithgow). Determined to save their home -- not to mention his -- Shrek cuts a deal with Farquaad and sets out to rescue Princess Fiona (Cameron Diaz) to be Farquaad's bride. Rescuing the Princess may be small compared to her deep, dark secret.",88.0,RottenTomatoes
Missing Link,2019,"Tired of living a solitary life in the Pacific Northwest, Mr. Link -- 8 feet tall and covered in fur -- recruits fearless explorer Sir Lionel Frost to guide him on a journey to find his long-lost relatives in the fabled valley of Shangri-La. Along with adventurer Adelina Fortnight, the trio encounters their fair share of peril as they travel to the far reaches of the world. Through it all, they learn that sometimes one can find a family in the places one least expects.",88.0,RottenTomatoes
The Wind Rises,2013,"A lifelong love of flight inspires Japanese aviation engineer Jiro Horikoshi, whose storied career includes the creation of the A-6M World War II fighter plane.",88.0,RottenTomatoes
Winnie the Pooh,2011,"Three stories inspired by A.A. Milne add up to a very busy day for Winnie the Pooh (Jim Cummings) and friends. Upon learning that Eeyore (Bud Luckey) has lost his tail, the residents of the Hundred Acre Wood start a contest to see who can find a new one for the melancholy donkey -- with a pot of honey going to the winner. Amid the goings-on, Owl (Craig Ferguson) mistakenly relates the news that Christopher Robin has been abducted. However, all ends well when Pooh finds a land of sweet delights.",91.0,RottenTomatoes
The Simpsons Movie,2007,"The combination of Homer (Dan Castellaneta), his new pet pig, and a leaky silo full of excrement triggers a disaster that threatens not just Springfield but the entire world. An angry mob descends on the Simpson home, splitting the family. With Earth's fate in the balance, Homer sets out on a quest for redemption in order to save the world and earn Marge's (Julie Kavner) forgiveness.",87.0,RottenTomatoes
Boy and the World,2013,A boy without a father leaves his village and explores a strange world.,93.0,RottenTomatoes
The Peanuts Movie,2015,"Life always seems complicated for good ol' Charlie Brown (Noah Schnapp), the boy who always tries his best against seemingly impossible odds. When the Little Red-Haired Girl moves into his neighborhood, Charlie Brown develops a crush on her. Meanwhile, his best friend Snoopy embarks on an epic adventure in a fantasy world. As a World War I flying ace, the lovable beagle pursues his nemesis, the Red Baron, while also trying to win the heart of a beautiful poodle named Fifi (Kristin Chenoweth).",87.0,RottenTomatoes
Millennium Actress,2001,"In this animated movie, filmmaker Genya Tachibana begins work on a documentary about famed Japanese actress Chiyoko Fujiwara. Now well into old age, Chiyoko has become reclusive and shy about any publicity, but she eventually warms up to Tachibana and starts to relate her life story. As the decades pass, Chiyoko is transformed from a teen with big dreams into a full-blown celebrity, while her cinematic characters span various eras, from ancient Japan to the distant future.",93.0,RottenTomatoes
When Marnie Was There,2014,A tomboy (Hailee Steinfeld) explores a long-abandoned villa and meets a mysterious blonde girl only she can see.,91.0,RottenTomatoes
Kung Fu Panda,2008,"Po the panda (Jack Black) works in his family's noodle shop and dreams of becoming a kung-fu master. His dream becomes a reality when, unexpectedly, he must fulfill an ancient prophecy and study the skills with his idols, the Furious Five. Po needs all the wisdom, strength and ability he can muster to protect his people from an evil snow leopard.",87.0,RottenTomatoes
Sleeping Beauty,1959,"Filled with jealousy, the evil witch Maleficent (Eleanor Audley) curses Princess Aurora (Mary Costa) to die on her 16th birthday. Thanks to Aurora's guardian fairies (Verna Felton, Barbara Jo Allen, Barbara Luddy), she only falls into a deep sleep that can be ended with a kiss from her betrothed, Prince Phillip (Bill Shirley). To prevent Phillip from rescuing Aurora, Maleficent kidnaps and imprisons him. The good fairies are the last hope to free Phillip so that he can awaken Aurora.",89.0,RottenTomatoes
Wreck-It Ralph,2012,"Arcade-game character Wreck-It Ralph (John C. Reilly) is tired of always being the ""bad guy"" and losing to his ""good guy"" opponent, Fix-It Felix (Jack McBrayer). Finally, after decades of seeing all the glory go to Felix, Ralph decides to take matters into his own hands. He sets off on a game-hopping trip to prove that he has what it takes to be a hero. However, while on his quest, Ralph accidentally unleashes a deadly enemy that threatens the entire arcade.",87.0,RottenTomatoes
Kung Fu Panda 3,2016,"Living large and loving life, Po (Jack Black) realizes that he has a lot to learn if he's going to fulfill the next challenge from his beloved instructor (Dustin Hoffman). After reuniting with his long-lost father (Bryan Cranston), Po must transition from student to teacher and train a group of fun-loving, clumsy pandas to become martial-arts fighters. Together, the kung-fu brethren unite to take on the evil Kai (J.K. Simmons), a supernatural warrior who becomes stronger with each battle.",87.0,RottenTomatoes
The Illusionist,2010,"Magic tricks can't compete with rock 'n' roll in the 1950s, so a French illusionist (Jean-Claude Donda) finds himself touring Scotland's shabby pubs and run-down restaurants. But things brighten for him when he meets Alice (Eilidh Rankin), a girl who believes his powers are real. Together they travel to Edinburgh for a performance, but he doesn't have the heart to reveal that his feats are merely tricks, and risks financial ruin by giving her gifts supplied by his ""magic.""",90.0,RottenTomatoes
Parasite,2019,Greed and class discrimination threaten the newly formed symbiotic relationship between the wealthy Park family and the destitute Kim clan.,98.0,RottenTomatoes
The Cabinet of Dr. Caligari,1919,"At a carnival in Germany, Francis (Friedrich Feher) and his friend Alan (Rudolf Lettinger) encounter the crazed Dr. Caligari (Werner Krauss). The men see Caligari showing off his somnambulist, Cesare (Conrad Veidt), a hypnotized man who the doctor claims can see into the future. Shockingly, Cesare then predicts Alan's death, and by morning his chilling prophecy has come true -- making Cesare the prime suspect. However, is Cesare guilty, or is the doctor controlling him?",99.0,RottenTomatoes
Grand Illusion,1937,"A group of French soldiers, including the patrician Captain de Boeldieu (Pierre Fresnay) and the working-class Lieutenant Maréchal (Jean Gabin), grapple with their own class differences after being captured and held in a World War I German prison camp. When the men are transferred to a high-security fortress, they must concoct a plan to escape beneath the watchful eye of aristocratic German officer von Rauffenstein (Erich von Stroheim), who has formed an unexpected bond with de Boeldieu.",97.0,RottenTomatoes
Nosferatu,1922,"In this highly influential silent horror film, the mysterious Count Orlok (Max Schreck) summons Thomas Hutter (Gustav von Wangenheim) to his remote Transylvanian castle in the mountains. The eerie Orlok seeks to buy a house near Hutter and his wife, Ellen (Greta Schroeder). After Orlok reveals his vampire nature, Hutter struggles to escape the castle, knowing that Ellen is in grave danger. Meanwhile Orlok's servant, Knock (Alexander Granach), prepares for his master to arrive at his new home.",97.0,RottenTomatoes
The Battle of Algiers,1966,"Paratrooper commander Colonel Mathieu (Jean Martin), a former French Resistance fighter during World War II, is sent to 1950s Algeria to reinforce efforts to squelch the uprisings of the Algerian War. There he faces Ali la Pointe (Brahim Haggiag), a former petty criminal who, as the leader of the Algerian Front de Liberation Nationale, directs terror strategies against the colonial French government occupation. As each side resorts to ever-increasing brutality, no violent act is too unthinkable.",99.0,RottenTomatoes
Seven Samurai,1954,"A samurai answers a village's request for protection after he falls on hard times. The town needs protection from bandits, so the samurai gathers six others to help him teach the people how to defend themselves, and the villagers provide the soldiers with food. A giant battle occurs when 40 bandits attack the village.",100.0,RottenTomatoes
Shoplifters,2018,"On the margins of Tokyo, a dysfunctional band of outsiders is united by fierce loyalty and a penchant for petty theft. When the young son is arrested, secrets are exposed that upend their tenuous, below-the-radar existence.",99.0,RottenTomatoes
Metropolis,1927,"This influential German science-fiction film presents a highly stylized futuristic city where a beautiful and cultured utopia exists above a bleak underworld populated by mistreated workers. When the privileged youth Freder (Gustav Fröhlich) discovers the grim scene under the city, he becomes intent on helping the workers. He befriends the rebellious teacher Maria (Brigitte Helm), but this puts him at odds with his authoritative father, leading to greater conflict.",97.0,RottenTomatoes
M,1931,"In this classic German thriller, Hans Beckert (Peter Lorre), a serial killer who preys on children, becomes the focus of a massive Berlin police manhunt. Beckert's heinous crimes are so repellant and disruptive to city life that he is even targeted by others in the seedy underworld network. With both cops and criminals in pursuit, the murderer soon realizes that people are on his trail, sending him into a tense, panicked attempt to escape justice.",100.0,RottenTomatoes
The 400 Blows,1959,"For young Parisian boy Antoine Doinel (Jean-Pierre Léaud), life is one difficult situation after another. Surrounded by inconsiderate adults, including his neglectful parents (Claire Maurier, Albert Remy), Antoine spends his days with his best friend, Rene (Patrick Auffray), trying to plan for a better life. When one of their schemes goes awry, Antoine ends up in trouble with the law, leading to even more conflicts with unsympathetic authority figures.",100.0,RottenTomatoes
Rashomon,1950,"Brimming with action while incisively examining the nature of truth, ""Rashomon"" is perhaps the finest film ever to investigate the philosophy of justice. Through an ingenious use of camera and flashbacks, Kurosawa reveals the complexities of human nature as four people recount different versions of the story of a man's murder and the rape of his wife.",98.0,RottenTomatoes
Army in the Shadows,1969,"This adaptation of the book by Joseph Kessel paints an understated, unglamorous portrait of the French Resistance during World World II. Betrayed by an informant, Philippe Gerbier (Lino Ventura) finds himself trapped in a torturous Nazi prison camp. Though Gerbier escapes to rejoin the Resistance in occupied Marseilles, France, and exacts his revenge on the informant, he must continue a quiet, seemingly endless battle against the Nazis in an atmosphere of tension, paranoia and distrust.",97.0,RottenTomatoes
Tokyo Story,1953,"The elderly Shukishi (Chishu Ryu) and his wife, Tomi (Chieko Higashiyama), take the long journey from their small seaside village to visit their adult children in Tokyo. Their elder son, Koichi (Sô Yamamura), a doctor, and their daughter, Shige (Haruko Sugimura), a hairdresser, don't have much time to spend with their aged parents, and so it falls to Noriko (Setsuko Hara), the widow of their younger son who was killed in the war, to keep her in-laws company.",100.0,RottenTomatoes
Potemkin,1925,"When they are fed rancid meat, the sailors on the Potemkin revolt against their harsh conditions. Led by Vakulinchuk (Aleksandr Antonov), the sailors kill the officers of the ship to gain their freedom. Vakulinchuk is also killed, and the people of Odessa honor him as a symbol of revolution. Tsarist soldiers arrive and massacre the civilians to quell the uprising. A squadron of ships is sent to overthrow the Potemkin, but the ships side with the revolt and refuse to attack.",100.0,RottenTomatoes
The Wages of Fear,1953,"In the South American jungle, supplies of nitroglycerine are needed at a remote oil field. The oil company pays four men to deliver the supplies in two trucks. A tense rivalry develops between the two sets of drivers on the rough remote roads where the slightest jolt can result in death.",100.0,RottenTomatoes
Open City,1945,"Rome, 1944. Giorgio Manfredi, one of the leaders of the Resistance is tracked down by the Nazis. He goes to his friend Francesco's, and asks Pina, Francesco's fiance, for help. Pina must warn a priest, Don Pietro Pellegrini, that Giorgio needs to leave the town as soon as possible.",100.0,RottenTomatoes
The Umbrellas of Cherbourg,1964,"Geneviève (Catherine Deneuve), a beautiful young Frenchwoman who works at a small-town boutique selling umbrellas, falls for dashing mechanic Guy (Nino Castelnuovo). Their brief romance is interrupted when Guy is drafted to serve in the Algerian War. Though pregnant by Guy, Geneviève marries an older businessman, Roland (Marc Michel), and begins to move on with her life. Throughout the musical film, all the characters' dialogue is conveyed through song.",99.0,RottenTomatoes
Nights of Cabiria,1957,"The magnificent Giulietta Masina (Fellini's wife) plays an eternally optimistic Rome streetwalker with a heart of gold and a head of cotton candy in her husband's Oscar-winning masterpiece. This funny, poignant classic inspired the musical ""Sweet Charity"" and is a must-see for Fellini fans.",100.0,RottenTomatoes
La dolce vita,1960,"In Federico Fellini's lauded Italian film, restless reporter Marcello Rubini (Marcello Mastroianni) drifts through life in Rome. While Marcello contends with the overdose taken by his girlfriend, Emma (Yvonne Furneaux), he also pursues heiress Maddalena (Anouk Aimée) and movie star Sylvia (Anita Ekberg), embracing a carefree approach to living. Despite his hedonistic attitude, Marcello does have moments of quiet reflection, resulting in an intriguing cinematic character study.",96.0,RottenTomatoes
Let the Right One In,2008,"When Oskar (Kåre Hedebrant), a sensitive, bullied 12-year-old boy living with his mother in suburban Sweden, meets his new neighbor, the mysterious and moody Eli (Lina Leandersson), they strike up a friendship. Initially reserved with each other, Oskar and Eli slowly form a close bond, but it soon becomes apparent that she is no ordinary young girl. Eventually, Eli shares her dark, macabre secret with Oskar, revealing her connection to a string of bloody local murders.",98.0,RottenTomatoes
Balthazar,1966,"This thoughtful and unique French film reveals the surprisingly deep connection between Marie (Anne Wiazemsky), a sensitive farm girl, and her cherished donkey, Balthazar. Though Marie and Balthazar are eventually separated when she gets older, the tale follows both the young woman and the donkey as they contend with the hardships of the world. Although Marie and Balthazar often encounter cruelty from the various people they meet, they also find small moments of beauty.",100.0,RottenTomatoes
The Passion of Joan of Arc,1928,"A classic of the silent age, this film tells the story of the doomed but ultimately canonized 15th-century teenage warrior. On trial for claiming she'd spoken to God, Jeanne d'Arc (Renee Falconetti) is subjected to inhumane treatment and scare tactics at the hands of church court officials (Eugene Silvain, Jean d'Yd). Initially bullied into changing her story, Jeanne eventually opts for what she sees as the truth. Her punishment, a famously brutal execution, earns her perpetual martyrdom.",98.0,RottenTomatoes
The Conformist,1971,"Marcello Clerici (Jean-Louis Trintignant) is a member of the secret police in Mussolini's Fascist Italy. He and his new bride, Giulia (Stefania Sandrelli), travel to Paris for their honeymoon, where Marcello also plans to assassinate his former college professor Luca Quadri (Enzo Tarascio), an outspoken anti-Fascist living in exile. But when Marcello meets the professor's young wife, Anna (Dominique Sanda), both his romantic and his political loyalties are tested.",98.0,RottenTomatoes
The Discreet Charm of the Bourgeoisie,1972,"The ambassador of the Latin American republic of Miranda (Fernando Rey), M. Thevenot (Paul Frankeur), his wife Simone (Delphine Seyrig) and her sister Florence (Bulle Ogier) arrive for a dinner party at the house of Alice Sénéchal (Stéphane Audran) and her husband Henri (Jean-Pierre Cassel), only to learn that they were mistaken about the date. In director Luis Buñuel's surreal fantasy, the six bourgeois friends repeatedly gather for a dinner that never quite arrives.",98.0,RottenTomatoes
Faces Places,2017,Director Agnès Varda and photographer and muralist JR journey through rural France and form an unlikely friendship.,99.0,RottenTomatoes
A Separation,2011,"When Nader (Payman Maadi), a bank employee, refuses to leave Tehran, his wife, Simin (Leila Hatami) sues for divorce in the hope that she can make a better life for their young daughter abroad. Needing someone to care for his senile father while he's at work, Nader hires Razieh (Sareh Bayat), a married woman whose chador hides her pregnancy. One day, after becoming angry with Razieh, Nader shoves her, and she has a miscarriage, leading Razieh's husband to take Nader to court.",99.0,RottenTomatoes
My Life as a Zucchini,2016,A police officer (Nick Offerman) and some new friends help an orphan adjust to life at a foster home.,99.0,RottenTomatoes
Things to Come,2016,A passionate middle-aged philosophy professor (Isabelle Huppert) rethinks her already much-examined life after an unforeseen divorce.,99.0,RottenTomatoes
Song of the Road,1955,"Impoverished priest Harihar Ray (Kanu Bannerjee), dreaming of a better life for himself and his family, leaves his rural Bengal village in search of work. Alone, his wife, Sarbojaya (Karuna Bannerjee), looks after her rebellious daughter, Durga (Uma Das Gupta), and her young son, Apu (Subir Bannerjee), as well as Harihar's elderly aunt Indir (Chunibala Devi). The children enjoy the small pleasures of their difficult life, while their parents suffer the daily indignities heaped upon them.",98.0,RottenTomatoes
The Salesman,2016,"After their flat becomes damaged, Emad (Shahab Hosseini) and Rana (Taraneh Alidoosti), a young couple living in Tehran, Iran, must move into another apartment. Once relocated, a sudden eruption of violence linked to the previous tenant of their new home dramatically changes their lives, creating a simmering tension between husband and wife.",96.0,RottenTomatoes
8 1/2,1963,"Troubled Italian filmmaker Guido Anselmi (Marcello Mastroianni) struggles with creative stasis as he attempts to get a new movie off the ground. Overwhelmed by his work and personal life, the director retreats into his thoughts, which often focus on his loves, both past and present, and frequently wander into fantastical territory. As he tries to sort out his many entanglements, romantic and otherwise, Anselmi finds his production becoming more and more autobiographical.",98.0,RottenTomatoes
Only Yesterday,1991,A put-upon 27-year-old Japanese office worker travels to the countryside and reminisces about her childhood in Tokyo and what life could have been.,100.0,RottenTomatoes
Tampopo,1985,"Two Japanese milk-truck drivers (Tsutomu Yamazaki, Ken Watanabe) help a restaurant owner (Nobuko Miyamoto) learn how to cook great noodles.",100.0,RottenTomatoes
Gloria,2013,An aging divorcee (Paulina García) embarks on an intense affair with a man (Sergio Hernández) she picked up at a disco.,99.0,RottenTomatoes
Ikiru,1952,"Mr. Watanabe suddenly finds that he has terminal cancer. He vows to make his final days meaningful. His attempts to communicate his anguish to his son and daughter-in-law lead only to heartbreak. Finally, inspired by an unselfish co-worker, he turns his efforts to bringing happiness to others by building a playground in a dreary slum neighborhood. When the park is finally completed, he is able to face death with peaceful acceptance.",98.0,RottenTomatoes
Eyes Without a Face,1959,"Dr. Génessier (Pierre Brasseur) is riddled with guilt after an accident that he caused disfigures the face of his daughter, the once beautiful Christiane (Édith Scob), who outsiders believe is dead. Dr. Génessier, along with accomplice and laboratory assistant Louise (Alida Valli), kidnaps young women and brings them to the Génessier mansion. After rendering his victims unconscious, Dr. Génessier removes their faces and attempts to graft them on to Christiane's.",98.0,RottenTomatoes
Amy,2015,Archival footage and personal testimonials present an intimate portrait of the life and career of British singer/songwriter Amy Winehouse.,95.0,RottenTomatoes
The Leopard,1963,"As Garibaldi's troops begin the unification of Italy in the 1860s, an aristocratic Sicilian family grudgingly adapts to the sweeping social changes undermining their way of life. Proud but pragmatic Prince Don Fabrizio Salina (Burt Lancaster) allows his war hero nephew, Tancredi (Alain Delon), to marry Angelica (Claudia Cardinale), the beautiful daughter of gauche, bourgeois Don Calogero, in order to maintain the family's accustomed level of comfort and political clout.",98.0,RottenTomatoes
The Tale of the Princess Kaguya,2013,"A tiny nymph found inside a bamboo stalk grows into a beautiful and desirable young woman, who orders her suitors to prove their love by completing a series of near-impossible tasks.",100.0,RottenTomatoes
A Fantastic Woman,2017,A transgender singer faces scorn and discrimination after the sudden death of her older boyfriend.,94.0,RottenTomatoes
Children of Paradise,1945,"In this expansive drama, the lovely and enigmatic Parisian actress Garance (Arletty) draws the attention of various men in her orbit, including the thoughtful mime Baptiste (Jean-Louis Barrault) and the ambitious actor Frédérick (Pierre Brasseur). Though Garance and Baptiste have an undeniable connection, their fortunes shift considerably, pushing them apart as well as bringing them back together, even as they pursue other relationships and lead separate lives.",98.0,RottenTomatoes
Stalker,1979,"In an unnamed country at an unspecified time, there is a fiercely protected post-apocalyptic wasteland known as The Zone. An illegal guide (Aleksandr Kajdanovsky), whose mutant child suggests unspeakable horrors within The Zone, leads a writer (Anatoliy Solonitsyn) and a scientist (Nikolay Grinko) into the heart of the devastation in search of a mythical place known only as The Room. Anyone who enters The Room will supposedly have any of his earthly desires immediately fulfilled.",100.0,RottenTomatoes
Three Colors: Red,1994,"Part-time model Valentine (Irène Jacob) meets a retired judge (Jean-Louis Trintignant) who lives in her neighborhood after she runs over his dog. At first the judge gifts Valentine with the dog, but her possessive boyfriend won't allow her to keep it. When she returns with the dog to the judge's house, she discovers him listening in on his neighbors' phone conversations. At first Valentine is outraged, but her debates with the judge over his behavior soon leads them to form a strange bond.",100.0,RottenTomatoes
BPM (Beats Per Minute),2017,"Nathan is a young man who joins an AIDS activist group in 1990s Paris. As he attends the weekly meetings, he learns that some members prefer a more radical approach to their protests.",98.0,RottenTomatoes
Sing Street,2016,"In 1985, a Dublin teenager (Ferdia Walsh-Peelo) forms a rock 'n' roll band to win the heart of an aspiring model (Lucy Boynton).",95.0,RottenTomatoes
Burning,2018,"Jong-soo runs into Hae-mi, a girl who once lived in his neighborhood, and she asks him to watch her cat while she's out of town. When she returns, she introduces him to Ben, a man she met on the trip. Ben proceeds to tell Jong-soo about his hobby.",95.0,RottenTomatoes
Playtime,1967,"Clumsy Monsieur Hulot (Jacques Tati) finds himself perplexed by the intimidating complexity of a gadget-filled Paris. He attempts to meet with a business contact but soon becomes lost. His roundabout journey parallels that of an American tourist (Barbara Dennek), and as they weave through the inventive urban environment, they intermittently meet, developing an interest in one another. They eventually get together at a chaotic restaurant, along with several other quirky characters.",98.0,RottenTomatoes
The Blue Angel,1930,"Prim educator Immanuel Rath (Emil Jannings) finds some of his students ogling racy photos of cabaret performer Lola Lola (Marlene Dietrich) and visits a local club, The Blue Angel, in an attempt to catch them there. Seeing Lola perform, the teacher is driven mad with lust, eventually resigning his position at the school to marry his beloved. However, married life with a woman whose job is to make men desire her proves more difficult than Rath imagined.",96.0,RottenTomatoes
God's Own Country,2017,A young farmer numbs his frustrations with drinking and casual sex until a Romanian migrant worker sets him on a new path.,98.0,RottenTomatoes
The Red Circle,1970,"When French criminal Corey (Alain Delon) gets released from prison, he resolves to never return. He is quickly pulled back into the underworld, however, after a chance encounter with escaped murderer Vogel (Gian Maria Volonte). Along with former policeman and current alcoholic Jansen (Yves Montand), they plot an intricate jewel heist. All the while, quirky Police Commissioner Mattei (Bourvil), who was the one to lose custody of Vogel, is determined to find him.",95.0,RottenTomatoes
Ran,1985,"At the age of seventy, after years of consolidating his empire, the Great Lord Hidetora Ichimonji (Tatsuya Nakadai) decides to abdicate and divide his domain amongst his three sons. Taro (Akira Terao), the eldest, will rule. Jiro (Jinpachi Nezu), his second son, and Saburo (Daisuke Ryu) will take command of the Second and Third Castles but are expected to obey and support their elder brother. Saburo defies the pledge of obedience and is banished.",96.0,RottenTomatoes
A Fistful of Dollars,1964,"The Man With No Name (Clint Eastwood) enters the Mexican village of San Miguel in the midst of a power struggle among the three Rojo brothers (Antonio Prieto, Benny Reeves, Sieghardt Rupp) and sheriff John Baxter (Wolfgang Lukschy). When a regiment of Mexican soldiers bearing gold intended to pay for new weapons is waylaid by the Rojo brothers, the stranger inserts himself into the middle of the long-simmering battle, selling false information to both sides for his own benefit.",98.0,RottenTomatoes
Grave of the Fireflies,1988,A teenager (J. Robert Spencer) is charged with the care of his younger sister (Rhoda Chrosite) after an Allied firebombing during World War II destroys their home and kills their mother.,100.0,RottenTomatoes
Loveless,2017,An estranged Russian couple going through a brutal divorce both have new partners and want to start over until their 12-year-old son disappears after witnessing one of their fights.,95.0,RottenTomatoes
The Rules of the Game,1939,"In this melancholy French social satire, André (Roland Toutain) is having an affair with Christine (Nora Gregor), whose husband, Robert (Marcel Dalio), himself is hiding a mistress. Meanwhile Christine's married maid, Lisette (Paulette Dubost), is romantically entangled with the local poacher. At a hunting party, trusted friend Octave (Jean Renoir) also confesses his feelings for Christine, as the passions of the servants and aristocrats dangerously collide.",96.0,RottenTomatoes
Gett: The Trial of Viviane Amsalem,2014,"An Israeli woman (Ronit Elkabetz) fights for three years to obtain a divorce from her devout husband (Simon Abkarian), who refuses to grant his permission to dissolve the marriage.",100.0,RottenTomatoes
Wings of Desire,1987,"Two angels, Damiel (Bruno Ganz) and Cassiel (Otto Sander), glide through the streets of Berlin, observing the bustling population, providing invisible rays of hope to the distressed but never interacting with them. When Damiel falls in love with lonely trapeze artist Marion (Solveig Dommartin), the angel longs to experience life in the physical world, and finds--with some words of wisdom from actor Peter Falk (playing himself) -- that it might be possible for him to take human form.",98.0,RottenTomatoes
The Road,1954,"When Gelsomina (Giulietta Masina), a naïve young woman, is purchased from her impoverished mother by brutish circus strongman Zampanò (Anthony Quinn) to be his wife and partner, she loyally endures her husband's coldness and abuse as they travel the Italian countryside performing together. Soon Zampanò must deal with his jealousy and conflicted feelings about Gelsomina when she finds a kindred spirit in Il Matto (Richard Basehart), the carefree circus fool, and contemplates leaving Zampanò.",98.0,RottenTomatoes
Toni Erdmann,2016,A film by Maren Ade.,93.0,RottenTomatoes
The Young Girls of Rochefort,1967,"Delphine (Catherine Deneuve) and Solange (Françoise Dorléac) are twin sisters who each want to find romance and leave their small seaside town of Rochefort, France. Soon they befriend a couple of visiting carnival workers who frequent their lonely mother's (Danielle Darrieux) café and hire the girls to sing in the carnival. Wanting a career as a songwriter, Solange falls for an American musician, Andy (Gene Kelly), while Delphine dumps her beau and searches Rochefort for her ideal man.",98.0,RottenTomatoes
Timbuktu,2014,A Malian cattleman (Ibrahim Ahmed) and his family face the wrath of Islamic fundamentalists after a tragic accident.,98.0,RottenTomatoes
"Crouching Tiger, Hidden Dragon",2000,"In 19th century Qing Dynasty China, a warrior (Chow Yun-Fat) gives his sword, Green Destiny, to his lover (Michelle Yeoh) to deliver to safe keeping, but it is stolen, and the chase is on to find it. The search leads to the House of Yu where the story takes on a whole different level.",97.0,RottenTomatoes
Aguirre: The Wrath of God,1972,"Don Lope de Aguirre (Klaus Kinski), a ruthless Spanish conquistador, vies for power while part of an expedition in Peru to find El Dorado, the mythical seven cities of gold. Accompanied by his daughter, Flores (Cecilia Rivera), Aguirre faces off against his superior, Don Pedro de Ursua (Ruy Guerra), and grows increasingly volatile after seizing control of the group. As Aguirre presses deeper into the Amazonian jungle, he descends further into madness.",96.0,RottenTomatoes
Jiro Dreams of Sushi,2011,"Revered sushi chef Jiro Ono strives for perfection in his work, while his eldest son, Yoshikazu, has trouble living up to his father's legacy.",99.0,RottenTomatoes
Border,2018,"Customs officer Tina is known for her extraordinary sense of smell. It's almost as if she can sniff out the guilt on anyone hiding something. But when Vore, a suspicious-looking man, walks past her, her abilities are challenged for the first time ever. Tina can sense Vore is hiding something she can't identify. Even worse, she feels a strange attraction to him. As Tina develops a special bond with Vore and discovers his true identity, she also realizes the truth about herself.",97.0,RottenTomatoes
Still Walking,2008,"Twelve years after their beloved eldest son, Junpei, drowned while saving a stranger's life, Kyohei (Yoshio Harada) and Toshiko (Kirin Kiki) welcome their surviving children home for a family reunion. Younger son Ryota (Hiroshi Abe) still feels that his parents resent that he isn't the one who died; his new wife, Yukari (Yui Natsukawa), is awkwardly meeting the rest of the family for the first time. Daughter Chinami (You) strains to fill the uncomfortable pauses with forced cheer.",100.0,RottenTomatoes
All About My Mother,1999,"A Greek saying states that only women who have washed their eyes with tears can see clearly. This saying does not hold true for Manuela. The night a car ran over her son Esteban, Manuela cried until her eyes ran completely dry. Far from seeing clearly, the present and the future become mixed up in darkness. She begins looking for his father who has become a transvestite.",98.0,RottenTomatoes
Poetry,2010,At the end of her life a woman searches for new meaning.,100.0,RottenTomatoes
The Band's Visit,2007,"The eight Egyptian musicians who comprise the Alexandria Ceremonial Police Orchestra arrive by mistake in a small town in Israel's Negev Desert. Their booking set for a different city, and with no transportation out of the town or any hotels to stay at, the band settles at a restaurant owned by Dina (Ronit Elkabetz), who offers them lodging. Overcoming ethnic barriers, the Egyptians find diversion and companionship with the Israelis through a pervading undercurrent of shared melancholy.",98.0,RottenTomatoes
Waltz With Bashir,2008,"Israeli filmmaker Ari Folman wrote, directed and stars in this autobiographical animated film. As a 19-year-old infantry soldier in the 1982 war with Lebanon, Folman witnessed the Sabra and Shatila massacre, but realizes that he has no memory of the event. In 2006, he seeks out others who were in Beirut at the time to discuss their memories, including a psychologist specializing in post-traumatic stress disorders and the first journalist to cover the massacre.",96.0,RottenTomatoes
The Seventh Seal,1956,"When disillusioned Swedish knight Antonius Block (Max von Sydow) returns home from the Crusades to find his country in the grips of the Black Death, he challenges Death (Bengt Ekerot) to a chess match for his life. Tormented by the belief that God does not exist, Block sets off on a journey, meeting up with traveling players Jof (Nils Poppe) and his wife, Mia (Bibi Andersson), and becoming determined to evade Death long enough to commit one redemptive act while he still lives.",93.0,RottenTomatoes
Waste Land,2010,"Located just outside Rio de Janeiro, Jardim Gramacho, Brazil, is the world's largest garbage landfill. Modern artist Vik Muniz works with the so-called catadores, the men and women who pick through the refuse, to create art out of recycled materials. Muniz selects six of the garbage pickers to pose as subjects in a series of photographs mimicking famous paintings. In his desire to assist the catadores and change their lives, Muniz finds himself changed as well.",100.0,RottenTomatoes
The Taste of Others,2000,"Castella (Jean-Pierre Bacri) is a successful businessman caught behind the fast-changing times. More out of boredom than out of interest, he allows his wife Anglique (Christiane Millet) to drag him to a performance of Racine's ""Bérénice."" Much to his surprise, he is overwhelmed by the power and beauty of the lead actress, Clara (Anne Alvaro). Finally, these two polar opposites are forced together when Castella tries to learn English and his English teacher turns out to be Clara.",100.0,RottenTomatoes
Godzilla,1954,A fire-breathing behemoth terrorizes Japan after an atomic bomb awakens it from its centuries-old sleep.,93.0,RottenTomatoes
Amour,2012,"Retired music teachers Georges (Jean-Louis Trintignant) and Anne (Emmanuelle Riva) have spent their lives devoted to their careers and to each other. Their relationship faces its greatest challenge when Anne suffers a debilitating stroke. Though Georges himself suffers from the aches and infirmities of old age, he bravely ignores his own discomfort to take care of his wife, and is determined to keep his promise to her that she never go back to the hospital.",93.0,RottenTomatoes
Embrace of the Serpent,2015,"In the early 1900s, a young shaman (Nilbio Torres) in the Colombian Amazon helps a sick German explorer (Jan Bijvoet) and his local guide (Miguel Dionisio Ramos) search for a rare healing plant.",96.0,RottenTomatoes
After the Storm,2016,A dissolute private detective (Hiroshi Abe) attempts to reconnect with his distrustful family following the death of his father.,96.0,RottenTomatoes
The Vanishing,1988,"Rex (Gene Bervoets) and Saskia (Johanna Ter Steege) are enjoying a biking holiday in France when, stopping at a gas station, Saskia disappears. Confounded, Rex searches everywhere, but to no avail. Three years later, he's still obsessed with finding her, pleading his case on television, putting up posters and ruining his new relationship in the process. Eventually an unassuming chemistry teacher, Raymond (Bernard-Pierre Donnadieu), approaches Rex, intimating that he knows what happened.",98.0,RottenTomatoes
Afghan Star,2009,"Director Havana Marking dives into the booming, but still young and growing, world of pop culture in Afghanistan. Newly liberated after more than 30 years of stifling Taliban rule, the country is taken with a fervor for expression. This documentary follows four contestants, including two women, as they audition, sing and compete in a countrywide ""American Idol""-type competition called ""Pop Idol."" Marking uncovers a wonderfully vibrant community, which is also surprisingly accepting.",100.0,RottenTomatoes
Transit,2018,The new masterwork from the director of Phoenix and Barbara. A film by Christian Petzold.,94.0,RottenTomatoes
Project Nim,2011,"In the 1970s, professor Herb Terrace and his team raise a baby chimp as a human child, as part of an experiment intended to break the language barrier between animals and people.",97.0,RottenTomatoes
Blue,1993,"Julie (Juliette Binoche) is haunted by her grief after living through a tragic auto wreck that claimed the life of her composer husband and young daughter. Her initial reaction is to withdraw from her relationships, lock herself in her apartment and suppress her pain. But avoiding human interactions on the bustling streets of Paris proves impossible, and she eventually meets up with Olivier (Benoît Régent), an old friend who harbors a secret love for her, and who could draw her back to reality.",98.0,RottenTomatoes
Elevator to the Gallows,1958,"Restless femme fatale Florence Carala (Jeanne Moreau) recruits her lover, Julien Tavernier (Maurice Ronet), to murder her wealthy husband, Simon (Jean Wall), in his office and make it appear like a suicide. Tavernier does the dirty deed eagerly, but becomes trapped in an elevator when he returns to remove a key piece of evidence he had accidentally left behind. Tavernier's unfortunate oversight sets into motion a dark ripple of events that bloodies the cold Paris night.",93.0,RottenTomatoes
Monsieur Lazhar,2011,A recent emigrant (Fellag) of Algeria takes over a Canadian classroom after a teacher's tragic death.,97.0,RottenTomatoes
Darbareye Elly,2009,A young teacher disappears before being introduced to a potential suitor in northern Iran.,99.0,RottenTomatoes
Fireworks Wednesday,2006,"Upon hearing of the engagement of her housekeeper, Roohi (Taraneh Alidoosti), housewife Mozhde (Hedye Tehrani) sends the betrothed to enjoy free services at a local salon -- provided that she eavesdrop to verify suspicions that her wealthy husband, Morteza (Hamid Farokhnezhad), is having an affair. But when -- in a misguided attempt to mend the Samieis' impossibly broken marriage -- Roohi ignores Mozhde's instructions, her naive meddling may throw the couple even deeper into turmoil.",100.0,RottenTomatoes
The Class,2008,"Francois Marin (François Bégaudeau) is a French language and literature teacher at an inner-city Paris high school. As the new school year begins, he introduces himself to his new class and begins the arduous process of reaching out to each of them. Marin encounters his share of problem students, teen violence, ethnic tensions between classmates and education barriers within the group, all of which test his patience and -- more importantly -- his resolve as an educator.",95.0,RottenTomatoes
Last Train Home,2009,"Annually, an estimated 130 million factories workers in China migrate from their city of employment back to the village they grew up in. This documentary spotlights married couple Chen and Zhang as they make their own journey. Chen and Zhang must struggle to reconnect with their children, whom they see only once a year. When they discover that their daughter has decided to drop out of school to work at a factory herself, they begin questioning the value of their sacrifice.",100.0,RottenTomatoes
Maria Full of Grace,2004,"Seventeen-year-old Colombian Maria (Catalina Sandino Moreno) is desperate: pregnant and with a large family to care for, she's forced to leave a demanding job after an altercation with her boss. Needing work as soon as possible, she encounters charming Franklin (John Álex Toro), who offers her a dangerous job as a drug mule. With cocaine pellets in her stomach, Maria flies to New York for the drug drop-off, but finds her new line of work may be far riskier than it initially seemed.",97.0,RottenTomatoes
The Look of Silence,2014,An optician confronts the men who killed the brother that he never knew during the 1960s Indonesian genocide.,96.0,RottenTomatoes
My Left Foot,1989,"No one expects much from Christy Brown (Daniel Day-Lewis), a boy with cerebral palsy born into a working-class Irish family. Though Christy is a spastic quadriplegic and essentially paralyzed, a miraculous event occurs when, at the age of 5, he demonstrates control of his left foot by using chalk to scrawl a word on the floor. With the help of his steely mother (Brenda Fricker) -- and no shortage of grit and determination -- Christy overcomes his infirmity to become a painter, poet and author.",98.0,RottenTomatoes
Nostalgia for the Light,2010,"In Chile's Atacama Desert, widows search for the bones of loved ones, left by Pinochet's atrocities.",100.0,RottenTomatoes
Throne of Blood,1957,"Returning to their lord's castle, samurai warriors Washizu (Toshirô Mifune) and Miki (Minoru Chiaki) are waylaid by a spirit who predicts their futures. When the first part of the spirit's prophecy comes true, Washizu's scheming wife, Asaji (Isuzu Yamada), presses him to speed up the rest of the spirit's prophecy by murdering his lord and usurping his place. Director Akira Kurosawa's resetting of William Shakespeare's ""Macbeth"" in feudal Japan is one of his most acclaimed films.",95.0,RottenTomatoes
A Prophet,2009,"This acclaimed crime drama follows Malik El Djebena (Tahar Rahim), a delinquent young Muslim man, who is struggling to get by in a French prison. When he is taken under the wing of powerful Corsican mob boss Cesar Luciani (Niels Arestrup), he begins performing regular assignments for him, proving himself invaluable to the imposing criminal. As Malik rises in the mob ranks, he gains more power, but also more enemies, a situation that eventually brings conflict with his mentor.",96.0,RottenTomatoes
Mafioso,1962,Antonio travels to Sicily with his wife and children to meet his family and earns the favor of a local mobster who sends him to find an enemy of the mob in New York.,96.0,RottenTomatoes
Solaris,1972,A psychologist is sent to a space station orbiting a planet called Solaris to investigate the death of a doctor and the mental problems of cosmonauts on the station. He soon discovers that the water on the planet is a type of brain which brings out repressed memories and obsessions.,94.0,RottenTomatoes
The Kid with a Bike,2011,"Abandoned by his father, a young boy (Thomas Doret) begins to act out in anger, despite the best efforts of his kindhearted caretaker (Cécile de France).",96.0,RottenTomatoes
My Beautiful Laundrette,1985,"In a seedy corner of London, Omar (Gordon Warnecke), a young Pakistani, is given a run-down laundromat by his uncle (Saeed Jaffrey), who hopes to turn it into a successful business. Soon after, Omar is attacked by a group of racist punks, but defuses the situation when he realizes their leader is his former lover, Johnny (Daniel Day-Lewis). The men resume their relationship and rehabilitate the laundromat together, but various social forces threaten to compromise their success.",98.0,RottenTomatoes
Moolaadé,2004,"For fear of enduring genital mutilation, a group of girls flee their own ""purification"" ceremony and take refuge with Collé (Fatoumata Coulibaly), a woman who had spared her daughter from the same fate. Collé casts a spell to protect the girls, which causes much consternation among among the village elders. In retaliation, they confiscate all radios from the women villagers and demand that the spell be broken, but Collé nevertheless holds fast.",99.0,RottenTomatoes
It Happened One Night,1934,"In Frank Capra's acclaimed romantic comedy, spoiled heiress Ellie Andrews (Claudette Colbert) impetuously marries the scheming King Westley, leading her tycoon father (Walter Connolly) to spirit her away on his yacht. After jumping ship, Ellie falls in with cynical newspaper reporter Peter Warne (Clark Gable), who offers to help her reunite with her new husband in exchange for an exclusive story. But during their travels, the reporter finds himself falling for the feisty young heiress.",99.0,RottenTomatoes
Citizen Kane,1941,"When a reporter is assigned to decipher newspaper magnate Charles Foster Kane's (Orson Welles) dying words, his investigation gradually reveals the fascinating portrait of a complex man who rose from obscurity to staggering heights. Though Kane's friend and colleague Jedediah Leland (Joseph Cotten), and his mistress, Susan Alexander (Dorothy Comingore), shed fragments of light on Kane's life, the reporter fears he may never penetrate the mystery of the elusive man's final word, ""Rosebud.""",99.0,RottenTomatoes
Casablanca,1942,"Rick Blaine (Humphrey Bogart), who owns a nightclub in Casablanca, discovers his old flame Ilsa (Ingrid Bergman) is in town with her husband, Victor Laszlo (Paul Henreid). Laszlo is a famed rebel, and with Germans on his tail, Ilsa knows Rick can help them get out of the country.",99.0,RottenTomatoes
The Wizard of Oz,1939,"When a tornado rips through Kansas, Dorothy (Judy Garland) and her dog, Toto, are whisked away in their house to the magical land of Oz. They follow the Yellow Brick Road toward the Emerald City to meet the Wizard, and en route they meet a Scarecrow (Ray Bolger) that needs a brain, a Tin Man (Jack Haley) missing a heart, and a Cowardly Lion (Bert Lahr) who wants courage. The wizard asks the group to bring him the broom of the Wicked Witch of the West (Margaret Hamilton) to earn his help.",98.0,RottenTomatoes
All About Eve,1950,"Backstage story revolving around aspiring actress Eve Harrington. Tattered and forlorn, Eve shows up in the dressing room of Broadway mega-star Margo Channing, telling a melancholy life story to Margo and her friends. Margo takes Eve under her wing, and it appears that Eve is a conniver that uses Margo.",99.0,RottenTomatoes
Rebecca,1940,"Story of a young woman who marries a fascinating widower only to find out that she must live in the shadow of his former wife, Rebecca, who died mysteriously several years earlier. The young wife must come to grips with the terrible secret of her handsome, cold husband, Max De Winter (Laurence Olivier). She must also deal with the jealous, obsessed Mrs. Danvers (Judith Anderson), the housekeeper, who will not accept her as the mistress of the house.",100.0,RottenTomatoes
The Cabinet of Dr. Caligari,1919,"At a carnival in Germany, Francis (Friedrich Feher) and his friend Alan (Rudolf Lettinger) encounter the crazed Dr. Caligari (Werner Krauss). The men see Caligari showing off his somnambulist, Cesare (Conrad Veidt), a hypnotized man who the doctor claims can see into the future. Shockingly, Cesare then predicts Alan's death, and by morning his chilling prophecy has come true -- making Cesare the prime suspect. However, is Cesare guilty, or is the doctor controlling him?",99.0,RottenTomatoes
Modern Times,1936,"This comedic masterpiece finds the iconic Little Tramp (Charlie Chaplin) employed at a state-of-the-art factory where the inescapable machinery completely overwhelms him, and where various mishaps keep getting him sent to prison. In between his various jail stints, he meets and befriends an orphan girl (Paulette Goddard). Both together and apart, they try to contend with the difficulties of modern life, with the Tramp working as a waiter and eventually a performer.",100.0,RottenTomatoes
A Night at the Opera,1935,"The Marx Brothers run amuck in the world of opera when Otis B. Driftwood (Groucho Marx) meets aspiring singer Ricardo (Allan Jones), who is determined to win the love of fellow performer Rosa (Kitty Carlisle). Aided by Fiorello (Chico Marx) and Tomasso (Harpo Marx), Otis attempts to unite the young couple, but faces opposition from the preening star Lassparri (Walter Woolf King), who also has his sights on Rosa. Traveling from Italy to New York, Otis and friends rally to try and win the day.",97.0,RottenTomatoes
The Third Man,1949,"Set in postwar Vienna, Austria, ""The Third Man"" stars Joseph Cotten as Holly Martins, a writer of pulp Westerns, who arrives penniless as a guest of his childhood chum Harry Lime (Orson Welles), only to find him dead. Martins develops a conspiracy theory after learning of a ""third man"" present at the time of Harry's death, running into interference from British officer Maj. Calloway (Trevor Howard) and falling head-over-heels for Harry's grief-stricken lover, Anna (Alida Valli).",99.0,RottenTomatoes
Grand Illusion,1937,"A group of French soldiers, including the patrician Captain de Boeldieu (Pierre Fresnay) and the working-class Lieutenant Maréchal (Jean Gabin), grapple with their own class differences after being captured and held in a World War I German prison camp. When the men are transferred to a high-security fortress, they must concoct a plan to escape beneath the watchful eye of aristocratic German officer von Rauffenstein (Erich von Stroheim), who has formed an unexpected bond with de Boeldieu.",97.0,RottenTomatoes
Singin' in the Rain,1952,"A spoof of the turmoil that afflicted the movie industry in the late 1920s when movies went from silent to sound. When two silent movie stars', Don Lockwood and Lina Lamont, latest movie is made into a musical a chorus girl is brought in to dub Lina's speaking and singing. Don is on top of the world until Lina finds out.",100.0,RottenTomatoes
All Quiet on the Western Front,1930,"The film follows a group of German schoolboys, talked into enlisting at the beginning of World War I by their jingoistic teacher. The story is told entirely through the experiences of the young German recruits and highlights the tragedy of war through the eyes of individuals.",98.0,RottenTomatoes
Snow White and the Seven Dwarfs,1937,"The Grimm fairy tale gets a Technicolor treatment in Disney's first animated feature. Jealous of Snow White's beauty, the wicked queen orders the murder of her innocent stepdaughter, but later discovers that Snow White is still alive and hiding in a cottage with seven friendly little miners. Disguising herself as a hag, the queen brings a poisoned apple to Snow White, who falls into a death-like sleep that can be broken only by a kiss from the prince.",98.0,RottenTomatoes
On the Waterfront,1954,"Dockworker Terry Malloy (Marlon Brando) had been an up-and-coming boxer until powerful local mob boss Johnny Friendly (Lee J. Cobb) persuaded him to throw a fight. When a longshoreman is murdered before he can testify about Friendly's control of the Hoboken waterfront, Terry teams up with the dead man's sister Edie (Eva Marie Saint) and the streetwise priest Father Barry (Karl Malden) to testify himself, against the advice of Friendly's lawyer, Terry's older brother Charley (Rod Steiger).",99.0,RottenTomatoes
The Kid,1921,"Chaplin's first full-length feature is a silent masterpiece about a little tramp who discovers a little orphan and brings him up but is left desolate when the orphanage reclaims him. Chaplin directed, produced and starred in the film, as well as composed the score.",100.0,RottenTomatoes
The Adventures of Robin Hood,1938,"When King Richard the Lionheart is captured, his scheming brother Prince John (Claude Rains) plots to reach the throne, to the outrage of Sir Robin of Locksley (Errol Flynn), the bandit king of Sherwood Forest. Rounding up his band of men and eventually winning the support of the lovely Maid Marian (Olivia de Havilland), Robin accuses Prince John of treachery and, when the escaped Richard returns covertly to England, joins forces with the king to prevent Prince John from taking the crown.",100.0,RottenTomatoes
King Kong,1933,"Actress Ann Darrow (Fay Wray) and director Carl Denham (Robert Armstrong) travel to the Indian Ocean to do location shoots for Denham's new jungle picture. Along the way, the actress meets and falls for rugged First Mate John Driscoll (Bruce Cabot). Upon arriving at a mysterious island, Ann is taken hostage by natives who prepare her as a sacrifice to the enormous ape Kong who rules over their jungle. But when Ann is rescued and Kong is captured, the real trouble begins.",98.0,RottenTomatoes
Nosferatu,1922,"In this highly influential silent horror film, the mysterious Count Orlok (Max Schreck) summons Thomas Hutter (Gustav von Wangenheim) to his remote Transylvanian castle in the mountains. The eerie Orlok seeks to buy a house near Hutter and his wife, Ellen (Greta Schroeder). After Orlok reveals his vampire nature, Hutter struggles to escape the castle, knowing that Ellen is in grave danger. Meanwhile Orlok's servant, Knock (Alexander Granach), prepares for his master to arrive at his new home.",97.0,RottenTomatoes
Psycho,1960,"Phoenix secretary Marion Crane (Janet Leigh), on the lam after stealing $40,000 from her employer in order to run away with her boyfriend, Sam Loomis (John Gavin), is overcome by exhaustion during a heavy rainstorm. Traveling on the back roads to avoid the police, she stops for the night at the ramshackle Bates Motel and meets the polite but highly strung proprietor Norman Bates (Anthony Perkins), a young man with an interest in taxidermy and a difficult relationship with his mother.",96.0,RottenTomatoes
Laura,1944,"In one of the most celebrated 1940s film noirs, Manhattan detective Mark McPherson (Dana Andrews) investigates the murder of Madison Avenue executive Laura Hunt (Gene Tierney) in her fashionable apartment. On the trail of her murderer, McPherson quizzes Laura's arrogant best friend, gossip columnist Waldo Lydecker (Clifton Webb) and her comparatively mild fiancé, Shelby Carpenter (Vincent Price). As the detective grows obsessed with the case, he finds himself falling in love with the dead woman.",100.0,RottenTomatoes
Shadow of a Doubt,1943,"Uncle Charlie (Joseph Cotten) visits his relatives in Santa Rosa. He is a very charming man, but his niece slowly realizes that he is wanted for murder and he soon recognizes her suspicions. Although one of the suspected murderers is killed and the case is considered closed, she still has her suspicions.",100.0,RottenTomatoes
Sunset Blvd.,1950,"An aging silent film queen refuses to accept that her stardom has ended. She hires a young screenwriter to help set up her movie comeback. The screenwriter believes he can manipulate her, but he soon finds out he is wrong. The screenwriters ambivalence about their relationship and her unwillingness to let go leads to a situation of violence, madness, and death.",99.0,RottenTomatoes
A Hard Day's Night,1964,"The Beatles in their feature film debut, one of the greatest rock-and-roll comedy adventures ever. The film has a fully restored negative and digitally restored soundtrack. The film takes on the just-left-of-reality style of mock-documentary, following ""a day in the life"" of John, Paul, George, and Ringo as fame takes them by storm.",98.0,RottenTomatoes
Seven Samurai,1954,"A samurai answers a village's request for protection after he falls on hard times. The town needs protection from bandits, so the samurai gathers six others to help him teach the people how to defend themselves, and the villagers provide the soldiers with food. A giant battle occurs when 40 bandits attack the village.",100.0,RottenTomatoes
Top Hat,1935,"The story centers on wealthy Dale Tremont (Ginger Rogers), on holiday in London and Venice. She assumes that American entertainer Jerry Travers (Fred Astaire) is the husband of her friend Madge (Helen Broderick) -- who's actually the wife of Jerry's business manager Horace Hardwick (Edward Everett Horton).",100.0,RottenTomatoes
North by Northwest,1959,"This classic suspense film finds New York City ad executive Roger O. Thornhill (Cary Grant) pursued by ruthless spy Phillip Vandamm (James Mason) after Thornhill is mistaken for a government agent. Hunted relentlessly by Vandamm's associates, the harried Thornhill ends up on a cross-country journey, meeting the beautiful and mysterious Eve Kendall (Eva Marie Saint) along the way. Soon Vandamm's henchmen close in on Thornhill, resulting in a number of iconic action sequences.",99.0,RottenTomatoes
The Philadelphia Story,1940,"This classic romantic comedy focuses on Tracy Lord (Katharine Hepburn), a Philadelphia socialite who has split from her husband, C.K. Dexter Haven (Cary Grant), due both to his drinking and to her overly demanding nature. As Tracy prepares to wed the wealthy George Kittredge (John Howard), she crosses paths with both Dexter and prying reporter Macaulay Connor (James Stewart). Unclear about her feelings for all three men, Tracy must decide whom she truly loves.",100.0,RottenTomatoes
Metropolis,1927,"This influential German science-fiction film presents a highly stylized futuristic city where a beautiful and cultured utopia exists above a bleak underworld populated by mistreated workers. When the privileged youth Freder (Gustav Fröhlich) discovers the grim scene under the city, he becomes intent on helping the workers. He befriends the rebellious teacher Maria (Brigitte Helm), but this puts him at odds with his authoritative father, leading to greater conflict.",97.0,RottenTomatoes
12 Angry Men,1957,"Following the closing arguments in a murder trial, the 12 members of the jury must deliberate, with a guilty verdict meaning death for the accused, an inner-city teen. As the dozen men try to reach a unanimous decision while sequestered in a room, one juror (Henry Fonda) casts considerable doubt on elements of the case. Personal issues soon rise to the surface, and conflict threatens to derail the delicate process that will decide one boy's fate.",100.0,RottenTomatoes
The 400 Blows,1959,"For young Parisian boy Antoine Doinel (Jean-Pierre Léaud), life is one difficult situation after another. Surrounded by inconsiderate adults, including his neglectful parents (Claire Maurier, Albert Remy), Antoine spends his days with his best friend, Rene (Patrick Auffray), trying to plan for a better life. When one of their schemes goes awry, Antoine ends up in trouble with the law, leading to even more conflicts with unsympathetic authority figures.",100.0,RottenTomatoes
Bride of Frankenstein,1935,"After recovering from injuries sustained in the mob attack upon himself and his creation, Dr. Frankenstein (Colin Clive) falls under the control of his former mentor, Dr. Pretorius (Ernest Thesiger), who insists the now-chastened doctor resume his experiments in creating new life. Meanwhile, the Monster (Boris Karloff) remains on the run from those who wish to destroy him without understanding that his intentions are generally good despite his lack of socialization and self-control.",98.0,RottenTomatoes
Chinatown,1974,"When Los Angeles private eye J.J. ""Jake"" Gittes (Jack Nicholson) is hired by Evelyn Mulwray to investigate her husband's activities, he believes it's a routine infidelity case. Jake's investigation soon becomes anything but routine when he meets the real Mrs. Mulwray (Faye Dunaway) and realizes he was hired by an imposter. Mr. Mulwray's sudden death sets Gittes on a tangled trail of corruption, deceit and sinister family secrets as Evelyn's father (John Huston) becomes a suspect in the case.",99.0,RottenTomatoes
A Streetcar Named Desire,1951,"Based on the play by Tennessee Williams, this renowned drama follows troubled former schoolteacher Blanche DuBois (Vivien Leigh) as she leaves small-town Mississippi and moves in with her sister, Stella Kowalski (Kim Hunter), and her husband, Stanley (Marlon Brando), in New Orleans. Blanche's flirtatious Southern-belle presence causes problems for Stella and Stanley, who already have a volatile relationship, leading to even greater conflict in the Kowalski household.",98.0,RottenTomatoes
The Treasure of the Sierra Madre,1948,"In this classic adventure film, two rough-and-tumble wanderers, Dobbs (Humphrey Bogart) and Curtin (Tim Holt), meet up with a veteran prospector, Howard (Walter Huston), in Mexico and head into the Sierra Madre mountains to find gold. Although they discover treasure, they also find plenty of trouble, not only from ruthless bandits lurking in the dangerous Mexican wilderness but from their own insecurities and greed, which threaten to bring conflict at any moment.",100.0,RottenTomatoes
The Lady Eve,1941,"It's no accident when wealthy Charles (Henry Fonda) falls for Jean (Barbara Stanwyck). Jean is a con artist with her sights set on Charles' fortune. Matters complicate when Jean starts falling for her mark. When Charles suspects Jean is a gold digger, he dumps her. Jean, fixated on revenge and still pining for the millionaire, devises a plan to get back in Charles' life. With love and payback on her mind, she re-introduces herself to Charles, this time as an aristocrat named Lady Eve Sidwich.",100.0,RottenTomatoes
The Lady Vanishes,1938,"On a train headed for England a group of travelers is delayed by an avalanche. Holed up in a hotel in a fictional European country, young Iris (Margaret Lockwood) befriends elderly Miss Froy (Dame May Whitty). When the train resumes, Iris suffers a bout of unconsciousness and wakes to find the old woman has disappeared. The other passengers ominously deny Miss Froy ever existed, so Iris begins to investigate with another traveler (Michael Redgrave) and, as the pair sleuth, romantic sparks fly.",98.0,RottenTomatoes
Dr. Strangelove Or: How I Learned to Stop Worrying and Love the Bomb,1964,"A film about what could happen if the wrong person pushed the wrong button -- and it played the situation for laughs. U.S. Air Force General Jack Ripper goes completely insane, and sends his bomber wing to destroy the U.S.S.R. He thinks that the communists are conspiring to pollute the ""precious bodily fluids"" of the American people.",98.0,RottenTomatoes
The 39 Steps,1935,"While on vacation in London, Canadian Richard Hannay (Robert Donat) becomes embroiled in an international spy ring related to the mysterious ""39 steps."" Then he meets agent Annabella Smith (Lucie Mannheim), who is soon killed in his apartment. He must elude the police, who are hunting him for murder, while he tries to stop Professor Jordan (Godfrey Tearle) from sending secrets out of the country. Hannay is assisted by Pamela (Madeleine Carroll), an unwilling accomplice who discovers the truth.",96.0,RottenTomatoes
An American in Paris,1951,"Jerry Mulligan (Gene Kelly) is an American ex-GI who stays in post-war Paris to become a painter, and falls for the gamine charms of Lise Bouvier (Leslie Caron). However, his paintings come to the attention of Milo Roberts, a rich American heiress, who is interested in more than just art.",96.0,RottenTomatoes
Lawrence of Arabia,1962,"Due to his knowledge of the native Bedouin tribes, British Lieutenant T.E. Lawrence (Peter O'Toole) is sent to Arabia to find Prince Faisal (Alec Guinness) and serve as a liaison between the Arabs and the British in their fight against the Turks. With the aid of native Sherif Ali (Omar Sharif), Lawrence rebels against the orders of his superior officer and strikes out on a daring camel journey across the harsh desert to attack a well-guarded Turkish port.",97.0,RottenTomatoes
Rashomon,1950,"Brimming with action while incisively examining the nature of truth, ""Rashomon"" is perhaps the finest film ever to investigate the philosophy of justice. Through an ingenious use of camera and flashbacks, Kurosawa reveals the complexities of human nature as four people recount different versions of the story of a man's murder and the rape of his wife.",98.0,RottenTomatoes
The Thin Man,1934,"The recently divorced Gilbert discovers that his new girlfriend has stolen $50,000 and is carrying on with other men. Not long afterward, he disappears. Anxious to locate her father, Gilbert's daughter goes to private detective Nick Charles for help.",98.0,RottenTomatoes
Kind Hearts and Coronets,1949,"When his mother eloped with an Italian opera singer, Louis Mazzini (Dennis Price) was cut off from her aristocratic family. After the family refuses to let her be buried in the family mausoleum, Louis avenges his mother's death by attempting to murder every family member (all played by Alec Guinness) who stands between himself and the family fortune. But when he finds himself torn between his longtime love (Joan Greenwood) and the widow of one of his victims (Valerie Hobson), his plans go awry.",100.0,RottenTomatoes
Touch of Evil,1958,"When a car bomb explodes on the American side of the U.S./Mexico border, Mexican drug enforcement agent Miguel Vargas (Charlton Heston) begins his investigation, along with American police captain Hank Quinlan (Orson Welles). When Vargas begins to suspect that Quinlan and his shady partner, Menzies (Joseph Calleia), are planting evidence to frame an innocent man, his investigations into their possible corruption quickly put himself and his new bride, Susie (Janet Leigh), in jeopardy.",95.0,RottenTomatoes
His Girl Friday,1940,"When hard-charging New York newspaper editor Walter Burns (Cary Grant) discovers that his ex-wife, investigative reporter Hildy Johnson (Rosalind Russell), has gotten engaged to milquetoast insurance agent Bruce Baldwin (Ralph Bellamy), he unsuccessfully tries to lure her away from tame domestic life with a story about the impending execution of convicted murderer Earl Williams. But when Hildy discovers Williams may be innocent, her reporter instincts take over.",98.0,RottenTomatoes
Frankenstein,1931,"This iconic horror film follows the obsessed scientist Dr. Henry Frankenstein (Colin Clive) as he attempts to create life by assembling a creature from body parts of the deceased. Aided by his loyal misshapen assistant, Fritz (Dwight Frye), Frankenstein succeeds in animating his monster (Boris Karloff), but, confused and traumatized, it escapes into the countryside and begins to wreak havoc. Frankenstein searches for the elusive being, and eventually must confront his tormented creation.",100.0,RottenTomatoes
It's a Wonderful Life,1946,"After George Bailey (James Stewart) wishes he had never been born, an angel (Henry Travers) is sent to earth to make George's wish come true. George starts to realize how many lives he has changed and impacted, and how they would be different if he was never there.",94.0,RottenTomatoes
Vertigo,1958,"Hitchcock's romantic story of obsession, manipulation and fear. A detective is forced to retire after his fear of heights causes the death of a fellow officer and the girl he was hired to follow. He sees a double of the girl, causing him to transform her image onto the dead girl's body. This leads into a cycle of madness and lies.",94.0,RottenTomatoes
The Grapes of Wrath,1940,"The Joad clan, introduced to the world in John Steinbeck's iconic novel, is looking for a better life in California. After their drought-ridden farm is seized by the bank, the family -- led by just-paroled son Tom (Henry Fonda) -- loads up a truck and heads West. On the road, beset by hardships, the Joads meet dozens of other families making the same trek and holding onto the same dream. Once in California, however, the Joads soon realize that the promised land isn't quite what they hoped.",100.0,RottenTomatoes
The Gold Rush,1925,"In this classic silent comedy, the Little Tramp (Charles Chaplin) heads north to join in the Klondike gold rush. Trapped in a small cabin by a blizzard, the Tramp is forced to share close quarters with a successful prospector (Mack Swain) and a fugitive (Tom Murray). Eventually able to leave the cabin, he falls for a lovely barmaid (Georgia Hale), trying valiantly to win her affections. When the prospector needs help locating his claim, it appears the Tramp's fortunes may change.",100.0,RottenTomatoes
The Last Picture Show,1971,"High school seniors and best friends, Sonny (Timothy Bottoms) and Duane (Jeff Bridges), live in a dying Texas town. The handsome Duane is dating local beauty, Jacy (Cybill Shepherd), while Sonny is having an affair with the coach's wife, Ruth (Cloris Leachman). As graduation nears, both boys contemplate their futures. While Duane eyes the army and Sonny takes over a local business, each boy struggles to figure out if he can escape this dead-end town and build a better life somewhere else.",100.0,RottenTomatoes
Potemkin,1925,"When they are fed rancid meat, the sailors on the Potemkin revolt against their harsh conditions. Led by Vakulinchuk (Aleksandr Antonov), the sailors kill the officers of the ship to gain their freedom. Vakulinchuk is also killed, and the people of Odessa honor him as a symbol of revolution. Tsarist soldiers arrive and massacre the civilians to quell the uprising. A squadron of ships is sent to overthrow the Potemkin, but the ships side with the revolt and refuse to attack.",100.0,RottenTomatoes
The Big Sleep,1946,"Private investigator Philip Marlowe (Humphrey Bogart) is hired by General Sternwood to help resolve the gambling debts of his wild young daughter, Carmen (Martha Vickers). Sternwood's older daughter, Vivian (Lauren Bacall), provides assistance when she implies that the situation is more complex, and also involves casino owner (John Ridgely) and a recently disappeared family friend. As people linked to the Sternwoods start being murdered, Marlowe finds himself getting ever deeper into the case.",97.0,RottenTomatoes
Scarface,1932,"Key lieutenant of South Side Chicago crime boss Johnny Lovo (Osgood Perkins), Tony Camonte (Paul Muni) is an ambitious and reckless gangster who ignores warnings not to mess with Irish gangs on the North Side. When the North Side retaliates, Tony essentially massacres them, leaving him on top of the world. Worried about Tony's overconfidence, however, Johnny orders him killed, but this also backfires, and Tony finds himself even closer to becoming king of the city.",98.0,RottenTomatoes
Rear Window,1954,"A newspaper photographer with a broken leg passes time recuperating by observing his neighbors through his window. He sees what he believes to be a murder, and decides to solve the crime himself. With the help of his nurse and wife, he tries to catch the murderer without being killed himself.",97.0,RottenTomatoes
The Red Shoes,1948,"In this classic drama, Vicky Page (Moira Shearer) is an aspiring ballerina torn between her dedication to dance and her desire to love. While her imperious instructor, Boris Lermontov (Anton Walbrook), urges to her to forget anything but ballet, Vicky begins to fall for the charming young composer Julian Craster (Marius Goring). Eventually Vicky, under great emotional stress, must choose to pursue either her art or her romance, a decision that carries serious consequences.",97.0,RottenTomatoes
Stagecoach,1939,"John Ford's landmark Western revolves around an assorted group of colorful passengers aboard the Overland stagecoach bound for Lordsburg, New Mexico, in the 1880s. An alcoholic philosophizer (Thomas Mitchell), a lady of ill repute (Claire Trevor) and a timid liquor salesman (Donald Meek) are among the motley crew of travelers who must contend with an escaped outlaw, the Ringo Kid (John Wayne), and the ever-present threat of an Apache attack as they make their way across the Wild West.",100.0,RottenTomatoes
Cool Hand Luke,1967,"When petty criminal Luke Jackson (Paul Newman) is sentenced to two years in a Florida prison farm, he doesn't play by the rules of either the sadistic warden (Strother Martin) or the yard's resident heavy, Dragline (George Kennedy), who ends up admiring the new guy's unbreakable will. Luke's bravado, even in the face of repeated stints in the prison's dreaded solitary confinement cell, ""the box,"" make him a rebel hero to his fellow convicts and a thorn in the side of the prison officers.",100.0,RottenTomatoes
Goldfinger,1964,"Special agent 007 (Sean Connery) comes face to face with one of the most notorious villains of all time, and now he must outwit and outgun the powerful tycoon to prevent him from cashing in on a devious scheme to raid Fort Knox -- and obliterate the world's economy.",99.0,RottenTomatoes
Invasion of the Body Snatchers,1956,"In Santa Mira, California, Dr. Miles Bennell (Kevin McCarthy) is baffled when all his patients come to him with the same complaint: their loved ones seem to have been replaced by emotionless impostors. Despite others' dismissive denials, Dr. Bennell, his former girlfriend Becky (Dana Wynter) and his friend Jack (King Donovan) soon discover that the patients' suspicions are true: an alien species of human duplicates, grown from plant-like pods, is taking over the small town.",98.0,RottenTomatoes
City Lights,1931,"A hapless but resilient tramp (Charlie Chaplin) falls in love with a blind flower girl (Virginia Cherrill) on the tough city streets. Upon learning that she and her grandmother are to be evicted from their home, the tramp undertakes a series of attempts to provide them with the money they need, all of which end in humiliating failure. But after a drunken millionaire (Harry Myers) lavishly rewards him for saving his life, the tramp can change the flower girl's life forever.",98.0,RottenTomatoes
Anatomy of a Murder,1959,"Semi-retired Michigan lawyer Paul Biegler (James Stewart) takes the case of Army Lt. Manion (Ben Gazzara), who murdered a local innkeeper after his wife (Lee Remick) claimed that he raped her. Over the course of an extensive trial, Biegler parries with District Attorney Lodwick (Brooks West) and out-of-town prosecutor Claude Dancer (George C. Scott) to set his client free, but his case rests on the victim's mysterious business partner (Kathryn Grant), who's hiding a dark secret.",100.0,RottenTomatoes
The Best Years of Our Lives,1946,"Fred, Al and Homer are three World War II veterans facing difficulties as they re-enter civilian life. Fred (Dana Andrews) is a war hero who, unable to compete with more highly skilled workers, has to return to his low-wage soda jerk job. Bank executive Al (Fredric March) gets into trouble for offering favorable loans to veterans. After losing both hands in the war, Homer (Harold Russell) returns to his loving fiancée, but must struggle to adjust.",97.0,RottenTomatoes
Roman Holiday,1953,"Overwhelmed by her suffocating schedule, touring European princess Ann (Audrey Hepburn) takes off for a night while in Rome. When a sedative she took from her doctor kicks in, however, she falls asleep on a park bench and is found by an American reporter, Joe Bradley (Gregory Peck),who takes her back to his apartment for safety. At work the next morning, Joe finds out Ann's regal identity and bets his editor he can get exclusive interview with her, but romance soon gets in the way.",97.0,RottenTomatoes
Gone With the Wind,1939,"Presented as originally released in 1939. Includes themes and character depictions which may be offensive and problematic to contemporary audiences. Epic Civil War drama focuses on the life of petulant Southern belle Scarlett O'Hara. Starting with her idyllic life on a sprawling plantation, the film traces her survival through the tragic history of the South during the Civil War and Reconstruction, and her tangled love affairs with Ashley Wilkes and Rhett Butler.",91.0,RottenTomatoes
Sweet Smell of Success,1957,"New York City newspaper writer J.J. Hunsecker (Burt Lancaster) holds considerable sway over public opinion with his Broadway column, but one thing that he can't control is his younger sister, Susan (Susan Harrison), who is in a relationship with aspiring jazz guitarist Steve Dallas (Marty Milner). Hunsecker strongly disproves of the romance and recruits publicist Sidney Falco (Tony Curtis) to find a way to split the couple, no matter how ruthless the method.",98.0,RottenTomatoes
The Passion of Joan of Arc,1928,"A classic of the silent age, this film tells the story of the doomed but ultimately canonized 15th-century teenage warrior. On trial for claiming she'd spoken to God, Jeanne d'Arc (Renee Falconetti) is subjected to inhumane treatment and scare tactics at the hands of church court officials (Eugene Silvain, Jean d'Yd). Initially bullied into changing her story, Jeanne eventually opts for what she sees as the truth. Her punishment, a famously brutal execution, earns her perpetual martyrdom.",98.0,RottenTomatoes
Freaks,1932,"When trapeze artist Cleopatra (Olga Baclanova) learns that circus midget Hans (Harry Earles) has an inheritance, she marries the lovesick, diminutive performer, all the while planning to steal his fortune and run off with her lover, strong man Hercules (Henry Victor). When Hans' friends and fellow performers discover what is going on, they band together and carry out a brutal revenge that leaves Hercules and Cleopatra knowing what it truly means to be a ""freak.""",95.0,RottenTomatoes
The African Queen,1951,"After religious spinster's (Katharine Hepburn) missionary brother is killed in WWI Africa, dissolute steamer captain (Humphrey Bogart) offers her safe passage. She's not satisfied so she persuades him to destroy a German gunboat. The two spend most of their time fighting with each other rather than the Germans. Time alone on the river leads to love.",98.0,RottenTomatoes
Rio Bravo,1959,"When gunslinger Joe Burdette (Claude Akins) kills a man in a saloon, Sheriff John T. Chance (John Wayne) arrests him with the aid of the town drunk, Dude (Dean Martin). Before long, Burdette's brother, Nathan (John Russell), comes around, indicating that he's prepared to bust his brother out of jail if necessary. Chance decides to make a stand until reinforcements arrive, enlisting Dude, an old cripple named Stumpy (Walter Brennan) and baby-faced cowboy Colorado Ryan (Ricky Nelson) to help.",100.0,RottenTomatoes
In a Lonely Place,1950,"Hollywood screenwriter Dixon Steele (Humphrey Bogart) and his neighbor Laurel (Gloria Grahame) are just getting to know each other romantically when the police begin questioning Dixon about his involvement in the murder of a girl he met once. Certain her new love interest is innocent, Laurel stands by Dixon, but as the police continue pressing him, Dixon begins to act increasingly erratically. The blossoming love affair suffers as Laurel begins to wonder if Dixon really might be a killer.",98.0,RottenTomatoes
The French Connection,1971,"New York Detective ""Popeye"" Doyle (Gene Hackman) and his partner (Roy Scheider) chase a French heroin smuggler.",98.0,RottenTomatoes
2001: A Space Odyssey,1968,"An imposing black structure provides a connection between the past and the future in this enigmatic adaptation of a short story by revered sci-fi author Arthur C. Clarke. When Dr. Dave Bowman (Keir Dullea) and other astronauts are sent on a mysterious mission, their ship's computer system, HAL, begins to display increasingly strange behavior, leading up to a tense showdown between man and machine that results in a mind-bending trek through space and time.",92.0,RottenTomatoes
Night of the Living Dead,1968,"A disparate group of individuals takes refuge in an abandoned house when corpses begin to leave the graveyard in search of fresh human bodies to devour. The pragmatic Ben (Duane Jones) does his best to control the situation, but when the reanimated bodies surround the house, the other survivors begin to panic. As any semblance of order within the group begins to dissipate, the zombies start to find ways inside -- and one by one, the living humans become the prey of the deceased ones.",97.0,RottenTomatoes
Notorious,1946,"In order to help bring Nazis to justice, U.S. government agent T.R. Devlin (Cary Grant) recruits Alicia Huberman (Ingrid Bergman), the American daughter of a convicted German war criminal, as a spy. As they begin to fall for one another, Alicia is instructed to win the affections of Alexander Sebastian (Claude Rains), a Nazi hiding out in Brazil. When Sebastian becomes serious about his relationship with Alicia, the stakes get higher, and Devlin must watch her slip further undercover.",98.0,RottenTomatoes
The Lost Weekend,1945,"Writer Don Birnam (Ray Milland) is on the wagon. Sober for only a few days, Don is supposed to be spending the weekend with his brother, Wick (Phillip Terry), but, eager for a drink, Don convinces his girlfriend (Jane Wyman) to take Wick to a show. Don, meanwhile, heads to his local bar and misses the train out of town. After recounting to the bartender (Howard da Silva) how he developed a drinking problem, Don goes on a weekend-long bender that just might prove to be his last.",98.0,RottenTomatoes
Miracle on 34th Street,1947,"In this Christmas classic, an old man going by the name of Kris Kringle (Edmund Gwenn) fills in for an intoxicated Santa in Macy's annual Thanksgiving Day parade. Kringle proves to be such a hit that he is soon appearing regularly at the chain's main store in midtown Manhattan. When Kringle surprises customers and employees alike by claiming that he really is Santa Claus, it leads to a court case to determine his mental health and, more importantly, his authenticity.",96.0,RottenTomatoes
The Day the Earth Stood Still,1951,"When a UFO lands in Washington, D.C., bearing a message for Earth's leaders, all of humanity stands still. Klaatu (Michael Rennie) has come on behalf of alien life who have been watching Cold War-era nuclear proliferation on Earth. But it is Klaatu's soft-spoken robot Gort that presents a more immediate threat to onlookers. A single mother (Patricia Neal) and her son teach the world about peace and tolerance in this moral fable, ousting the tanks and soldiers that greet the alien's arrival.",95.0,RottenTomatoes
Gentlemen Prefer Blondes,1953,"Lorelei Lee (Marilyn Monroe) is a beautiful showgirl engaged to be married to the wealthy Gus Esmond (Tommy Noonan), much to the disapproval of Gus' rich father, Esmond Sr., who thinks that Lorelei is just after his money. When Lorelei goes on a cruise accompanied only by her best friend, Dorothy Shaw (Jane Russell), Esmond Sr. hires Ernie Malone (Elliott Reid), a private detective, to follow her and report any questionable behavior that would disqualify her from the marriage.",98.0,RottenTomatoes
Detour,1945,"In New York, piano player Al Roberts (Tom Neal) laments when his singer girlfriend, Sue Harvey (Claudia Drake), leaves for Hollywood, Calif. When Al gets some money, he decides to hitchhike to California to join Sue. In Arizona, Al accepts a ride with Charles Haskell (Edmund MacDonald), but during a storm in a freak accident, Haskell is killed. Frightened, Al assumes Haskell's identity and car, but soon comes upon the mysterious Vera (Ann Savage), who seems to know all about his true identity.",98.0,RottenTomatoes
Paths of Glory,1957,"During World War I, commanding officer General Broulard (Adolphe Menjou) orders his subordinate, General Mireau (George Macready), to attack a German trench position, offering a promotion as an incentive. Though the mission is foolhardy to the point of suicide, Mireau commands his own subordinate, Colonel Dax (Kirk Douglas), to plan the attack. When it ends in disaster, General Mireau demands the court-martial of three random soldiers in order to save face.",95.0,RottenTomatoes
Rosemary's Baby,1968,"A young wife comes to believe that her offspring is not of this world. Waifish Rosemary Woodhouse (Mia Farrow) and her struggling actor husband Guy (John Cassavetes) move to a New York City apartment building with an ominous reputation and odd neighbors Roman and Minnie Castavet (Sidney Blackmer, Ruth Gordon). When Rosemary becomes pregnant she becomes increasingly isolated, and the diabolical truth is revealed only after Rosemary gives birth.",96.0,RottenTomatoes
The Bridge on the River Kwai,1957,"Adaptation of the Pierre Bouelle novel about POWs in Burma forced to build a bridge to aid the war effort of their Japanese captors. British and American officers plot to blow up the structure, but the commander of the bridge's construction has different plans.",95.0,RottenTomatoes
Badlands,1973,"Inspired by real-life killers Charles Starkweather and Caril-Ann Fugate, this tale of crime and love begins in a dead-end town. Teenage girl Holly (Sissy Spacek) angers her father (Warren Oates) when she begins dating an older and rebellious boy (Martin Sheen). After a conflict between Holly and her father erupts in murder, the young lovers are forced to flee. In the ensuing crime spree, they journey through the Midwest to the Badlands of Montana, eluding authorities along the way.",97.0,RottenTomatoes
Gun Crazy,1950,"When gun-obsessed pacifist Bart Tare (John Dall) witnesses expert shooter Annie Laurie Starr (Peggy Cummins) demonstrate her firearm prowess at a carnival one night, it's love at first sight. Aimless Bart joins the traveling show and begins a romance with Annie, but her dangerously rebellious spirit soon gets them both fired. After eloping, the young lovers embark on an armed robbery spree, managing to elude the authorities until Annie insists on pulling one last job.",98.0,RottenTomatoes
The Leopard,1963,"As Garibaldi's troops begin the unification of Italy in the 1860s, an aristocratic Sicilian family grudgingly adapts to the sweeping social changes undermining their way of life. Proud but pragmatic Prince Don Fabrizio Salina (Burt Lancaster) allows his war hero nephew, Tancredi (Alain Delon), to marry Angelica (Claudia Cardinale), the beautiful daughter of gauche, bourgeois Don Calogero, in order to maintain the family's accustomed level of comfort and political clout.",98.0,RottenTomatoes
Repulsion,1965,"In Roman Polanski's first English-language film, beautiful young manicurist Carole (Catherine Deneuve) suffers from androphobia (the pathological fear of interaction with men). When her sister and roommate, Helen (Yvonne Furneaux), leaves their London flat to go on an Italian holiday with her married boyfriend (Ian Hendry), Carole withdraws into her apartment. She begins to experience frightful hallucinations, her fear gradually mutating into madness.",95.0,RottenTomatoes
One Hundred and One Dalmatians,1961,"In a Disney animation classic, Dalmatian Pongo is tired of his bachelor-dog life. He spies lovely Perdita and maneuvers his master, Roger, into meeting Perdita's owner, Anita. The owners fall in love and marry, keeping Pongo and Perdita together too. After Perdita gives birth to a litter of 15 puppies, Anita's old school friend Cruella De Vil wants to buy them all. Roger declines her offer, so Cruella hires the criminal Badun brothers to steal them -- so she can have a fur coat.",98.0,RottenTomatoes
The Invisible Man,1933,"While researching a new drug, Dr. Jack Griffin (Claude Rains) stumbles on a potion that can make him invisible. When he reveals his new ability to his old mentor (Henry Travers) and his fiancée (Gloria Stuart), it's clear that a side effect of the potion is insanity. Jack goes on a violent rampage, and the police struggle to hunt him down, unable to see their target, while his mentor and his former partner (William Harrigan) desperately try to devise a plan to capture him.",94.0,RottenTomatoes
Kiss Me Deadly,1955,"One evening, private detective Mike Hammer (Ralph Meeker) picks up a strange woman, Christina (Cloris Leachman), who's standing on the highway wearing only a trench coat. They're stopped farther on by strangers who knock out Mike and murder Christina. Although warned not to investigate by the police, Mike and his girlfriend and assistant, Velda (Maxine Cooper), become ensnared in a dark plot involving scientist Dr. Soberin (Albert Dekker) and Christina's terrified roommate, Lily (Gaby Rodgers).",98.0,RottenTomatoes
Children of Paradise,1945,"In this expansive drama, the lovely and enigmatic Parisian actress Garance (Arletty) draws the attention of various men in her orbit, including the thoughtful mime Baptiste (Jean-Louis Barrault) and the ambitious actor Frédérick (Pierre Brasseur). Though Garance and Baptiste have an undeniable connection, their fortunes shift considerably, pushing them apart as well as bringing them back together, even as they pursue other relationships and lead separate lives.",98.0,RottenTomatoes
Stormy Weather,1943,"Bill Williamson (Bill Robinson), a struggling performer, meets a beautiful vocalist named Selina Rogers (Lena Horne). Bill promises her that they will be together after he becomes a success. However, he and Selina both skyrocket to fame and lose contact. Fortunately, Bill just might get one more chance to woo Selina at a huge musical stage show. Popular entertainers of the 1940s, including Fats Waller and Cab Calloway, perform as themselves in the film.",95.0,RottenTomatoes
The Manchurian Candidate,1962,"Near the end of the Korean War, a platoon of U.S. soldiers is captured by communists and brainwashed. Following the war, the platoon is returned home, and Sergeant Raymond Shaw (Laurence Harvey) is lauded as a hero by the rest of his platoon. However, the platoon commander, Captain Bennett Marco (Frank Sinatra), finds himself plagued by strange nightmares and, together with fellow soldier Allen Melvin (James Edwards), races to uncover a terrible plot.",97.0,RottenTomatoes
Marty,1955,"This acclaimed romantic drama follows the life of Marty Piletti (Ernest Borgnine), a stout bachelor butcher who lives with his mother (Esther Minciotti) in the Bronx. Always unlucky in love, Marty reluctantly goes out to a ballroom one night and meets a nice teacher named Clara (Betsy Blair). Though Marty and Clara hit it off, his relatives discourage him from pursuing the relationship, and he must decide between his family's approval or a shot at finding romance.",98.0,RottenTomatoes
The Blue Angel,1930,"Prim educator Immanuel Rath (Emil Jannings) finds some of his students ogling racy photos of cabaret performer Lola Lola (Marlene Dietrich) and visits a local club, The Blue Angel, in an attempt to catch them there. Seeing Lola perform, the teacher is driven mad with lust, eventually resigning his position at the school to marry his beloved. However, married life with a woman whose job is to make men desire her proves more difficult than Rath imagined.",96.0,RottenTomatoes
One Flew Over the Cuckoo's Nest,1975,"When Randle Patrick McMurphy (Jack Nicholson) gets transferred for evaluation from a prison farm to a mental institution, he assumes it will be a less restrictive environment. But the martinet Nurse Ratched (Louise Fletcher) runs the psychiatric ward with an iron fist, keeping her patients cowed through abuse, medication and sessions of electroconvulsive therapy. The battle of wills between the rebellious McMurphy and the inflexible Ratched soon affects all the ward's patients.",94.0,RottenTomatoes
Mary Poppins,1964,"When Jane (Karen Dotrice) and Michael (Matthew Garber), the children of the wealthy and uptight Banks family, are faced with the prospect of a new nanny, they are pleasantly surprised by the arrival of the magical Mary Poppins (Julie Andrews). Embarking on a series of fantastical adventures with Mary and her Cockney performer friend, Bert (Dick Van Dyke), the siblings try to pass on some of their nanny's sunny attitude to their preoccupied parents (David Tomlinson, Glynis Johns).",98.0,RottenTomatoes
Ran,1985,"At the age of seventy, after years of consolidating his empire, the Great Lord Hidetora Ichimonji (Tatsuya Nakadai) decides to abdicate and divide his domain amongst his three sons. Taro (Akira Terao), the eldest, will rule. Jiro (Jinpachi Nezu), his second son, and Saburo (Daisuke Ryu) will take command of the Second and Third Castles but are expected to obey and support their elder brother. Saburo defies the pledge of obedience and is banished.",96.0,RottenTomatoes
Some Like It Hot,1959,"After witnessing a Mafia murder, slick saxophone player Joe (Tony Curtis) and his long-suffering buddy, Jerry (Jack Lemmon), improvise a quick plan to escape from Chicago with their lives. Disguising themselves as women, they join an all-female jazz band and hop a train bound for sunny Florida. While Joe pretends to be a millionaire to win the band's sexy singer, Sugar (Marilyn Monroe), Jerry finds himself pursued by a real millionaire (Joe E. Brown) as things heat up and the mobsters close in.",95.0,RottenTomatoes
It Happened One Night,1934,"In Frank Capra's acclaimed romantic comedy, spoiled heiress Ellie Andrews (Claudette Colbert) impetuously marries the scheming King Westley, leading her tycoon father (Walter Connolly) to spirit her away on his yacht. After jumping ship, Ellie falls in with cynical newspaper reporter Peter Warne (Clark Gable), who offers to help her reunite with her new husband in exchange for an exclusive story. But during their travels, the reporter finds himself falling for the feisty young heiress.",99.0,RottenTomatoes
Toy Story 4,2019,"Woody, Buzz Lightyear and the rest of the gang embark on a road trip with Bonnie and a new toy named Forky. The adventurous journey turns into an unexpected reunion as Woody's slight detour leads him to his long-lost friend Bo Peep. As Woody and Bo discuss the old days, they soon start to realize that they're worlds apart when it comes to what they want from life as a toy.",97.0,RottenTomatoes
Lady Bird,2017,A teenager (Saoirse Ronan) navigates a loving but turbulent relationship with her strong-willed mother (Laurie Metcalf) over the course of an eventful and poignant senior year of high school.,99.0,RottenTomatoes
BlacKkKlansman,2018,"Ron Stallworth is the first African-American detective to serve in the Colorado Springs Police Department. Determined to make a name for himself, Stallworth bravely sets out on a dangerous mission: infiltrate and expose the Ku Klux Klan. The detective soon recruits a more seasoned colleague, Flip Zimmerman, into the undercover investigation of a lifetime. Together, they team up to take down the extremist hate group as the organization aims to sanitize its rhetoric to appeal to the mainstream.",96.0,RottenTomatoes
Modern Times,1936,"This comedic masterpiece finds the iconic Little Tramp (Charlie Chaplin) employed at a state-of-the-art factory where the inescapable machinery completely overwhelms him, and where various mishaps keep getting him sent to prison. In between his various jail stints, he meets and befriends an orphan girl (Paulette Goddard). Both together and apart, they try to contend with the difficulties of modern life, with the Tramp working as a waiter and eventually a performer.",100.0,RottenTomatoes
Eighth Grade,2018,Thirteen-year-old Kayla endures the tidal wave of contemporary suburban adolescence as she makes her way through the last week of middle school -- the end of her thus far disastrous eighth-grade year.,99.0,RottenTomatoes
Booksmart,2019,"Academic overachievers Amy and Molly thought keeping their noses to the grindstone gave them a leg up on their high school peers. But on the eve of graduation, the best friends suddenly realize that they may have missed out on the special moments of their teenage years. Determined to make up for lost time, the girls decide to cram four years of not-to-be missed fun into one night -- a chaotic adventure that no amount of book smarts could prepare them for.",96.0,RottenTomatoes
Coco,2017,"Despite his family's generations-old ban on music, young Miguel dreams of becoming an accomplished musician like his idol Ernesto de la Cruz. Desperate to prove his talent, Miguel finds himself in the stunning and colorful Land of the Dead. After meeting a charming trickster named Héctor, the two new friends embark on an extraordinary journey to unlock the real story behind Miguel's family history.",97.0,RottenTomatoes
A Night at the Opera,1935,"The Marx Brothers run amuck in the world of opera when Otis B. Driftwood (Groucho Marx) meets aspiring singer Ricardo (Allan Jones), who is determined to win the love of fellow performer Rosa (Kitty Carlisle). Aided by Fiorello (Chico Marx) and Tomasso (Harpo Marx), Otis attempts to unite the young couple, but faces opposition from the preening star Lassparri (Walter Woolf King), who also has his sights on Rosa. Traveling from Italy to New York, Otis and friends rally to try and win the day.",97.0,RottenTomatoes
The Farewell,2019,Billi's family returns to China under the guise of a fake wedding to stealthily say goodbye to their beloved matriarch -- the only person that doesn't know she only has a few weeks to live.,97.0,RottenTomatoes
Singin' in the Rain,1952,"A spoof of the turmoil that afflicted the movie industry in the late 1920s when movies went from silent to sound. When two silent movie stars', Don Lockwood and Lina Lamont, latest movie is made into a musical a chorus girl is brought in to dub Lina's speaking and singing. Don is on top of the world until Lina finds out.",100.0,RottenTomatoes
The Big Sick,2017,"Kumail is a Pakistani comic, who meets an American graduate student named Emily at one of his stand-up shows. As their relationship blossoms, he soon becomes worried about what his traditional Muslim parents will think of her. When Emily suddenly comes down with an illness that leaves her in a coma, Kumail finds himself developing a bond with her deeply concerned mother and father.",98.0,RottenTomatoes
The Kid,1921,"Chaplin's first full-length feature is a silent masterpiece about a little tramp who discovers a little orphan and brings him up but is left desolate when the orphanage reclaims him. Chaplin directed, produced and starred in the film, as well as composed the score.",100.0,RottenTomatoes
Paddington 2,2017,"Settled in with the Brown family, Paddington the bear is a popular member of the community who spreads joy and marmalade wherever he goes. One fine day, he spots a pop-up book in an antique shop -- the perfect present for his beloved aunt's 100th birthday. When a thief steals the prized book, Paddington embarks on an epic quest to unmask the culprit before Aunt Lucy's big celebration.",100.0,RottenTomatoes
Once Upon a Time... In Hollywood,2019,"Actor Rick Dalton gained fame and fortune by starring in a 1950s television Western, but is now struggling to find meaningful work in a Hollywood that he doesn't recognize anymore. He spends most of his time drinking and palling around with Cliff Booth, his easygoing best friend and longtime stunt double. Rick also happens to live next door to Roman Polanski and Sharon Tate -- the filmmaker and budding actress whose futures will forever be altered by members of the Manson Family.",85.0,RottenTomatoes
Zootopia,2016,"From the largest elephant to the smallest shrew, the city of Zootopia is a mammal metropolis where various animals live and thrive. When Judy Hopps (Ginnifer Goodwin) becomes the first rabbit to join the police force, she quickly learns how tough it is to enforce the law. Determined to prove herself, Judy jumps at the opportunity to solve a mysterious case. Unfortunately, that means working with Nick Wilde (Jason Bateman), a wily fox who makes her job even harder.",98.0,RottenTomatoes
A Hard Day's Night,1964,"The Beatles in their feature film debut, one of the greatest rock-and-roll comedy adventures ever. The film has a fully restored negative and digitally restored soundtrack. The film takes on the just-left-of-reality style of mock-documentary, following ""a day in the life"" of John, Paul, George, and Ringo as fame takes them by storm.",98.0,RottenTomatoes
La La Land,2016,"Sebastian (Ryan Gosling) and Mia (Emma Stone) are drawn together by their common desire to do what they love. But as success mounts they are faced with decisions that begin to fray the fragile fabric of their love affair, and the dreams they worked so hard to maintain in each other threaten to rip them apart.",90.0,RottenTomatoes
Top Hat,1935,"The story centers on wealthy Dale Tremont (Ginger Rogers), on holiday in London and Venice. She assumes that American entertainer Jerry Travers (Fred Astaire) is the husband of her friend Madge (Helen Broderick) -- who's actually the wife of Jerry's business manager Horace Hardwick (Edward Everett Horton).",100.0,RottenTomatoes
The Philadelphia Story,1940,"This classic romantic comedy focuses on Tracy Lord (Katharine Hepburn), a Philadelphia socialite who has split from her husband, C.K. Dexter Haven (Cary Grant), due both to his drinking and to her overly demanding nature. As Tracy prepares to wed the wealthy George Kittredge (John Howard), she crosses paths with both Dexter and prying reporter Macaulay Connor (James Stewart). Unclear about her feelings for all three men, Tracy must decide whom she truly loves.",100.0,RottenTomatoes
Up,2009,"Carl Fredricksen (Ed Asner), a 78-year-old balloon salesman, is about to fulfill a lifelong dream. Tying thousands of balloons to his house, he flies away to the South American wilderness. But curmudgeonly Carl's worst nightmare comes true when he discovers a little boy named Russell is a stowaway aboard the balloon-powered house.",98.0,RottenTomatoes
Toy Story 3,2010,"With their beloved Andy preparing to leave for college, Woody (Tom Hanks), Buzz Lightyear (Tim Allen), Jessie (Joan Cusack), and the rest of the toys find themselves headed for the attic but mistakenly wind up on the curb with the trash. Woody's quick thinking saves the gang, but all but Woody end up being donated to a day-care center. Unfortunately, the uncontrollable kids do not play nice, so Woody and the gang make plans for a great escape.",98.0,RottenTomatoes
Toy Story 2,1999,"Woody (Tom Hanks) is stolen from his home by toy dealer Al McWhiggin (Wayne Knight), leaving Buzz Lightyear (Tim Allen) and the rest of the gang to try to rescue him. But when Woody discovers that he's actually a valuable collectible from a once-popular television show called ""Woody's Roundup"" and is reunited with his horse Bullseye, Jessie the yodeling cowgirl (Joan Cusack) and his faithful sidekick, Stinky Pete the Prospector (Kelsey Grammer), he doesn't want to leave.",100.0,RottenTomatoes
"Three Billboards Outside Ebbing, Missouri",2017,"After months have passed without a culprit in her daughter's murder case, Mildred Hayes makes a bold move, painting three signs leading into her town with a controversial message directed at William Willoughby, the town's revered chief of police. When his second-in-command, Officer Dixon -- an immature mother's boy with a penchant for violence -- gets involved, the battle is only exacerbated.",90.0,RottenTomatoes
The Lady Eve,1941,"It's no accident when wealthy Charles (Henry Fonda) falls for Jean (Barbara Stanwyck). Jean is a con artist with her sights set on Charles' fortune. Matters complicate when Jean starts falling for her mark. When Charles suspects Jean is a gold digger, he dumps her. Jean, fixated on revenge and still pining for the millionaire, devises a plan to get back in Charles' life. With love and payback on her mind, she re-introduces herself to Charles, this time as an aristocrat named Lady Eve Sidwich.",100.0,RottenTomatoes
Dr. Strangelove Or: How I Learned to Stop Worrying and Love the Bomb,1964,"A film about what could happen if the wrong person pushed the wrong button -- and it played the situation for laughs. U.S. Air Force General Jack Ripper goes completely insane, and sends his bomber wing to destroy the U.S.S.R. He thinks that the communists are conspiring to pollute the ""precious bodily fluids"" of the American people.",98.0,RottenTomatoes
Finding Nemo,2003,"Marlin (Albert Brooks), a clown fish, is overly cautious with his son, Nemo (Alexander Gould), who has a foreshortened fin. When Nemo swims too close to the surface to prove himself, he is caught by a diver, and horrified Marlin must set out to find him. A blue reef fish named Dory (Ellen DeGeneres) -- who has a really short memory -- joins Marlin and complicates the encounters with sharks, jellyfish, and a host of ocean dangers. Meanwhile, Nemo plots his escape from a dentist's fish tank.",99.0,RottenTomatoes
The Thin Man,1934,"The recently divorced Gilbert discovers that his new girlfriend has stolen $50,000 and is carrying on with other men. Not long afterward, he disappears. Anxious to locate her father, Gilbert's daughter goes to private detective Nick Charles for help.",98.0,RottenTomatoes
Kind Hearts and Coronets,1949,"When his mother eloped with an Italian opera singer, Louis Mazzini (Dennis Price) was cut off from her aristocratic family. After the family refuses to let her be buried in the family mausoleum, Louis avenges his mother's death by attempting to murder every family member (all played by Alec Guinness) who stands between himself and the family fortune. But when he finds himself torn between his longtime love (Joan Greenwood) and the widow of one of his victims (Valerie Hobson), his plans go awry.",100.0,RottenTomatoes
Crazy Rich Asians,2018,"Rachel Chu is happy to accompany her longtime boyfriend, Nick, to his best friend's wedding in Singapore. She's also surprised to learn that Nick's family is extremely wealthy and he's considered one of the country's most eligible bachelors. Thrust into the spotlight, Rachel must now contend with jealous socialites, quirky relatives and something far, far worse -- Nick's disapproving mother.",91.0,RottenTomatoes
His Girl Friday,1940,"When hard-charging New York newspaper editor Walter Burns (Cary Grant) discovers that his ex-wife, investigative reporter Hildy Johnson (Rosalind Russell), has gotten engaged to milquetoast insurance agent Bruce Baldwin (Ralph Bellamy), he unsuccessfully tries to lure her away from tame domestic life with a story about the impending execution of convicted murderer Earl Williams. But when Hildy discovers Williams may be innocent, her reporter instincts take over.",98.0,RottenTomatoes
The Gold Rush,1925,"In this classic silent comedy, the Little Tramp (Charles Chaplin) heads north to join in the Klondike gold rush. Trapped in a small cabin by a blizzard, the Tramp is forced to share close quarters with a successful prospector (Mack Swain) and a fugitive (Tom Murray). Eventually able to leave the cabin, he falls for a lovely barmaid (Georgia Hale), trying valiantly to win her affections. When the prospector needs help locating his claim, it appears the Tramp's fortunes may change.",100.0,RottenTomatoes
Paterson,2016,"Paterson (Adam Driver) is a hardworking bus driver in Paterson, N.J., who follows the same routine every day. He observes the city and listens to fragments of conversations while picking up and dropping off his passengers. Paterson also writes heartfelt poems in a notebook, walks his dog and drinks one beer in a bar after his shift is over. Waiting for him at home is Laura (Golshifteh Farahani), his beloved wife who champions his gift for writing.",96.0,RottenTomatoes
The LEGO Movie,2014,"Emmet (Chris Pratt), an ordinary LEGO figurine who always follows the rules, is mistakenly identified as the Special -- an extraordinary being and the key to saving the world. He finds himself drafted into a fellowship of strangers who are on a mission to stop an evil tyrant's (Will Ferrell) plans to conquer the world. Unfortunately for Emmet, he is hopelessly -- and hilariously -- unprepared for such a task, but he'll give it his all nonetheless.",96.0,RottenTomatoes
Sorry to Bother You,2018,"In an alternate reality of present-day Oakland, Calif., telemarketer Cassius Green finds himself in a macabre universe after he discovers a magical key that leads to material glory. As Green's career begins to take off, his friends and co-workers organize a protest against corporate oppression. Cassius soon falls under the spell of Steve Lift, a cocaine-snorting CEO who offers him a salary beyond his wildest dreams.",93.0,RottenTomatoes
Ant-Man and The Wasp,2018,"Scott Lang is grappling with the consequences of his choices as both a superhero and a father. Approached by Hope van Dyne and Dr. Hank Pym, Lang must once again don the Ant-Man suit and fight alongside the Wasp. The urgent mission soon leads to secret revelations from the past as the dynamic duo finds itself in an epic battle against a powerful new enemy.",87.0,RottenTomatoes
The Disaster Artist,2017,"The incredible true story of aspiring filmmaker and Hollywood outsider Tommy Wiseau as he and his best friend defiantly pursue their dreams and embark on the hilarious odyssey of making the now-infamous, cult classic ""The Room.""",91.0,RottenTomatoes
Toy Story,1995,"Woody (Tom Hanks), a good-hearted cowboy doll who belongs to a young boy named Andy (John Morris), sees his position as Andy's favorite toy jeopardized when his parents buy him a Buzz Lightyear (Tim Allen) action figure. Even worse, the arrogant Buzz thinks he's a real spaceman on a mission to return to his home planet. When Andy's family moves to a new house, Woody and Buzz must escape the clutches of maladjusted neighbor Sid Phillips (Erik von Detten) and reunite with their boy.",100.0,RottenTomatoes
Isle of Dogs,2018,"When, by executive decree, all the canine pets of Megasaki City are exiled to a vast garbage-dump called Trash Island, 12-year-old Atari sets off alone in a miniature Junior-Turbo Prop and flies across the river in search of his bodyguard-dog, Spots. There, with the assistance of a pack of newly-found mongrel friends, he begins an epic journey that will decide the fate and future of the entire Prefecture.",90.0,RottenTomatoes
Birdman or (The Unexpected Virtue of Ignorance),2014,"Former cinema superhero Riggan Thomson (Michael Keaton) is mounting an ambitious Broadway production that he hopes will breathe new life into his stagnant career. It's risky, but he hopes that his creative gamble will prove that he's a real artist and not just a washed-up movie star. As opening night approaches, a castmate is injured, forcing Riggan to hire an actor (Edward Norton) who is guaranteed to shake things up. Meanwhile, Riggan must deal with his girlfriend, daughter and ex-wife.",91.0,RottenTomatoes
Monty Python and the Holy Grail,1975,"A comedic send-up of the grim circumstances of the Middle Ages as told through the story of King Arthur and framed by a modern-day murder investigation. When the mythical king of the Britons leads his knights on a quest for the Holy Grail, they face a wide array of horrors, including a persistent Black Knight, a three-headed giant, a cadre of shrubbery-challenged knights, the perilous Castle Anthrax, a killer rabbit, a house of virgins, and a handful of rude Frenchmen.",97.0,RottenTomatoes
City Lights,1931,"A hapless but resilient tramp (Charlie Chaplin) falls in love with a blind flower girl (Virginia Cherrill) on the tough city streets. Upon learning that she and her grandmother are to be evicted from their home, the tramp undertakes a series of attempts to provide them with the money they need, all of which end in humiliating failure. But after a drunken millionaire (Harry Myers) lavishly rewards him for saving his life, the tramp can change the flower girl's life forever.",98.0,RottenTomatoes
The Artist,2011,"In the 1920s, actor George Valentin (Jean Dujardin) is a bona fide matinee idol with many adoring fans. While working on his latest film, George finds himself falling in love with an ingenue named Peppy Miller (Bérénice Bejo) and, what's more, it seems Peppy feels the same way. But George is reluctant to cheat on his wife with the beautiful young actress. The growing popularity of sound in movies further separates the potential lovers, as George's career begins to fade while Peppy's star rises.",95.0,RottenTomatoes
The Death of Stalin,2017,"When tyrannical dictator Joseph Stalin dies in 1953, his parasitic cronies square off in a frantic power struggle to become the next Soviet leader. Among the contenders are the dweebish Georgy Malenkov, the wily Nikita Khrushchev and Lavrenti Beria -- the sadistic secret police chief. As they bumble, brawl and back-stab their way to the top, the question remains -- just who is running the government?",95.0,RottenTomatoes
La dolce vita,1960,"In Federico Fellini's lauded Italian film, restless reporter Marcello Rubini (Marcello Mastroianni) drifts through life in Rome. While Marcello contends with the overdose taken by his girlfriend, Emma (Yvonne Furneaux), he also pursues heiress Maddalena (Anouk Aimée) and movie star Sylvia (Anita Ekberg), embracing a carefree approach to living. Despite his hedonistic attitude, Marcello does have moments of quiet reflection, resulting in an intriguing cinematic character study.",96.0,RottenTomatoes
Roman Holiday,1953,"Overwhelmed by her suffocating schedule, touring European princess Ann (Audrey Hepburn) takes off for a night while in Rome. When a sedative she took from her doctor kicks in, however, she falls asleep on a park bench and is found by an American reporter, Joe Bradley (Gregory Peck),who takes her back to his apartment for safety. At work the next morning, Joe finds out Ann's regal identity and bets his editor he can get exclusive interview with her, but romance soon gets in the way.",97.0,RottenTomatoes
Shaun the Sheep Movie,2015,"All is well at Mossy Bottom Farm, except for the fact that the animals will do anything to get out of work. So, Shaun the sheep and his scheming friends devise a plan to put their master to sleep. However, the ruse backfires when the poor farmer finds himself transported to the big city, having lost his memory. Now, it's up to Sean, Timmy the lamb, Shirley the ewe and the rest of the gang to travel to the metropolis and get him back, while not landing in even more trouble themselves.",99.0,RottenTomatoes
Spy,2015,"Despite having solid field training, CIA analyst Susan Cooper (Melissa McCarthy) has spent her entire career as a desk jockey, working hand-in-hand with dashing agent Bradley Fine (Jude Law). Using high-tech equipment and a hidden earpiece, Susan is the guardian angel who helps Bradley avoid danger. However, when Bradley is assassinated by Bulgarian arms dealer Rayna Boyanov (Rose Byrne), Susan wrangles her way into her first undercover assignment to help capture Boyanov and avenge Bradley.",95.0,RottenTomatoes
Palm Springs,2020,"Stuck in a time loop, two wedding guests develop a budding romance while living the same day over and over again.",95.0,RottenTomatoes
Hunt for the Wilderpeople,2016,A boy (Julian Dennison) and his foster father (Sam Neill) become the subjects of a manhunt after they get stranded in the New Zealand wilderness.,97.0,RottenTomatoes
The Grand Budapest Hotel,2014,"In the 1930s, the Grand Budapest Hotel is a popular European ski resort, presided over by concierge Gustave H. (Ralph Fiennes). Zero, a junior lobby boy, becomes Gustave's friend and protege. Gustave prides himself on providing first-class service to the hotel's guests, including satisfying the sexual needs of the many elderly women who stay there. When one of Gustave's lovers dies mysteriously, Gustave finds himself the recipient of a priceless painting and the chief suspect in her murder.",92.0,RottenTomatoes
Ratatouille,2007,"Remy (Patton Oswalt), a resident of Paris, appreciates good food and has quite a sophisticated palate. He would love to become a chef so he can create and enjoy culinary masterpieces to his heart's delight. The only problem is, Remy is a rat. When he winds up in the sewer beneath one of Paris' finest restaurants, the rodent gourmet finds himself ideally placed to realize his dream.",96.0,RottenTomatoes
The Discreet Charm of the Bourgeoisie,1972,"The ambassador of the Latin American republic of Miranda (Fernando Rey), M. Thevenot (Paul Frankeur), his wife Simone (Delphine Seyrig) and her sister Florence (Bulle Ogier) arrive for a dinner party at the house of Alice Sénéchal (Stéphane Audran) and her husband Henri (Jean-Pierre Cassel), only to learn that they were mistaken about the date. In director Luis Buñuel's surreal fantasy, the six bourgeois friends repeatedly gather for a dinner that never quite arrives.",98.0,RottenTomatoes
Annie Hall,1977,"Comedian Alvy Singer (Woody Allen) examines the rise and fall of his relationship with struggling nightclub singer Annie Hall (Diane Keaton). Speaking directly to the audience in front of a bare background, Singer reflects briefly on his childhood and his early adult years before settling in to tell the story of how he and Annie met, fell in love, and struggled with the obstacles of modern romance, mixing surreal fantasy sequences with small moments of emotional drama.",96.0,RottenTomatoes
The Incredibles,2004,"In this lauded Pixar animated film, married superheroes Mr. Incredible (Craig T. Nelson) and Elastigirl (Holly Hunter) are forced to assume mundane lives as Bob and Helen Parr after all super-powered activities have been banned by the government. While Mr. Incredible loves his wife and kids, he longs to return to a life of adventure, and he gets a chance when summoned to an island to battle an out-of-control robot. Soon, Mr. Incredible is in trouble, and it's up to his family to save him.",97.0,RottenTomatoes
Love & Friendship,2016,"In the 18th century, the seductive and manipulative Lady Susan (Kate Beckinsale) uses devious tactics to win the heart of the eligible Reginald De Courcy (Xavier Samuel).",96.0,RottenTomatoes
Logan Lucky,2017,West Virginia family man Jimmy Logan teams up with his one-armed brother Clyde and sister Mellie to steal money from the Charlotte Motor Speedway in North Carolina. Jimmy also recruits demolition expert Joe Bang to help them break into the track's underground system. Complications arise when a mix-up forces the crew to pull off the heist during a popular NASCAR race while also trying to dodge a relentless FBI agent.,92.0,RottenTomatoes
Gentlemen Prefer Blondes,1953,"Lorelei Lee (Marilyn Monroe) is a beautiful showgirl engaged to be married to the wealthy Gus Esmond (Tommy Noonan), much to the disapproval of Gus' rich father, Esmond Sr., who thinks that Lorelei is just after his money. When Lorelei goes on a cruise accompanied only by her best friend, Dorothy Shaw (Jane Russell), Esmond Sr. hires Ernie Malone (Elliott Reid), a private detective, to follow her and report any questionable behavior that would disqualify her from the marriage.",98.0,RottenTomatoes
Tampopo,1985,"Two Japanese milk-truck drivers (Tsutomu Yamazaki, Ken Watanabe) help a restaurant owner (Nobuko Miyamoto) learn how to cook great noodles.",100.0,RottenTomatoes
Sideways,2004,"Struggling writer and wine enthusiast Miles (Paul Giamatti) takes his engaged friend, Jack (Thomas Haden Church), on a trip to wine country for a last single-guy bonding experience. While Miles wants to relax and enjoy the wine, Jack is in search of a fling before his wedding. Soon Jack is sleeping with Stephanie (Sandra Oh), while her friend Maya (Virginia Madsen) connects with Miles. When Miles lets slip that Jack is getting married, both women are furious, sending the trip into disarray.",97.0,RottenTomatoes
The Nice Guys,2016,Holland March (Ryan Gosling) is a down-on-his-luck private eye in 1977 Los Angeles. Jackson Healy (Russell Crowe) is a hired enforcer who hurts people for a living. Fate turns them into unlikely partners after a young woman named Amelia (Margaret Qualley) mysteriously disappears. Healy and March soon learn the hard way that some dangerous people are also looking for Amelia. Their investigation takes them to dark places as anyone else who gets involved in the case seems to wind up dead.,91.0,RottenTomatoes
The LEGO Batman Movie,2017,"There are big changes brewing in Gotham, but if Batman (Will Arnett) wants to save the city from the Joker's (Zach Galifianakis) hostile takeover, he may have to drop the lone vigilante thing, try to work with others and maybe, just maybe, learn to lighten up. Maybe his superhero sidekick Robin (Michael Cera) and loyal butler Alfred (Ralph Fiennes) can show him a thing or two.",90.0,RottenTomatoes
One Hundred and One Dalmatians,1961,"In a Disney animation classic, Dalmatian Pongo is tired of his bachelor-dog life. He spies lovely Perdita and maneuvers his master, Roger, into meeting Perdita's owner, Anita. The owners fall in love and marry, keeping Pongo and Perdita together too. After Perdita gives birth to a litter of 15 puppies, Anita's old school friend Cruella De Vil wants to buy them all. Roger declines her offer, so Cruella hires the criminal Badun brothers to steal them -- so she can have a fur coat.",98.0,RottenTomatoes
The Invisible Man,1933,"While researching a new drug, Dr. Jack Griffin (Claude Rains) stumbles on a potion that can make him invisible. When he reveals his new ability to his old mentor (Henry Travers) and his fiancée (Gloria Stuart), it's clear that a side effect of the potion is insanity. Jack goes on a violent rampage, and the police struggle to hunt him down, unable to see their target, while his mentor and his former partner (William Harrigan) desperately try to devise a plan to capture him.",94.0,RottenTomatoes
Fighting With My Family,2019,"Born into a tight-knit wrestling family, Paige and her brother Zak are ecstatic when they get the once-in-a-lifetime opportunity to try out for the WWE. But when only Paige earns a spot in the competitive training program, she must leave her loved ones behind and face this new cutthroat world alone. Paige's journey pushes her to dig deep and ultimately prove to the world that what makes her different is the very thing that can make her a star.",93.0,RottenTomatoes
Chicken Run,2000,"This engaging stop-motion, claymation adventure tells the story of an American rooster who falls in love with a gorgeous hen on a British farm. The couple decides to run away from the farm, but they must first contend with the evil farmer who is intent on keeping them under her control. The chickens decide to attempt an escape so they don't get turned into chicken pot pies.",97.0,RottenTomatoes
Guardians of the Galaxy Vol. 2,2017,"Peter Quill and his fellow Guardians are hired by a powerful alien race, the Sovereign, to protect their precious batteries from invaders. When it is discovered that Rocket has stolen the items they were sent to guard, the Sovereign dispatch their armada to search for vengeance. As the Guardians try to escape, the mystery of Peter's parentage is revealed.",85.0,RottenTomatoes
Moonrise Kingdom,2012,"The year is 1965, and the residents of New Penzance, an island off the coast of New England, inhabit a community that seems untouched by some of the bad things going on in the rest of the world. Twelve-year-olds Sam (Jared Gilman) and Suzy (Kara Hayward) have fallen in love and decide to run away. But a violent storm is approaching the island, forcing a group of quirky adults (Bruce Willis, Edward Norton, Bill Murray) to mobilize a search party and find the youths before calamity strikes.",93.0,RottenTomatoes
Airplane!,1980,"This spoof comedy takes shots at the slew of disaster movies that were released in the 70s. When the passengers and crew of a jet are incapacitated due to food poisoning, a rogue pilot with a drinking problem must cooperate with his ex-girlfriend turned stewardess to bring the plane to a safe landing.",97.0,RottenTomatoes
The Forty-Year-Old Version,2020,A struggling New York City playwright finds inspiration by reinventing herself as a rapper.,98.0,RottenTomatoes
Playtime,1967,"Clumsy Monsieur Hulot (Jacques Tati) finds himself perplexed by the intimidating complexity of a gadget-filled Paris. He attempts to meet with a business contact but soon becomes lost. His roundabout journey parallels that of an American tourist (Barbara Dennek), and as they weave through the inventive urban environment, they intermittently meet, developing an interest in one another. They eventually get together at a chaotic restaurant, along with several other quirky characters.",98.0,RottenTomatoes
What We Do in the Shadows,2014,"Vampire housemates (Jemaine Clement, Taika Waititi, Jonathan Brugh) try to cope with the complexities of modern life and show a newly turned hipster (Cori Gonzalez-Macuer) some of the perks of being undead.",96.0,RottenTomatoes
Paddington,2014,"After a deadly earthquake destroys his home in Peruvian rainforest, a young bear (Ben Whishaw) makes his way to England in search of a new home. The bear, dubbed ""Paddington"" for the london train station, finds shelter with the family of Henry (Hugh Bonneville) and Mary Brown (Sally Hawkins). Although Paddington's amazement at urban living soon endears him to the Browns, someone else has her eye on him: Taxidermist Millicent Clyde (Nicole Kidman) has designs on the rare bear and his hide.",97.0,RottenTomatoes
Don't Think Twice,2016,"Turmoil strikes a New York improv troupe (Keegan-Michael Key, Gillian Jacobs, Mike Birbiglia) when one member leaves to star in a television show.",98.0,RottenTomatoes
Mary Poppins,1964,"When Jane (Karen Dotrice) and Michael (Matthew Garber), the children of the wealthy and uptight Banks family, are faced with the prospect of a new nanny, they are pleasantly surprised by the arrival of the magical Mary Poppins (Julie Andrews). Embarking on a series of fantastical adventures with Mary and her Cockney performer friend, Bert (Dick Van Dyke), the siblings try to pass on some of their nanny's sunny attitude to their preoccupied parents (David Tomlinson, Glynis Johns).",98.0,RottenTomatoes
Saint Frances,2019,"After an abortion, a deadbeat nanny finds friendship with the 6-year-old she's hired to watch.",99.0,RottenTomatoes
Ghostbusters,1984,"After the members of a team of scientists (Harold Ramis, Dan Aykroyd, Bill Murray) lose their cushy positions at a university in New York City, they decide to become ""ghostbusters"" to wage a high-tech battle with the supernatural for money. They stumble upon a gateway to another dimension, a doorway that will release evil upon the city. The Ghostbusters must now save New York from complete destruction.",97.0,RottenTomatoes
Some Like It Hot,1959,"After witnessing a Mafia murder, slick saxophone player Joe (Tony Curtis) and his long-suffering buddy, Jerry (Jack Lemmon), improvise a quick plan to escape from Chicago with their lives. Disguising themselves as women, they join an all-female jazz band and hop a train bound for sunny Florida. While Joe pretends to be a millionaire to win the band's sexy singer, Sugar (Marilyn Monroe), Jerry finds himself pursued by a real millionaire (Joe E. Brown) as things heat up and the mobsters close in.",95.0,RottenTomatoes
Bringing Up Baby,1938,"Harried paleontologist David Huxley (Cary Grant) has to make a good impression on society matron Mrs. Random (May Robson), who is considering donating one million dollars to his museum. On the day before his wedding, Huxley meets Mrs. Random's high-spirited young niece, Susan Vance (Katharine Hepburn), a madcap adventuress who immediately falls for the straitlaced scientist. The ever-growing chaos -- including a missing dinosaur bone and a pet leopard -- threatens to swallow him whole.",93.0,RottenTomatoes
Blow the Man Down,2019,"Welcome to Easter Cove, a salty fishing village on the far reaches of Maine's rocky coast. Grieving the loss of their mother and facing an uncertain future, Mary Beth & Priscilla Connolly cover up a gruesome run-in with a dangerous man. To conceal their crime, the sisters must go deeper into Easter Cove's underbelly and uncover the town matriarchs' darkest secrets.",98.0,RottenTomatoes
To Be or Not to Be,1942,"Acting couple Joseph (Jack Benny) and Maria Tura (Carole Lombard) are managing a theatrical troupe when the Nazis invade Poland. Maria is having an affair with Lieutenant Sobinski (Robert Stack), who suspects Professor Siletsky (Stanley Ridges) is a Nazi spy. With Siletsky in possession of a list of members of the Polish resistance, the Turas' company takes action. Using their skill for impersonation, Joseph and company must confuse the Nazis and stop Siletsky from handing over the list.",96.0,RottenTomatoes
Groundhog Day,1993,"Phil (Bill Murray), a weatherman, is out to cover the annual emergence of the groundhog from its hole. He gets caught in a blizzard that he didn't predict and finds himself trapped in a time warp. He is doomed to relive the same day over and over again until he gets it right.",96.0,RottenTomatoes
Anomalisa,2015,An inspirational speaker (David Thewlis) becomes reinvigorated after meeting a lively woman (Jennifer Jason Leigh) who shakes up his mundane existence.,92.0,RottenTomatoes
"Monsters, Inc.",2001,"Monsters Incorporated is the largest scare factory in the monster world, and James P. Sullivan (John Goodman) is one of its top scarers. Sullivan is a huge, intimidating monster with blue fur, large purple spots and horns. His scare assistant, best friend and roommate is Mike Wazowski (Billy Crystal), a green, opinionated, feisty little one-eyed monster. Visiting from the human world is Boo (Mary Gibbs), a tiny girl who goes where no human has ever gone before.",96.0,RottenTomatoes
The Player,1992,"Certain that the anonymous threats he's been receiving are the work of David Kahane (Vincent D'Onofrio), producer Griffin Mill (Tim Robbins) tries to fix things over cocktails. Instead, Griffin ends up murdering the screenwriter and courting the dead man's girlfriend (Greta Scacchi). As police investigate, Griffin concentrates on a prestigious film that might reinvigorate his career. But he soon learns that David's demise hasn't been forgotten by everyone in Hollywood.",98.0,RottenTomatoes
You Can't Take It With You,1938,"Sweet-natured Alice Sycamore (Jean Arthur) falls for banker's son Tony Kirby (James Stewart). But when she invites her snooty prospective in-laws to dinner to give their blessing to the marriage, Alice's peculiar extended family -- including philosophical grandfather Martin Vanderhof (Lionel Barrymore), hapless fledgling ballerina sister Essie (Ann Miller) and fireworks enthusiast father, Paul (Samuel S. Hinds) -- might be too eccentric for the staid Kirbys.",93.0,RottenTomatoes
The Truman Show,1998,"He doesn't know it, but everything in Truman Burbank's (Jim Carrey) life is part of a massive TV set. Executive producer Christof (Ed Harris) orchestrates ""The Truman Show,"" a live broadcast of Truman's every move captured by hidden cameras. Cristof tries to control Truman's mind, even removing his true love, Sylvia (Natascha McElhone), from the show and replacing her with Meryl (Laura Linney). As Truman gradually discovers the truth, however, he must decide whether to act on it.",95.0,RottenTomatoes
Big,1988,"After a wish turns 12-year-old Josh Baskin (David Moscow) into a 30-year-old man (Tom Hanks), he heads to New York City and gets a low-level job at MacMillen Toy Company. A chance encounter with the owner (Robert Loggia) of the company leads to a promotion testing new toys. Soon a fellow employee, Susan Lawrence (Elizabeth Perkins), takes a romantic interest in Josh. However, the pressure of living as an adult begins to overwhelm him, and he longs to return to his simple, former life as a boy.",97.0,RottenTomatoes
The Rules of the Game,1939,"In this melancholy French social satire, André (Roland Toutain) is having an affair with Christine (Nora Gregor), whose husband, Robert (Marcel Dalio), himself is hiding a mistress. Meanwhile Christine's married maid, Lisette (Paulette Dubost), is romantically entangled with the local poacher. At a hunting party, trusted friend Octave (Jean Renoir) also confesses his feelings for Christine, as the passions of the servants and aristocrats dangerously collide.",96.0,RottenTomatoes
Back to the Future,1985,"In this 1980s sci-fi classic, small-town California teen Marty McFly (Michael J. Fox) is thrown back into the '50s when an experiment by his eccentric scientist friend Doc Brown (Christopher Lloyd) goes awry. Traveling through time in a modified DeLorean car, Marty encounters young versions of his parents (Crispin Glover, Lea Thompson), and must make sure that they fall in love or he'll cease to exist. Even more dauntingly, Marty has to return to his own time and save the life of Doc Brown.",96.0,RottenTomatoes
Enough Said,2013,"Eva (Julia Louis-Dreyfus), a divorced single parent, seems generally happy but dreads her daughter's departure for college. Unexpectedly, Eva begins a romance with Albert (James Gandolfini), a nice man with whom she has much in common. Meanwhile, Eva finds a new friend in Marianne (Catherine Keener), a poet who is just about perfect except for one thing: She constantly denigrates her ex-husband -- Albert. The more Eva hears, the more she doubts her relationship with him.",95.0,RottenTomatoes
The Apartment,1960,"Insurance worker C.C. Baxter (Jack Lemmon) lends his Upper West Side apartment to company bosses to use for extramarital affairs. When his manager Mr. Sheldrake (Fred MacMurray) begins using Baxter's apartment in exchange for promoting him, Baxter is disappointed to learn that Sheldrake's mistress is Fran Kubelik (Shirley MacLaine), the elevator girl at work whom Baxter is interested in himself. Soon Baxter must decide between the girl he loves and the advancement of his career.",93.0,RottenTomatoes
Bull Durham,1988,"In Durham, N.C., the Bulls minor league baseball team has one asset no other can claim: a poetry-loving groupie named Annie Savoy (Susan Sarandon). As the team's season begins, Annie selects brash new recruit Ebby Calvin Laloosh (Tim Robbins), whom she christens ""Nuke,"" to inspire with the religion of baseball. Nuke also receives guidance from veteran player Crash Davis (Kevin Costner), who settles Nuke's erratic pitching and teaches him to follow the catcher's lead.",97.0,RottenTomatoes
The Edge of Seventeen,2016,"Everyone knows that growing up is hard, and life is no easier for high school junior Nadine (Hailee Steinfeld), who is already at peak awkwardness when her all-star older brother Darian (Blake Jenner) starts dating her best friend Krista (Haley Lu Richardson). All at once, Nadine feels more alone than ever, until an unexpected friendship with a thoughtful teen (Hayden Szeto) gives her a glimmer of hope that things just might not be so terrible after all.",94.0,RottenTomatoes
Deadpool 2,2018,"Wisecracking mercenary Deadpool meets Russell, an angry teenage mutant who lives at an orphanage. When Russell becomes the target of Cable -- a genetically enhanced soldier from the future -- Deadpool realizes that he'll need some help saving the boy from such a superior enemy. He soon joins forces with Bedlam, Shatterstar, Domino and other powerful mutants to protect young Russell from Cable and his advanced weaponry.",84.0,RottenTomatoes
The Muppets,2011,"Walter, the world's biggest Muppet fan, is on vacation in Los Angeles with his brother Gary (Jason Segel) and Gary's girlfriend, Mary (Amy Adams). They discover that greedy Tex Richman (Chris Cooper) plans to raze Muppet Studios and drill for oil on the spot. Desperate to save the Muppets' former stomping grounds, the three friends join forces with Kermit to reunite Miss Piggy, Fozzie and the rest of the gang to hold a telethon to raise the $10 million they need to save the studio .",95.0,RottenTomatoes
Broadcast News,1987,"Intelligent satire of American television news. A highly strung news producer finds herself strangely attracted to a vapid anchorman even through she loathes everything he personifies. To make matters worse, her best friend, a talented but not particularly telegenic news reporter, is secretly in love with her.",98.0,RottenTomatoes
Silver Linings Playbook,2012,"After losing his job and wife, and spending time in a mental institution, Pat Solatano (Bradley Cooper) winds up living with his parents (Robert De Niro, Jacki Weaver). He wants to rebuild his life and reunite with his wife, but his parents would be happy if he just shared their obsession with the Philadelphia Eagles. Things get complicated when Pat meets Tiffany (Jennifer Lawrence), who offers to help him reconnect with his wife, if he will do something very important for her in exchange.",92.0,RottenTomatoes
Lost in Translation,2003,"A lonely, aging movie star named Bob Harris (Bill Murray) and a conflicted newlywed, Charlotte (Scarlett Johansson), meet in Tokyo. Bob is there to film a Japanese whiskey commercial; Charlotte is accompanying her celebrity-photographer husband. Strangers in a foreign land, the two find escape, distraction and understanding amidst the bright Tokyo lights after a chance meeting in the quiet lull of the hotel bar. They form a bond that is as unlikely as it is heartfelt and meaningful.",95.0,RottenTomatoes
Mr. Smith Goes to Washington,1939,"When the idealistic young Jefferson Smith (James Stewart) winds up appointed to the United States Senate, he gains the mentorship of Senator Joseph Paine (Claude Rains). However, Paine isn't as noble as his reputation would indicate, and he becomes involved in a scheme to discredit Smith, who wants to build a boys' campsite where a more lucrative project could go. Determined to stand up against Paine and his corrupt peers, Smith takes his case to the Senate floor.",96.0,RottenTomatoes
Won't You Be My Neighbor?,2018,"Filmmaker Morgan Neville examines the life and legacy of Fred Rogers, the beloved host of the popular children's TV show ""Mister Rogers' Neighborhood.""",97.0,RottenTomatoes
I Am Not Your Negro,2016,"In 1979, James Baldwin wrote a letter to his literary agent describing his next project, ""Remember This House."" The book was to be a revolutionary, personal account of the lives and assassinations of three of his close friends: Medgar Evers, Malcolm X and Martin Luther King, Jr. At the time of Baldwin's death in 1987, he left behind only 30 completed pages of this manuscript. Filmmaker Raoul Peck envisions the book James Baldwin never finished.",99.0,RottenTomatoes
Apollo 11,2019,"Never-before-seen footage and audio recordings take you straight into the heart of NASA's most celebrated mission as astronauts Neil Armstrong, Buzz Aldrin and Michael Collins embark on a historic trip to the moon.",99.0,RottenTomatoes
Life Itself,2014,"Filmmaker Steve James chronicles the life of film critic Roger Ebert, especially his career highlights, his battle with alcohol, and his sometimes ruthless rivalry with fellow critic Gene Siskel.",98.0,RottenTomatoes
Man on Wire,2008,"Using actual footage from the event seamlessly mingled with new re-enactments, filmmaker James Marsh masterfully recreates high-wire daredevil Philippe Petit's 1974 stunt: performing acrobatics on a thin wire strung between the Twin Towers of the World Trade Center. Plotting his feat like a master cat burglar, Petit enlists the help of a motley group of friends as he calculates every detail, from acquiring building access to stringing up the wire, and manages to pull off an astounding crime.",100.0,RottenTomatoes
Amazing Grace,2018,Singer Aretha Franklin performs gospel songs at the New Temple Missionary Baptist Church in Los Angeles in 1972.,99.0,RottenTomatoes
Minding the Gap,2018,"Three young men bond together to escape volatile families in their Rust Belt hometown. As they face adult responsibilities, unexpected revelations threaten their decade-long friendship.",100.0,RottenTomatoes
Faces Places,2017,Director Agnès Varda and photographer and muralist JR journey through rural France and form an unlikely friendship.,99.0,RottenTomatoes
Three Identical Strangers,2018,"Identical triplets become separated at birth and adopted by three different families. Years later, their amazing reunion becomes a global sensation but also unearths an unimaginable secret that has radical repercussions.",97.0,RottenTomatoes
McQueen,2018,Archival footage and interviews with friends and family offer insight into the extraordinary life and career of British fashion designer Alexander McQueen.,99.0,RottenTomatoes
Crip Camp,2020,A groundbreaking summer camp galvanizes teens who have disabilities.,100.0,RottenTomatoes
20 Feet From Stardom,2013,Filmmaker Morgan Neville shines a long-overdue spotlight on the hit-making contributions of longtime backup singers like Darlene Love and Merry Clayton.,99.0,RottenTomatoes
Weiner,2016,"Former Rep. Anthony Weiner (D-N.Y.) runs for mayor of New York in 2013, but a new sex scandal ruins his attempt at a political comeback.",97.0,RottenTomatoes
Collective,2019,"Directed by Alexander Nanau (TOTO AND HIS SISTERS), COLLECTIVE follows a heroic team of journalists as they uncover shocking, widespread corruption. After a deadly nightclub fire, the mysterious death of the owner of a powerful pharmaceutical firm, and the quiet resignation of a health minister—seemingly unrelated events, all within weeks of each other--the team of intrepid reporters exposes a much larger, much more explosive political scandal. COLLECTIVE is a fast-paced, real-time detective story about truth, accountability, and the value of an independent press in partisan times.",99.0,RottenTomatoes
Amy,2015,Archival footage and personal testimonials present an intimate portrait of the life and career of British singer/songwriter Amy Winehouse.,95.0,RottenTomatoes
Dick Johnson Is Dead,2020,A filmmaker and her elderly father stage his death in various ways to help them face his inevitable demise.,100.0,RottenTomatoes
Free Solo,2018,"Alex Honnold completes the first free solo climb of famed El Capitan's 3,000-foot vertical rock face at Yosemite National Park.",97.0,RottenTomatoes
The Last Waltz,1978,"Seventeen years after joining forces as the backing band for rockabilly cult hero Ronnie Hawkins, Canadian roots rockers The Band call it quits with a lavish farewell show at San Francisco's Winterland Ballroom on Nov. 25, 1976. Filmed by Martin Scorsese, this documentary features standout performances by rock legends such as Bob Dylan, Van Morrison, Eric Clapton, Joni Mitchell and Muddy Waters, as well as interviews tracing the group's history and discussing road life.",98.0,RottenTomatoes
Kedi,2016,"Hundreds of thousands of cats have roamed the metropolis of Istanbul freely for thousands of years, wandering in and out of people's lives, impacting them in ways only an animal who lives between the worlds of the wild and the tamed can. Cats and their kittens bring joy and purpose to those they choose, giving people an opportunity to reflect on life and their place in it. In Istanbul, cats are the mirrors to ourselves.",98.0,RottenTomatoes
Totally Under Control,2020,Public health officials discuss the U.S. government's response to the COVID-19 pandemic.,99.0,RottenTomatoes
Stop Making Sense,1984,"Director Jonathan Demme captures the frantic energy and artsy groove of Talking Heads in this concert movie shot at the Hollywood Pantages Theatre in 1983. The band's frontman, David Byrne, first appears on an empty stage, armed with only an acoustic guitar, and is gradually joined by bassist Tina Weymouth, drummer Chris Frantz, keyboardist Jerry Harrison and a cadre of backup singers as they perform the band's hits, culminating in an iconic performance featuring Byrne in an enormous suit.",100.0,RottenTomatoes
Knock Down the House,2019,"A young bartender in the Bronx, a coal miner's daughter in West Virginia, a grieving mother in Nevada, and a registered nurse in Missouri build a movement of insurgent candidates to challenge powerful incumbents in Congress. One of their races will become the most shocking political upsets in recent American history.",99.0,RottenTomatoes
Blackfish,2013,"The story of Tilikum, a captive killer whale that has taken the lives of several people, underscores problems within the sea-park industry, man's relationship to nature, and how little has been learned about these highly intelligent mammals.",98.0,RottenTomatoes
Taxi to the Dark Side,2007,"This documentary explores the American military's use of torture by focusing on the unsolved murder of an Afhgani taxi driver who, in 2002, was taken for questioning at Bagram Force Air Base. Five days later, the man was dead. The medical examiner claimed the driver died from excessive physical abuse. Taking this case as a jumping-off point, the film examines wider claims of torture that occurred at bases like Abu Ghraib and Guantanamo Bay during the Bush administration.",100.0,RottenTomatoes
Time,2020,"Entrepreneur Fox Rich spends the last two decades campaigning for the release of her husband, Rob G. Rich, who is serving a 60-year prison sentence for a robbery they both committed in the early 1990s in a moment of desperation.",98.0,RottenTomatoes
Maiden,2018,"In 1989 Tracy Edwards leads the first all-female crew in the Whitbread Round the World Race, a grueling yachting competition that covers 33,000 miles and lasts nine months.",98.0,RottenTomatoes
Murderball,2005,"This documentary introduces the U.S. quad rugby team -- a team composed entirely of young paraplegic men. Using special wheelchairs and very little protection, the players play full-contact competitive rugby, using rules only slightly altered to accommodate their limitations. The film follows the team as they discuss the sport, their lives, and how they ended up in their chairs to begin with, while they play their way to the 2004 Paralympic Games in Athens, Greece.",98.0,RottenTomatoes
Jodorowsky's Dune,2013,"Filmmaker Alejandro Jodorowsky discusses how he would have adapted Frank Herbert's classic sci-fi novel ""Dune"" for the big screen.",98.0,RottenTomatoes
Welcome to Chechnya,2020,"Activists risk their lives to confront Russian leader Ramzan Kadyrov and his government-directed campaign to detain, torture and execute LGBTQ Chechens.",100.0,RottenTomatoes
Tower,2016,"On Aug. 1, 1966, a sniper rode the elevator to the top floor of the University of Texas Tower and opened fire, holding the campus hostage for 96 minutes. When the gunshots were finally silenced, the toll included 16 dead, three dozen wounded, and a shaken nation left trying to understand what had happened. Archival footage is combined with rotoscopic animation in a dynamic, never-before-seen way to illustrate the action-packed untold stories of the witnesses, heroes and survivors.",99.0,RottenTomatoes
Shirkers,2018,"In 1992 teenager Sandi Tan shoots Singapore's first road movie with her enigmatic American mentor, Georges, who then absconded with all of the footage. The 16 mm film is recovered 20 years later, sending Tan, who is now a novelist living in Los Angeles, on a personal odyssey in search of Georges' footprints.",100.0,RottenTomatoes
Anvil! The Story of Anvil,2008,"Canadian heavy-metal band Anvil delivered a highly influential 1982 album that would inspire the likes of Anthrax and Metallica, and then dropped off the map to begin what would become decades of toiling in obscurity. Director and former roadie Sacha Gervasi follows guitarist Steve ""Lips"" Kudlow and drummer Robb Reiner as they stumble through a harrowing European tour and reflect on failure, friendship, resilience and the will to follow even the most impossible of dreams.",98.0,RottenTomatoes
Inside Job,2010,The global financial meltdown that took place in Fall 2008 caused millions of job and home losses and plunged the United States into a deep economic recession. Matt Damon narrates a documentary that provides a detailed examination of the elements that led to the collapse and identifies keys financial and political players. Director Charles Ferguson conducts a wide range of interviews and traces the story from the United States to China to Iceland to several other global financial hot spots.,98.0,RottenTomatoes
All In: The Fight for Democracy,2020,Filmmakers Liz Garbus and Lisa Cortes examine the history of voter suppression and the activists who fight for the rights of U.S. citizens.,100.0,RottenTomatoes
The Square,2013,Egyptian revolutionaries battle their leaders and regime to build a new society.,100.0,RottenTomatoes
Jiro Dreams of Sushi,2011,"Revered sushi chef Jiro Ono strives for perfection in his work, while his eldest son, Yoshikazu, has trouble living up to his father's legacy.",99.0,RottenTomatoes
Seymour: An Introduction,2014,"Pianist Seymour Bernstein, who gave up performing for teaching, discusses his passion for music and his philosophy of life.",100.0,RottenTomatoes
The Missing Picture,2013,Filmmaker Rithy Panh re-creates atrocities of Cambodia's Khmer Rouge between 1975 and 1979.,99.0,RottenTomatoes
Mucho Mucho Amor: The Legend of Walter Mercado,2020,"Puerto Rican astrologer and psychic Walter Mercado discusses his life, career and post-fame seclusion.",100.0,RottenTomatoes
Deliver Us From Evil,2006,"Filmmaker Amy Berg documents the case of convicted pedophile Oliver Grady who, as a priest in northern California, molested the children of his parishioners, apparently with the knowledge of his superiors in the diocese. Berg tracks down O'Grady in Ireland, where he lives free under church protection, and allows him to give his own account of his crimes.",100.0,RottenTomatoes
Paris Is Burning,1990,"This documentary focuses on drag queens living in New York City and their ""house"" culture, which provides a sense of community and support for the flamboyant and often socially shunned performers. Groups from each house compete in elaborate balls that take cues from the world of fashion. Also touching on issues of racism and poverty, the film features interviews with a number of renowned drag queens, including Willi Ninja, Pepper LaBeija and Dorian Corey.",98.0,RottenTomatoes
Athlete A,2020,Reporters from The Indianapolis Star expose Dr. Larry Nassar's sexual abuse of young gymnasts.,100.0,RottenTomatoes
One Child Nation,2019,"After becoming a mother, a filmmaker uncovers the untold history of China's one-child policy and the generations of parents and children forever shaped by this social experiment.",98.0,RottenTomatoes
Bright Lights: Starring Carrie Fisher and Debbie Reynolds,2016,"A portrait of Hollywood royalty Carrie Fisher and her mother, Debbie Reynolds.",100.0,RottenTomatoes
Hoop Dreams,1994,"Every school day, African-American teenagers William Gates and Arthur Agee travel 90 minutes each way from inner-city Chicago to St. Joseph High School in Westchester, Illinois, a predominately white suburban school well-known for the excellence of its basketball program. Gates and Agee dream of NBA stardom, and with the support of their close-knit families, they battle the social and physical obstacles that stand in their way. This acclaimed documentary was shot over the course of five years.",98.0,RottenTomatoes
Waltz With Bashir,2008,"Israeli filmmaker Ari Folman wrote, directed and stars in this autobiographical animated film. As a 19-year-old infantry soldier in the 1982 war with Lebanon, Folman witnessed the Sabra and Shatila massacre, but realizes that he has no memory of the event. In 2006, he seeks out others who were in Beirut at the time to discuss their memories, including a psychologist specializing in post-traumatic stress disorders and the first journalist to cover the massacre.",96.0,RottenTomatoes
Waste Land,2010,"Located just outside Rio de Janeiro, Jardim Gramacho, Brazil, is the world's largest garbage landfill. Modern artist Vik Muniz works with the so-called catadores, the men and women who pick through the refuse, to create art out of recycled materials. Muniz selects six of the garbage pickers to pose as subjects in a series of photographs mimicking famous paintings. In his desire to assist the catadores and change their lives, Muniz finds himself changed as well.",100.0,RottenTomatoes
Citizenfour,2014,"After Laura Poitras received encrypted emails from someone with information on the government's massive covert-surveillance programs, she and reporter Glenn Greenwald flew to Hong Kong to meet the sender, who turned out to be Edward Snowden.",96.0,RottenTomatoes
On the Record,2020,Filmmakers Kirby Dick and Amy Ziering examine the sexual assault allegations against hip-hop mogul Russell Simmons.,99.0,RottenTomatoes
The Interrupters,2011,Members of the activist group CeaseFire work to curb violence in their Chicago neighborhoods by intervening in street fights and showing youths a better way to resolve conflicts.,99.0,RottenTomatoes
Slay the Dragon,2019,Activists work to rid gerrymandering from America's election process.,100.0,RottenTomatoes
Afghan Star,2009,"Director Havana Marking dives into the booming, but still young and growing, world of pop culture in Afghanistan. Newly liberated after more than 30 years of stifling Taliban rule, the country is taken with a fervor for expression. This documentary follows four contestants, including two women, as they audition, sing and compete in a countrywide ""American Idol""-type competition called ""Pop Idol."" Marking uncovers a wonderfully vibrant community, which is also surprisingly accepting.",100.0,RottenTomatoes
Project Nim,2011,"In the 1970s, professor Herb Terrace and his team raise a baby chimp as a human child, as part of an experiment intended to break the language barrier between animals and people.",97.0,RottenTomatoes
Strong Island,2017,"When filmmaker Yance Ford investigates the 1992 murder of a young black man, it becomes an achingly personal journey since the victim, 24-year-old William Ford Jr., was the filmmaker's brother.",100.0,RottenTomatoes
Iris,2014,"Filmmaker Albert Maysles pays tribute to nonagenarian Iris Apfel, the quick-witted, longtime interior designer and outspoken champion of eclectic fashion.",98.0,RottenTomatoes
Capturing the Friedmans,2003,"While preparing a documentary about children's birthday party entertainers, filmmaker Andrew Jarecki learned that one of his subjects, professional clown David Friedman, was the son and brother of two men who had been convicted of child sexual abuse in a high-profile 1980s criminal trial. Using home videos made by the Friedman family before and during the trial, as well as new interviews, Jarecki explores the conflicting stories of the accused, the alleged victims and the investigators.",97.0,RottenTomatoes
The Fight,2020,"At a defining moment in American history, a scrappy team of heroic ACLU lawyers battles for abortion rights, immigrant rights, LGBTQ rights and voting rights.",99.0,RottenTomatoes
"Mr. Death: The Rise and Fall of Fred A. Leuchter, Jr.",1999,"Documentary filmmaker Errol Morris investigates the case of a man who became an authority on capital punishment, but was discredited when he got involved on the wrong side of a court case. Leutcher, a meek man whose appearance belies his grim expertise, develops what he says is a more effective electric chair. Before long he's in demand from officials who want his opinions on other kinds of execution. But when called to aid the case of an accused Holocaust denier, Leutcher's problems begin.",100.0,RottenTomatoes
Rewind,2019,"Digging through his father's home videos, a young man reconstructs the story of his boyhood and recalls the abuse he suffered through.",100.0,RottenTomatoes
Nothing Like a Dame,2018,"Spend a delightfully bawdy afternoon with four legends of British stage and cinema -- Maggie Smith, Judi Dench, Eileen Atkins and Joan Plowright -- as they spill the tea on life, love and art.",98.0,RottenTomatoes
A Secret Love,2020,A former baseball player keeps her lesbian relationship a secret from her family for seven decades.,100.0,RottenTomatoes
The Invisible War,2011,A filmmaker explores the ever-increasing incidents of violent sexual assault within the U.S. military.,99.0,RottenTomatoes
Sound City,2013,"Artists and producers highlight the history of the recording studio in Van Nuys, Calif., and discuss the impact of music in the age of technology.",100.0,RottenTomatoes
56 Up,2012,"Continuing a project he began in 1964, filmmaker Michael Apted revisits his original subjects and sees how their lives are progressing now that they are 56 years old.",99.0,RottenTomatoes
Elaine Stritch: Shoot Me,2013,"Plagued by medical issues and memory lapses, the Broadway icon contemplates retirement and mortality as she approaches her 87th birthday and rehearses for a new show.",99.0,RottenTomatoes
My Journey Through French Cinema,2016,"Filmmaker Bertrand Tavernier examines the great directors, actors, writers, composers and cinematographers of French cinema, including Jean Renoir, Jean-Luc Godard, Jean-Pierre Melville, Edmond T. Gréville and Guy Gilles.",100.0,RottenTomatoes
Last Train Home,2009,"Annually, an estimated 130 million factories workers in China migrate from their city of employment back to the village they grew up in. This documentary spotlights married couple Chen and Zhang as they make their own journey. Chen and Zhang must struggle to reconnect with their children, whom they see only once a year. When they discover that their daughter has decided to drop out of school to work at a factory herself, they begin questioning the value of their sacrifice.",100.0,RottenTomatoes
The Act of Killing,2012,Filmmakers expose the horrifying mass executions of accused communists in Indonesia and those who are celebrated in their country for perpetrating the crime.,95.0,RottenTomatoes
The Look of Silence,2014,An optician confronts the men who killed the brother that he never knew during the 1960s Indonesian genocide.,96.0,RottenTomatoes
More Than Honey,2012,"Beekeepers, scientists and others discuss the world's declining bee population and what it may mean for modern society.",100.0,RottenTomatoes
Nostalgia for the Light,2010,"In Chile's Atacama Desert, widows search for the bones of loved ones, left by Pinochet's atrocities.",100.0,RottenTomatoes
Everyday Sunshine: The Story of Fishbone,2010,"With a blistering combination of punk and funk, Fishbone demolishes the walls of genres and challenges the racial stereotypes and political order of the music industry and the nation.",100.0,RottenTomatoes
Bill Cunningham New York,2010,"Bill Cunningham, one of the mainstays of the New York Times, has been a contributor to the renowned newspaper for many decades. He's also an incurable and eccentric chronicler of fashion, tirelessly snapping photos of and writing about interestingly attired celebrities and ordinary New Yorkers he spots on the street. This exhaustive profile of Cunningham and his work includes interviews with friends -- and often subjects -- Tom Wolfe, David Rockefeller and Vogue magazine's Anna Wintour.",99.0,RottenTomatoes
Spellbound,2002,"Eight youthful competitors, sponsored by their hometown newspapers, travel with their families to Washington, D.C., to compete in the 1999 Scripps National Spelling Bee. Now in the national spotlight and under heavy pressure to perform from parents, teachers and their audience, the children struggle to advance toward the championship -- and its accompanying scholarships and cash prizes -- while approaching competitive spelling with the focus and intensity of Olympic athletes.",97.0,RottenTomatoes
We Were Here,2011,"During the 1970s, San Francisco became a safe haven for the gay and lesbian community, providing a place where one could live openly, away from discrimination. But, after almost a decade of celebration, the city was hit by a wave of shock and grief when it became ground zero of the AIDS epidemic, with hundreds of gay men falling victim to the disease. Director David Weissman explores the incredible story of love and loss through the eyes of five men and women who experienced it firsthand.",100.0,RottenTomatoes
Enron: The Smartest Guys in the Room,2005,"This documentary explores the fall of the Enron Corporation, arguably the most shocking example of modern corporate corruption. The company is linked with several illegal schemes, including instigating the California energy crisis as a way to drive up utility prices at the expense of the average American. In a hyper-competitive environment, Enron traders resort to all kinds of underhanded dealings in order to make money at any cost and keep their high-paying jobs.",97.0,RottenTomatoes
Sholem Aleichem: Laughing in the Darkness,2011,"Filmmaker Joseph Dorman presents the life, work and legacy of the Yiddish writer who used the vernacular of the common man.",100.0,RottenTomatoes
Ai Weiwei: Never Sorry,2012,"Alison Klayman documents the life and work of Chinese artist and activist Ai Weiwei. She showcases his artistic process as he prepares for a museum exhibition, his relationships with family members and his clashes with the government.",98.0,RottenTomatoes
13TH,2016,"Filmmaker Ava DuVernay explores the history of racial inequality in the United States, focusing on the fact that the nation's prisons are disproportionately filled with African-Americans.",97.0,RottenTomatoes
Rivers and Tides: Andy Goldsworthy With Time,2001,"Andy Goldsworthy's art is supposed to fall apart. He creates large-scale outdoor sculptures and artworks out of natural materials like mud, wood, ice and stone in an attempt to imbue the physical world with a spiritual, ephemeral element. Director Thomas Riedelsheimer follows Goldsworthy as he constructs his art everywhere from upstate New York to his home village in Scotland, and questions the solitary artist about his inspirations, frustrations and artistic goals.",99.0,RottenTomatoes
How to Survive a Plague,2012,"In the late 1980s, members of Act-Up and other AIDS activists battle indifference and hostility to bring attention to the disease and play a huge role in reducing the number of AIDS-related fatalities in the U.S.",98.0,RottenTomatoes
This Is Not a Film,2010,Iranian filmmaker Jafar Panahi makes a video diary with his phone in response to his government's threats against him.,97.0,RottenTomatoes
When We Were Kings,1996,"On October 30, 1974, perhaps the most famous heavyweight championship boxing match of all time took place in Kinshasa, Zaire: the ""Rumble in the Jungle"" between champion George Foreman and challenger Muhammad Ali. In historical footage and new interviews, this documentary explores the relationship between African-Americans and the African continent during the Black Power era in terms of both popular culture and international politics, including the brutality of then-dictator Mobutu Sese Seko.",98.0,RottenTomatoes
RBG,2018,"An intimate portrait of an unlikely rock star: Justice Ruth Bader Ginsburg. With unprecedented access, the filmmakers explore how her early legal battles changed the world for women.",93.0,RottenTomatoes
The Painter and the Thief,2020,Czech artist Barbora Kysilkova develops an unlikely friendship with the man who stole two of her paintings.,96.0,RottenTomatoes
March of the Penguins,2005,"At the end of each Antarctic summer, the emperor penguins of the South Pole journey to their traditional breeding grounds in a fascinating mating ritual that is captured in this documentary by intrepid filmmaker Luc Jacquet. The journey across frozen tundra proves to be the simplest part of the ritual, as after the egg is hatched, the female must delicately transfer it to the male and make her way back to the distant sea to nourish herself and bring back food to her newborn chick.",94.0,RottenTomatoes
Hitchcock/Truffaut,2015,"Filmmakers Martin Scorsese, David Fincher, Wes Anderson and others discuss the legacy of Alfred Hitchcock and the book ""Hitchcock"" by François Truffaut.",96.0,RottenTomatoes
Kurt Cobain: Montage of Heck,2015,"Filmmaker Brett Morgen uses material from the Cobains' personal archives in an in-depth examination of the Nirvana frontman's childhood, music career and untimely death.",97.0,RottenTomatoes
Cave of Forgotten Dreams,2010,"In this documentary, filmmaker Werner Herzog and a small crew are given a rare chance to film inside France's Chauvet Cave, where the walls are covered with the world's oldest surviving paintings. To preserve the art, people are allowed to enter the site for only two weeks a year. Examining the 30,000-year-old drawings, Herzog discusses how the artwork represents humanity's earliest dreams with scientists and art scholars conducting research at Chauvet.",96.0,RottenTomatoes
The King of Kong: A Fistful of Quarters,2007,"Named ""Video Game Player of the Century"" in 1999, Billy Mitchell sets a record score in ""Donkey Kong"" that many felt would never be broken. In 2003 Steve Wiebe, who has recently lost his job, learns about the record, sets out to beat it and does. So both men embark on a cross-country battle for inclusion in the 2007 Guinness Book of World Records as the supreme king of the electronic game.",97.0,RottenTomatoes
Bowling for Columbine,2002,"Political documentary filmmaker Michael Moore explores the circumstances that lead to the 1999 Columbine High School massacre and, more broadly, the proliferation of guns and the high homicide rate in America. In his trademark provocative fashion, Moore accosts Kmart corporate employees and pleads with them to stop selling bullets, investigates why Canada doesn't have the same excessive rate of gun violence and questions actor Charlton Heston on his support of the National Rifle Association.",95.0,RottenTomatoes
The Fog of War,2003,"Former corporate whiz kid Robert McNamara was the controversial Secretary of Defense in the Kennedy and Johnson administrations, during the height of the Vietnam War. This Academy Award-winning documentary, augmented by archival footage, gives the conflicted McNamara a platform on which he attempts to confront his and the U.S. government's actions in Southeast Asia in light of the horrors of modern warfare, the end of ideology and the punitive judgment of history.",96.0,RottenTomatoes
Muscle Shoals,2013,"Filmmaker Greg Camalier pays tribute to an Alabama city that holds a prominent place in music history. Artists who recorded at FAME Studios in Muscle Shoals, Ala., include Percy Sledge, Aretha Franklin and Lynyrd Skynyrd.",97.0,RottenTomatoes
Circus of Books,2019,"In 1976 a couple take over an adult book store, and the store becomes the biggest distributor of gay porn in the United States.",98.0,RottenTomatoes
Boys State,2020,Texas teens learn about American democracy by organizing political parties and running a mock government.,94.0,RottenTomatoes
The War Tapes,2006,"Filmmaker Deborah Scranton provides three U.S. soldiers with cameras so they can document their experiences during Operation Iraqi Freedom. The soldiers, Sgt. Steve Pink, Sgt. Zack Bazzi and Spc. Mike Moriarty, are all different ages and come from different backgrounds, but all three demonstrate unwavering loyalty to their comrades-in-arms while voicing concerns about America's reasons for its presence in Iraq.",98.0,RottenTomatoes
Searching for Sugar Man,2011,"Though he faded into obscurity in the U.S., an early '70s musician known as Rodriguez became a huge hit in South Africa and was widely rumored to have died. Two obsessed fans set out to learn the man's true fate.",95.0,RottenTomatoes
Disclosure,2020,A look at Hollywood's depiction of transgender people and the impact of this on American culture.,98.0,RottenTomatoes
Black Panther,2018,"After the death of his father, T'Challa returns home to the African nation of Wakanda to take his rightful place as king. When a powerful enemy suddenly reappears, T'Challa's mettle as king -- and as Black Panther -- gets tested when he's drawn into a conflict that puts the fate of Wakanda and the entire world at risk. Faced with treachery and danger, the young king must rally his allies and release the full power of Black Panther to defeat his foes and secure the safety of his people.",96.0,RottenTomatoes
Citizen Kane,1941,"When a reporter is assigned to decipher newspaper magnate Charles Foster Kane's (Orson Welles) dying words, his investigation gradually reveals the fascinating portrait of a complex man who rose from obscurity to staggering heights. Though Kane's friend and colleague Jedediah Leland (Joseph Cotten), and his mistress, Susan Alexander (Dorothy Comingore), shed fragments of light on Kane's life, the reporter fears he may never penetrate the mystery of the elusive man's final word, ""Rosebud.""",99.0,RottenTomatoes
Parasite,2019,Greed and class discrimination threaten the newly formed symbiotic relationship between the wealthy Park family and the destitute Kim clan.,98.0,RottenTomatoes
Avengers: Endgame,2019,"Adrift in space with no food or water, Tony Stark sends a message to Pepper Potts as his oxygen supply starts to dwindle. Meanwhile, the remaining Avengers -- Thor, Black Widow, Captain America and Bruce Banner -- must figure out a way to bring back their vanquished allies for an epic showdown with Thanos -- the evil demigod who decimated the planet and the universe.",94.0,RottenTomatoes
Casablanca,1942,"Rick Blaine (Humphrey Bogart), who owns a nightclub in Casablanca, discovers his old flame Ilsa (Ingrid Bergman) is in town with her husband, Victor Laszlo (Paul Henreid). Laszlo is a famed rebel, and with Germans on his tail, Ilsa knows Rick can help them get out of the country.",99.0,RottenTomatoes
Knives Out,2019,"The circumstances surrounding the death of crime novelist Harlan Thrombey are mysterious, but there's one thing that renowned Detective Benoit Blanc knows for sure -- everyone in the wildly dysfunctional Thrombey family is a suspect. Now, Blanc must sift through a web of lies and red herrings to uncover the truth.",97.0,RottenTomatoes
Lady Bird,2017,A teenager (Saoirse Ronan) navigates a loving but turbulent relationship with her strong-willed mother (Laurie Metcalf) over the course of an eventful and poignant senior year of high school.,99.0,RottenTomatoes
Mission: Impossible -- Fallout,2018,"Ethan Hunt and the IMF team join forces with CIA assassin August Walker to prevent a disaster of epic proportions. Arms dealer John Lark and a group of terrorists known as the Apostles plan to use three plutonium cores for a simultaneous nuclear attack on the Vatican, Jerusalem and Mecca, Saudi Arabia. When the weapons go missing, Ethan and his crew find themselves in a desperate race against time to prevent them from falling into the wrong hands.",97.0,RottenTomatoes
BlacKkKlansman,2018,"Ron Stallworth is the first African-American detective to serve in the Colorado Springs Police Department. Determined to make a name for himself, Stallworth bravely sets out on a dangerous mission: infiltrate and expose the Ku Klux Klan. The detective soon recruits a more seasoned colleague, Flip Zimmerman, into the undercover investigation of a lifetime. Together, they team up to take down the extremist hate group as the organization aims to sanitize its rhetoric to appeal to the mainstream.",96.0,RottenTomatoes
The Irishman,2019,"In the 1950s, truck driver Frank Sheeran gets involved with Russell Bufalino and his Pennsylvania crime family. As Sheeran climbs the ranks to become a top hit man, he also goes to work for Jimmy Hoffa -- a powerful Teamster tied to organized crime.",95.0,RottenTomatoes
The Godfather,1972,"Widely regarded as one of the greatest films of all time, this mob drama, based on Mario Puzo's novel of the same name, focuses on the powerful Italian-American crime family of Don Vito Corleone (Marlon Brando). When the don's youngest son, Michael (Al Pacino), reluctantly joins the Mafia, he becomes involved in the inevitable cycle of violence and betrayal. Although Michael tries to maintain a normal relationship with his wife, Kay (Diane Keaton), he is drawn deeper into the family business.",97.0,RottenTomatoes
Moonlight,2016,"A look at three defining chapters in the life of Chiron, a young black man growing up in Miami. His epic journey to manhood is guided by the kindness, support and love of the community that helps raise him.",98.0,RottenTomatoes
All About Eve,1950,"Backstage story revolving around aspiring actress Eve Harrington. Tattered and forlorn, Eve shows up in the dressing room of Broadway mega-star Margo Channing, telling a melancholy life story to Margo and her friends. Margo takes Eve under her wing, and it appears that Eve is a conniver that uses Margo.",99.0,RottenTomatoes
Wonder Woman,2017,"Before she was Wonder Woman (Gal Gadot), she was Diana, princess of the Amazons, trained to be an unconquerable warrior. Raised on a sheltered island paradise, Diana meets an American pilot (Chris Pine) who tells her about the massive conflict that's raging in the outside world. Convinced that she can stop the threat, Diana leaves her home for the first time. Fighting alongside men in a war to end all wars, she finally discovers her full powers and true destiny.",93.0,RottenTomatoes
A Star Is Born,2018,"Seasoned musician Jackson Maine discovers -- and falls in love with -- struggling artist Ally. She has just about given up on her dream to make it big as a singer until Jackson coaxes her into the spotlight. But even as Ally's career takes off, the personal side of their relationship is breaking down, as Jackson fights an ongoing battle with his own internal demons.",90.0,RottenTomatoes
Rebecca,1940,"Story of a young woman who marries a fascinating widower only to find out that she must live in the shadow of his former wife, Rebecca, who died mysteriously several years earlier. The young wife must come to grips with the terrible secret of her handsome, cold husband, Max De Winter (Laurence Olivier). She must also deal with the jealous, obsessed Mrs. Danvers (Judith Anderson), the housekeeper, who will not accept her as the mistress of the house.",100.0,RottenTomatoes
A Quiet Place,2018,"If they hear you, they hunt you. A family must live in silence to avoid mysterious creatures that hunt by sound. Knowing that even the slightest whisper or footstep can bring death, Evelyn and Lee are determined to find a way to protect their children while desperately searching for a way to fight back.",96.0,RottenTomatoes
Roma,2018,"Cleo is one of two domestic workers who help Antonio and Sofía take care of their four children in 1970s Mexico City. Complications soon arise when Antonio suddenly runs away with his mistress and Cleo finds out that she's pregnant. When Sofía decides to take the kids on vacation, she invites Cleo for a much-needed getaway to clear her mind and bond with the family.",95.0,RottenTomatoes
Dunkirk,2017,"In May 1940, Germany advanced into France, trapping Allied troops on the beaches of Dunkirk. Under air and ground cover from British and French forces, troops were slowly and methodically evacuated from the beach using every serviceable naval and civilian vessel that could be found. At the end of this heroic mission, 330,000 French, British, Belgian and Dutch soldiers were safely evacuated.",92.0,RottenTomatoes
Portrait of a Lady on Fire,2019,In 1770 the young daughter of a French countess develops a mutual attraction to the female artist commissioned to paint her wedding portrait.,98.0,RottenTomatoes
The Farewell,2019,Billi's family returns to China under the guise of a fake wedding to stealthily say goodbye to their beloved matriarch -- the only person that doesn't know she only has a few weeks to live.,97.0,RottenTomatoes
Selma,2014,"Although the Civil Rights Act of 1964 legally desegregated the South, discrimination was still rampant in certain areas, making it very difficult for blacks to register to vote. In 1965, an Alabama city became the battleground in the fight for suffrage. Despite violent opposition, Dr. Martin Luther King Jr. (David Oyelowo) and his followers pressed forward on an epic march from Selma to Montgomery, and their efforts culminated in President Lyndon Johnson signing the Voting Rights Act of 1965.",99.0,RottenTomatoes
Spotlight,2015,"In 2001, editor Marty Baron of The Boston Globe assigns a team of journalists to investigate allegations against John Geoghan, an unfrocked priest accused of molesting more than 80 boys. Led by editor Walter ""Robby"" Robinson (Michael Keaton), reporters Michael Rezendes (Mark Ruffalo), Matt Carroll and Sacha Pfeiffer interview victims and try to unseal sensitive documents. The reporters make it their mission to provide proof of a cover-up of sexual abuse within the Roman Catholic Church.",97.0,RottenTomatoes
The Shape of Water,2017,"Elisa is a mute, isolated woman who works as a cleaning lady in a hidden, high-security government laboratory in 1962 Baltimore. Her life changes forever when she discovers the lab's classified secret -- a mysterious, scaled creature from South America that lives in a water tank. As Elisa develops a unique bond with her new friend, she soon learns that its fate and very survival lies in the hands of a hostile government agent and a marine biologist.",92.0,RottenTomatoes
Thor: Ragnarok,2017,"Imprisoned on the other side of the universe, the mighty Thor finds himself in a deadly gladiatorial contest that pits him against the Hulk, his former ally and fellow Avenger. Thor's quest for survival leads him in a race against time to prevent the all-powerful Hela from destroying his home world and the Asgardian civilization.",93.0,RottenTomatoes
Grand Illusion,1937,"A group of French soldiers, including the patrician Captain de Boeldieu (Pierre Fresnay) and the working-class Lieutenant Maréchal (Jean Gabin), grapple with their own class differences after being captured and held in a World War I German prison camp. When the men are transferred to a high-security fortress, they must concoct a plan to escape beneath the watchful eye of aristocratic German officer von Rauffenstein (Erich von Stroheim), who has formed an unexpected bond with de Boeldieu.",97.0,RottenTomatoes
Arrival,2016,"Linguistics professor Louise Banks (Amy Adams) leads an elite team of investigators when gigantic spaceships touch down in 12 locations around the world. As nations teeter on the verge of global war, Banks and her crew must race against time to find a way to communicate with the extraterrestrial visitors. Hoping to unravel the mystery, she takes a chance that could threaten her life and quite possibly all of mankind.",94.0,RottenTomatoes
Logan,2017,"In the near future, a weary Logan (Hugh Jackman) cares for an ailing Professor X (Patrick Stewart) at a remote outpost on the Mexican border. His plan to hide from the outside world gets upended when he meets a young mutant (Dafne Keen) who is very much like him. Logan must now protect the girl and battle the dark forces that want to capture her.",93.0,RottenTomatoes
The Favourite,2018,"In the early 18th century, England is at war with the French. Nevertheless, duck racing and pineapple eating are thriving. A frail Queen Anne occupies the throne, and her close friend Lady Sarah governs the country in her stead while tending to Anne's ill health and mercurial temper. When a new servant, Abigail, arrives, her charm endears her to Sarah. Sarah takes Abigail under her wing, and Abigail sees a chance to return to her aristocratic roots.",93.0,RottenTomatoes
All Quiet on the Western Front,1930,"The film follows a group of German schoolboys, talked into enlisting at the beginning of World War I by their jingoistic teacher. The story is told entirely through the experiences of the young German recruits and highlights the tragedy of war through the eyes of individuals.",98.0,RottenTomatoes
Double Indemnity,1944,"In this classic film noir, insurance salesman Walter Neff (Fred MacMurray) gets roped into a murderous scheme when he falls for the sensual Phyllis Dietrichson (Barbara Stanwyck), who is intent on killing her husband (Tom Powers) and living off the fraudulent accidental death claim. Prompted by the late Mr. Dietrichson's daughter, Lola (Jean Heather), insurance investigator Barton Keyes (Edward G. Robinson) looks into the case, and gradually begins to uncover the sinister truth.",97.0,RottenTomatoes
Marriage Story,2019,A stage director and his actor wife struggle through a grueling divorce that pushes them to their limits.,94.0,RottenTomatoes
Star Wars: The Last Jedi,2017,"Luke Skywalker's peaceful and solitary existence gets upended when he encounters Rey, a young woman who shows strong signs of the Force. Her desire to learn the ways of the Jedi forces Luke to make a decision that changes their lives forever. Meanwhile, Kylo Ren and General Hux lead the First Order in an all-out assault against Leia and the Resistance for supremacy of the galaxy.",90.0,RottenTomatoes
On the Waterfront,1954,"Dockworker Terry Malloy (Marlon Brando) had been an up-and-coming boxer until powerful local mob boss Johnny Friendly (Lee J. Cobb) persuaded him to throw a fight. When a longshoreman is murdered before he can testify about Friendly's control of the Hoboken waterfront, Terry teams up with the dead man's sister Edie (Eva Marie Saint) and the streetwise priest Father Barry (Karl Malden) to testify himself, against the advice of Friendly's lawyer, Terry's older brother Charley (Rod Steiger).",99.0,RottenTomatoes
Boyhood,2014,"The joys and pitfalls of growing up are seen through the eyes of a child named Mason (Ellar Coltrane), his parents (Patricia Arquette, Ethan Hawke) and his sister (Lorelei Linklater). Vignettes, filmed with the same cast over the course of 12 years, capture family meals, road trips, birthday parties, graduations and other important milestones. Songs from Coldplay, Arcade Fire and other artists capture the time period. Directed by Richard Linklater.",97.0,RottenTomatoes
Once Upon a Time... In Hollywood,2019,"Actor Rick Dalton gained fame and fortune by starring in a 1950s television Western, but is now struggling to find meaningful work in a Hollywood that he doesn't recognize anymore. He spends most of his time drinking and palling around with Cliff Booth, his easygoing best friend and longtime stunt double. Rick also happens to live next door to Roman Polanski and Sharon Tate -- the filmmaker and budding actress whose futures will forever be altered by members of the Manson Family.",85.0,RottenTomatoes
12 Years a Slave,2013,"In the years before the Civil War, Solomon Northup (Chiwetel Ejiofor), a free black man from upstate New York, is kidnapped and sold into slavery in the South. Subjected to the cruelty of one malevolent owner (Michael Fassbender), he also finds unexpected kindness from another, as he struggles continually to survive and maintain some of his dignity. Then in the 12th year of the disheartening ordeal, a chance meeting with an abolitionist from Canada changes Solomon's life forever.",95.0,RottenTomatoes
Argo,2012,"On Nov. 4, 1979, militants storm the U.S. embassy in Tehran, Iran, taking 66 American hostages. Amid the chaos, six Americans manage to slip away and find refuge with the Canadian ambassador. Knowing that it's just a matter of time before the refugees are found and likely executed, the U.S. government calls on extractor Tony Mendez (Ben Affleck) to rescue them. Mendez's plan is to pose as a Hollywood producer scouting locations in Iran and train the refugees to act as his ""film"" crew.",96.0,RottenTomatoes
Manchester by the Sea,2016,"After the death of his older brother Joe, Lee Chandler (Casey Affleck) is shocked that Joe has made him sole guardian of his teenage nephew Patrick. Taking leave of his job as a janitor in Boston, Lee reluctantly returns to Manchester-by-the-Sea, the fishing village where his working-class family has lived for generations. There, he is forced to deal with a past that separated him from his wife, Randi (Michelle Williams), and the community where he was born and raised.",96.0,RottenTomatoes
Leave No Trace,2018,"A father and daughter live a perfect but mysterious existence in Forest Park, a beautiful nature reserve near Portland, Ore., rarely making contact with the world. But when a small mistake tips them off to authorities, they are sent on an increasingly erratic journey in search of a place to call their own.",100.0,RottenTomatoes
Alien,1979,"In deep space, the crew of the commercial starship Nostromo is awakened from their cryo-sleep capsules halfway through their journey home to investigate a distress call from an alien vessel. The terror begins when the crew encounters a nest of eggs inside the alien ship. An organism from inside an egg leaps out and attaches itself to one of the crew, causing him to fall into a coma.",98.0,RottenTomatoes
Call Me by Your Name,2017,"It's the summer of 1983, and precocious 17-year-old Elio Perlman is spending the days with his family at their 17th-century villa in Lombardy, Italy. He soon meets Oliver, a handsome doctoral student who's working as an intern for Elio's father. Amid the sun-drenched splendor of their surroundings, Elio and Oliver discover the heady beauty of awakening desire over the course of a summer that will alter their lives forever.",94.0,RottenTomatoes
1917,2019,"During World War I, two British soldiers -- Lance Cpl. Schofield and Lance Cpl. Blake -- receive seemingly impossible orders. In a race against time, they must cross over into enemy territory to deliver a message that could potentially save 1,600 of their fellow comrades -- including Blake's own brother.",89.0,RottenTomatoes
Shadow of a Doubt,1943,"Uncle Charlie (Joseph Cotten) visits his relatives in Santa Rosa. He is a very charming man, but his niece slowly realizes that he is wanted for murder and he soon recognizes her suspicions. Although one of the suspected murderers is killed and the case is considered closed, she still has her suspicions.",100.0,RottenTomatoes
Gravity,2013,"Dr. Ryan Stone (Sandra Bullock) is a medical engineer on her first shuttle mission. Her commander is veteran astronaut Matt Kowalsky (George Clooney), helming his last flight before retirement. Then, during a routine space walk by the pair, disaster strikes: The shuttle is destroyed, leaving Ryan and Matt stranded in deep space with no link to Earth and no hope of rescue. As fear turns to panic, they realize that the only way home may be to venture further into space.",95.0,RottenTomatoes
The Maltese Falcon,1941,"In this noir classic, detective Sam Spade (Humphrey Bogart) gets more than he bargained for when he takes a case brought to him by a beautiful but secretive woman (Mary Astor). As soon as Miss Wonderly shows up, trouble follows as Sam's partner is murdered and Sam is accosted by a man (Peter Lorre) demanding he locate a valuable statuette. Sam, entangled in a dangerous web of crime and intrigue, soon realizes he must find the one thing they all seem to want: the bejeweled Maltese falcon.",100.0,RottenTomatoes
The Florida Project,2017,"Set in the shadow of the most magical place on Earth, 6-year-old Moonee and her two best friends forge their own adventures, while Moonee's struggling mom and a kindhearted motel manager protect the kids from the harsh reality that surrounds them.",96.0,RottenTomatoes
Sunset Blvd.,1950,"An aging silent film queen refuses to accept that her stardom has ended. She hires a young screenwriter to help set up her movie comeback. The screenwriter believes he can manipulate her, but he soon finds out he is wrong. The screenwriters ambivalence about their relationship and her unwillingness to let go leads to a situation of violence, madness, and death.",99.0,RottenTomatoes
Widows,2018,"A police shootout leaves four thieves dead during an explosive armed robbery attempt in Chicago. Their widows -- Veronica, Linda, Alice and Belle -- have nothing in common except a debt left behind by their spouses' criminal activities. Hoping to forge a future on their own terms, Veronica joins forces with the other three women to pull off a heist that her husband was planning.",91.0,RottenTomatoes
War for the Planet of the Apes,2017,"Caesar (Andy Serkis) and his apes are forced into a deadly conflict with an army of humans led by a ruthless colonel (Woody Harrelson). After the apes suffer unimaginable losses, Caesar wrestles with his darker instincts and begins his own mythic quest to avenge his kind. As the journey finally brings them face to face, Caesar and the colonel are pitted against each other in an epic battle that will determine the fate of both of their species and the future of the planet.",94.0,RottenTomatoes
"The Godfather, Part II",1974,"The compelling sequel to ""The Godfather,"" contrasting the life of Corleone father and son. Traces the problems of Michael Corleone (Al Pacino) in 1958 and that of a young immigrant Vito Corleone (Robert De Niro) in 1917's Hell's Kitchen. Michael survives many misfortunes and Vito is introduced to a life of crime.",96.0,RottenTomatoes
The Battle of Algiers,1966,"Paratrooper commander Colonel Mathieu (Jean Martin), a former French Resistance fighter during World War II, is sent to 1950s Algeria to reinforce efforts to squelch the uprisings of the Algerian War. There he faces Ali la Pointe (Brahim Haggiag), a former petty criminal who, as the leader of the Algerian Front de Liberation Nationale, directs terror strategies against the colonial French government occupation. As each side resorts to ever-increasing brutality, no violent act is too unthinkable.",99.0,RottenTomatoes
Spider-Man: Homecoming,2017,"Thrilled by his experience with the Avengers, young Peter Parker returns home to live with his Aunt May. Under the watchful eye of mentor Tony Stark, Parker starts to embrace his newfound identity as Spider-Man. He also tries to return to his normal daily routine -- distracted by thoughts of proving himself to be more than just a friendly neighborhood superhero. Peter must soon put his powers to the test when the evil Vulture emerges to threaten everything that he holds dear.",92.0,RottenTomatoes
La La Land,2016,"Sebastian (Ryan Gosling) and Mia (Emma Stone) are drawn together by their common desire to do what they love. But as success mounts they are faced with decisions that begin to fray the fragile fabric of their love affair, and the dreams they worked so hard to maintain in each other threaten to rip them apart.",90.0,RottenTomatoes
Baby Driver,2017,"Talented getaway driver Baby (Ansel Elgort) relies on the beat of his personal soundtrack to be the best in the game. After meeting the woman (Lily James) of his dreams, he sees a chance to ditch his shady lifestyle and make a clean break. Coerced into working for a crime boss (Kevin Spacey), Baby must face the music as a doomed heist threatens his life, love and freedom.",92.0,RottenTomatoes
Seven Samurai,1954,"A samurai answers a village's request for protection after he falls on hard times. The town needs protection from bandits, so the samurai gathers six others to help him teach the people how to defend themselves, and the villagers provide the soldiers with food. A giant battle occurs when 40 bandits attack the village.",100.0,RottenTomatoes
Never Rarely Sometimes Always,2020,"Faced with an unintended pregnancy and a lack of local support, Autumn and her cousin, Skylar, travel across state lines to New York City on a fraught journey of friendship, bravery and compassion.",99.0,RottenTomatoes
Pain and Glory,2019,An aging Spanish film director in the middle of a creative crisis revisits memorable events of his past.,96.0,RottenTomatoes
Shoplifters,2018,"On the margins of Tokyo, a dysfunctional band of outsiders is united by fierce loyalty and a penchant for petty theft. When the young son is arrested, secrets are exposed that upend their tenuous, below-the-radar existence.",99.0,RottenTomatoes
Metropolis,1927,"This influential German science-fiction film presents a highly stylized futuristic city where a beautiful and cultured utopia exists above a bleak underworld populated by mistreated workers. When the privileged youth Freder (Gustav Fröhlich) discovers the grim scene under the city, he becomes intent on helping the workers. He befriends the rebellious teacher Maria (Brigitte Helm), but this puts him at odds with his authoritative father, leading to greater conflict.",97.0,RottenTomatoes
M,1931,"In this classic German thriller, Hans Beckert (Peter Lorre), a serial killer who preys on children, becomes the focus of a massive Berlin police manhunt. Beckert's heinous crimes are so repellant and disruptive to city life that he is even targeted by others in the seedy underworld network. With both cops and criminals in pursuit, the murderer soon realizes that people are on his trail, sending him into a tense, panicked attempt to escape justice.",100.0,RottenTomatoes
Jaws,1975,"When a young woman is killed by a shark while skinny-dipping near the New England tourist town of Amity Island, police chief Martin Brody (Roy Scheider) wants to close the beaches, but mayor Larry Vaughn (Murray Hamilton) overrules him, fearing that the loss of tourist revenue will cripple the town. Ichthyologist Matt Hooper (Richard Dreyfuss) and grizzled ship captain Quint (Robert Shaw) offer to help Brody capture the killer beast, and the trio engage in an epic battle of man vs. nature.",98.0,RottenTomatoes
Hell or High Water,2016,"Toby is a divorced father who's trying to make a better life for his son. His brother Tanner is an ex-convict with a short temper and a loose trigger finger. Together, they plan a series of heists against the bank that's about to foreclose on their family ranch. Standing in their way is Marcus, a Texas Ranger who's only weeks away from retirement. As the siblings plot their final robbery, they must also prepare for a showdown with a crafty lawman who's not ready to ride off into the sunset.",97.0,RottenTomatoes
The Dark Knight,2008,"With the help of allies Lt. Jim Gordon (Gary Oldman) and DA Harvey Dent (Aaron Eckhart), Batman (Christian Bale) has been able to keep a tight lid on crime in Gotham City. But when a vile young criminal calling himself the Joker (Heath Ledger) suddenly throws the town into chaos, the caped Crusader begins to tread a fine line between heroism and vigilantism.",94.0,RottenTomatoes
Bicycle Thieves,1948,"Unemployed Antonio Ricci (Lamberto Maggiorani) is elated when he finally finds work hanging posters around war-torn Rome. His wife, Maria (Lianella Carell), sells the family's bed linens to retrieve Antonio's bicycle from the pawnshop so he can take the job. However, disaster strikes when Antonio's bicycle is stolen, and his new job is doomed unless he can find the thief. With the help of his lively son, Bruno (Enzo Staiola), Antonio combs the city, growing increasingly desperate for justice.",98.0,RottenTomatoes
Brooklyn,2015,"Young Irish immigrant Eilis Lace (Saoirse Ronan) navigates her way through 1950s Brooklyn. Lured by the promise of America, Eilis departs Ireland and the comfort of her mother's home for the shores of New York City. The initial shackles of homesickness quickly diminish as a fresh romance sweeps Eilis into the intoxicating charm of love. But soon, her past disrupts her new vivacity, and Eilis must choose between two countries and the lives that exist within.",97.0,RottenTomatoes
12 Angry Men,1957,"Following the closing arguments in a murder trial, the 12 members of the jury must deliberate, with a guilty verdict meaning death for the accused, an inner-city teen. As the dozen men try to reach a unanimous decision while sequestered in a room, one juror (Henry Fonda) casts considerable doubt on elements of the case. Personal issues soon rise to the surface, and conflict threatens to derail the delicate process that will decide one boy's fate.",100.0,RottenTomatoes
The 400 Blows,1959,"For young Parisian boy Antoine Doinel (Jean-Pierre Léaud), life is one difficult situation after another. Surrounded by inconsiderate adults, including his neglectful parents (Claire Maurier, Albert Remy), Antoine spends his days with his best friend, Rene (Patrick Auffray), trying to plan for a better life. When one of their schemes goes awry, Antoine ends up in trouble with the law, leading to even more conflicts with unsympathetic authority figures.",100.0,RottenTomatoes
"Three Billboards Outside Ebbing, Missouri",2017,"After months have passed without a culprit in her daughter's murder case, Mildred Hayes makes a bold move, painting three signs leading into her town with a controversial message directed at William Willoughby, the town's revered chief of police. When his second-in-command, Officer Dixon -- an immature mother's boy with a penchant for violence -- gets involved, the battle is only exacerbated.",90.0,RottenTomatoes
The Babadook,2014,A troubled widow (Essie Davis) discovers that her son is telling the truth about a monster that entered their home through the pages of a children's book.,98.0,RottenTomatoes
Chinatown,1974,"When Los Angeles private eye J.J. ""Jake"" Gittes (Jack Nicholson) is hired by Evelyn Mulwray to investigate her husband's activities, he believes it's a routine infidelity case. Jake's investigation soon becomes anything but routine when he meets the real Mrs. Mulwray (Faye Dunaway) and realizes he was hired by an imposter. Mr. Mulwray's sudden death sets Gittes on a tangled trail of corruption, deceit and sinister family secrets as Evelyn's father (John Huston) becomes a suspect in the case.",99.0,RottenTomatoes
A Streetcar Named Desire,1951,"Based on the play by Tennessee Williams, this renowned drama follows troubled former schoolteacher Blanche DuBois (Vivien Leigh) as she leaves small-town Mississippi and moves in with her sister, Stella Kowalski (Kim Hunter), and her husband, Stanley (Marlon Brando), in New Orleans. Blanche's flirtatious Southern-belle presence causes problems for Stella and Stanley, who already have a volatile relationship, leading to even greater conflict in the Kowalski household.",98.0,RottenTomatoes
The Treasure of the Sierra Madre,1948,"In this classic adventure film, two rough-and-tumble wanderers, Dobbs (Humphrey Bogart) and Curtin (Tim Holt), meet up with a veteran prospector, Howard (Walter Huston), in Mexico and head into the Sierra Madre mountains to find gold. Although they discover treasure, they also find plenty of trouble, not only from ruthless bandits lurking in the dangerous Mexican wilderness but from their own insecurities and greed, which threaten to bring conflict at any moment.",100.0,RottenTomatoes
Creed,2015,"Adonis Johnson (Michael B. Jordan) never knew his famous father, boxing champion Apollo Creed, who died before Adonis was born. However, boxing is in his blood, so he seeks out Rocky Balboa (Sylvester Stallone) and asks the retired champ to be his trainer. Rocky sees much of Apollo in Adonis, and agrees to mentor him, even as he battles an opponent deadlier than any in the ring. With Rocky's help, Adonis soon gets a title shot, but whether he has the true heart of a fighter remains to be seen.",95.0,RottenTomatoes
Blade Runner 2049,2017,"Officer K (Ryan Gosling), a new blade runner for the Los Angeles Police Department, unearths a long-buried secret that has the potential to plunge what's left of society into chaos. His discovery leads him on a quest to find Rick Deckard (Harrison Ford), a former blade runner who's been missing for 30 years.",88.0,RottenTomatoes
The Wrestler,2008,"Aging wrestler Randy ""The Ram"" Robinson (Mickey Rourke) is long past his prime but still ready and rarin' to go on the pro-wrestling circuit. After a particularly brutal beating, however, Randy hangs up his tights, pursues a serious relationship with a long-in-the-tooth stripper (Marisa Tomei), and tries to reconnect with his estranged daughter (Evan Rachel Wood). But he can't resist the lure of the ring and readies himself for a comeback.",98.0,RottenTomatoes
Harry Potter and the Deathly Hallows: Part 2,2011,"A clash between good and evil awaits as young Harry (Daniel Radcliffe), Ron (Rupert Grint) and Hermione (Emma Watson) prepare for a final battle against Lord Voldemort (Ralph Fiennes). Harry has grown into a steely lad on a mission to rid the world of evil. The friends must search for the Horcruxes that keep the dastardly wizard immortal. Harry and Voldemort meet at Hogwarts Castle for an epic showdown where the forces of darkness may finally meet their match.",96.0,RottenTomatoes
Lawrence of Arabia,1962,"Due to his knowledge of the native Bedouin tribes, British Lieutenant T.E. Lawrence (Peter O'Toole) is sent to Arabia to find Prince Faisal (Alec Guinness) and serve as a liaison between the Arabs and the British in their fight against the Turks. With the aid of native Sherif Ali (Omar Sharif), Lawrence rebels against the orders of his superior officer and strikes out on a daring camel journey across the harsh desert to attack a well-guarded Turkish port.",97.0,RottenTomatoes
Rashomon,1950,"Brimming with action while incisively examining the nature of truth, ""Rashomon"" is perhaps the finest film ever to investigate the philosophy of justice. Through an ingenious use of camera and flashbacks, Kurosawa reveals the complexities of human nature as four people recount different versions of the story of a man's murder and the rape of his wife.",98.0,RottenTomatoes
Army in the Shadows,1969,"This adaptation of the book by Joseph Kessel paints an understated, unglamorous portrait of the French Resistance during World World II. Betrayed by an informant, Philippe Gerbier (Lino Ventura) finds himself trapped in a torturous Nazi prison camp. Though Gerbier escapes to rejoin the Resistance in occupied Marseilles, France, and exacts his revenge on the informant, he must continue a quiet, seemingly endless battle against the Nazis in an atmosphere of tension, paranoia and distrust.",97.0,RottenTomatoes
Dolemite Is My Name,2019,"Performer Rudy Ray Moore develops an outrageous character named Dolemite, who becomes an underground sensation and star of a kung-fu, anti-establisment film that could make or break Moore.",97.0,RottenTomatoes
Kind Hearts and Coronets,1949,"When his mother eloped with an Italian opera singer, Louis Mazzini (Dennis Price) was cut off from her aristocratic family. After the family refuses to let her be buried in the family mausoleum, Louis avenges his mother's death by attempting to murder every family member (all played by Alec Guinness) who stands between himself and the family fortune. But when he finds himself torn between his longtime love (Joan Greenwood) and the widow of one of his victims (Valerie Hobson), his plans go awry.",100.0,RottenTomatoes
First Man,2018,"Hoping to reach the moon by the end of the decade, NASA plans a series of extremely dangerous, unprecedented missions in the early 1960s. Engineer Neil Armstrong joins the space program, spending years in training and risking his life during test flights. On July 16, 1969, the nation and world watch in wonder as Armstrong and fellow astronauts Buzz Aldrin and Michael Collins embark on the historic Apollo 11 spaceflight.",87.0,RottenTomatoes
Touch of Evil,1958,"When a car bomb explodes on the American side of the U.S./Mexico border, Mexican drug enforcement agent Miguel Vargas (Charlton Heston) begins his investigation, along with American police captain Hank Quinlan (Orson Welles). When Vargas begins to suspect that Quinlan and his shady partner, Menzies (Joseph Calleia), are planting evidence to frame an innocent man, his investigations into their possible corruption quickly put himself and his new bride, Susie (Janet Leigh), in jeopardy.",95.0,RottenTomatoes
Apocalypse Now,1979,"In Vietnam in 1970, Captain Willard (Martin Sheen) takes a perilous and increasingly hallucinatory journey upriver to find and terminate Colonel Kurtz (Marlon Brando), a once-promising officer who has reportedly gone completely mad. In the company of a Navy patrol boat filled with street-smart kids, a surfing-obsessed Air Cavalry officer (Robert Duvall), and a crazed freelance photographer (Dennis Hopper), Willard travels further and further into the heart of darkness.",98.0,RottenTomatoes
His Girl Friday,1940,"When hard-charging New York newspaper editor Walter Burns (Cary Grant) discovers that his ex-wife, investigative reporter Hildy Johnson (Rosalind Russell), has gotten engaged to milquetoast insurance agent Bruce Baldwin (Ralph Bellamy), he unsuccessfully tries to lure her away from tame domestic life with a story about the impending execution of convicted murderer Earl Williams. But when Hildy discovers Williams may be innocent, her reporter instincts take over.",98.0,RottenTomatoes
The Hurt Locker,2008,"Staff Sgt. William James (Jeremy Renner), Sgt. J.T. Sanborn (Anthony Mackie) and Specialist Owen Eldridge (Brian Geraghty) are members of a bomb-disposal unit in Baghdad. As their tour of duty enters its final weeks, the men face a set of increasingly hazardous situations, any of which could end their lives in an explosive instant.",97.0,RottenTomatoes
The Lighthouse,2019,Two lighthouse keepers try to maintain their sanity while living on a remote and mysterious New England island in the 1890s.,90.0,RottenTomatoes
"I, Tonya",2017,"In 1991, talented figure skater Tonya Harding becomes the first American woman to complete a triple axel during a competition. In 1994, her world comes crashing down when her ex-husband conspires to injure Nancy Kerrigan, a fellow Olympic hopeful, in a poorly conceived attack that forces the young woman to withdraw from the national championship. Harding's life and legacy instantly become tarnished as she's forever associated with one of the most infamous scandals in sports history.",90.0,RottenTomatoes
Hidden Figures,2016,"Three brilliant African-American women at NASA -- Katherine Johnson (Taraji P. Henson), Dorothy Vaughan (Octavia Spencer) and Mary Jackson (Janelle Monáe) -- serve as the brains behind one of the greatest operations in history: the launch of astronaut John Glenn (Glen Powell) into orbit, a stunning achievement that restored the nation's confidence, turned around the Space Race and galvanized the world.",93.0,RottenTomatoes
Taxi Driver,1976,"Suffering from insomnia, disturbed loner Travis Bickle (Robert De Niro) takes a job as a New York City cabbie, haunting the streets nightly, growing increasingly detached from reality as he dreams of cleaning up the filthy city. When Travis meets pretty campaign worker Betsy (Cybill Shepherd), he becomes obsessed with the idea of saving the world, first plotting to assassinate a presidential candidate, then directing his attentions toward rescuing 12-year-old prostitute Iris (Jodie Foster).",96.0,RottenTomatoes
Tokyo Story,1953,"The elderly Shukishi (Chishu Ryu) and his wife, Tomi (Chieko Higashiyama), take the long journey from their small seaside village to visit their adult children in Tokyo. Their elder son, Koichi (Sô Yamamura), a doctor, and their daughter, Shige (Haruko Sugimura), a hairdresser, don't have much time to spend with their aged parents, and so it falls to Noriko (Setsuko Hara), the widow of their younger son who was killed in the war, to keep her in-laws company.",100.0,RottenTomatoes
It's a Wonderful Life,1946,"After George Bailey (James Stewart) wishes he had never been born, an angel (Henry Travers) is sent to earth to make George's wish come true. George starts to realize how many lives he has changed and impacted, and how they would be different if he was never there.",94.0,RottenTomatoes
Vertigo,1958,"Hitchcock's romantic story of obsession, manipulation and fear. A detective is forced to retire after his fear of heights causes the death of a fellow officer and the girl he was hired to follow. He sees a double of the girl, causing him to transform her image onto the dead girl's body. This leads into a cycle of madness and lies.",94.0,RottenTomatoes
The Social Network,2010,"In 2003, Harvard undergrad and computer genius Mark Zuckerberg (Jesse Eisenberg) begins work on a new concept that eventually turns into the global social network known as Facebook. Six years later, he is one of the youngest billionaires ever, but Zuckerberg finds that his unprecedented success leads to both personal and legal complications when he ends up on the receiving end of two lawsuits, one involving his former friend (Andrew Garfield). Based on the book ""The Accidental Billionaires.""",96.0,RottenTomatoes
The Hate U Give,2018,"Starr Carter is constantly switching between two worlds -- the poor, mostly black neighborhood where she lives and the wealthy, mostly white prep school that she attends. The uneasy balance between these worlds is soon shattered when she witnesses the fatal shooting of her childhood best friend at the hands of a police officer. Facing pressure from all sides of the community, Starr must find her voice and decide to stand up for what's right.",97.0,RottenTomatoes
The Grapes of Wrath,1940,"The Joad clan, introduced to the world in John Steinbeck's iconic novel, is looking for a better life in California. After their drought-ridden farm is seized by the bank, the family -- led by just-paroled son Tom (Henry Fonda) -- loads up a truck and heads West. On the road, beset by hardships, the Joads meet dozens of other families making the same trek and holding onto the same dream. Once in California, however, the Joads soon realize that the promised land isn't quite what they hoped.",100.0,RottenTomatoes
L.A. Confidential,1997,"Three policemen, each with his own motives and obsessions, tackle the corruption surrounding an unsolved murder at a downtown Los Angeles coffee shop in the early 1950s. Detective Lieutenant Exley (Guy Pearce), the son of a murdered detective, is out to avenge his father's killing. The ex-partner of Officer White (Russell Crowe), implicated in a scandal rooted out by Exley, was one of the victims. Sergeant Vincennes (Kevin Spacey) feeds classified information to a tabloid magnate (Danny DeVito).",99.0,RottenTomatoes
Paterson,2016,"Paterson (Adam Driver) is a hardworking bus driver in Paterson, N.J., who follows the same routine every day. He observes the city and listens to fragments of conversations while picking up and dropping off his passengers. Paterson also writes heartfelt poems in a notebook, walks his dog and drinks one beer in a bar after his shift is over. Waiting for him at home is Laura (Golshifteh Farahani), his beloved wife who champions his gift for writing.",96.0,RottenTomatoes
Phantom Thread,2017,"Renowned dressmaker Reynolds Woodcock and his sister Cyril are at the center of British fashion in 1950s London -- dressing royalty, movie stars, heiresses, socialites and debutantes. Women come and go in Woodcock's life, providing the confirmed bachelor with inspiration and companionship. His carefully tailored existence soon gets disrupted by Alma, a young and strong-willed woman who becomes his muse and lover.",91.0,RottenTomatoes
Us,2019,"Accompanied by her husband, son and daughter, Adelaide Wilson returns to the beachfront home where she grew up as a child. Haunted by a traumatic experience from the past, Adelaide grows increasingly concerned that something bad is going to happen. Her worst fears soon become a reality when four masked strangers descend upon the house, forcing the Wilsons into a fight for survival. When the masks come off, the family is horrified to learn that each attacker takes the appearance of one of them.",93.0,RottenTomatoes
Get Out,2017,"Now that Chris (Daniel Kaluuya) and his girlfriend, Rose (Allison Williams), have reached the meet-the-parents milestone of dating, she invites him for a weekend getaway upstate with Missy and Dean. At first, Chris reads the family's overly accommodating behavior as nervous attempts to deal with their daughter's interracial relationship, but as the weekend progresses, a series of increasingly disturbing discoveries lead him to a truth that he never could have imagined.",98.0,RottenTomatoes
A Quiet Place,2018,"If they hear you, they hunt you. A family must live in silence to avoid mysterious creatures that hunt by sound. Knowing that even the slightest whisper or footstep can bring death, Evelyn and Lee are determined to find a way to protect their children while desperately searching for a way to fight back.",96.0,RottenTomatoes
The Cabinet of Dr. Caligari,1919,"At a carnival in Germany, Francis (Friedrich Feher) and his friend Alan (Rudolf Lettinger) encounter the crazed Dr. Caligari (Werner Krauss). The men see Caligari showing off his somnambulist, Cesare (Conrad Veidt), a hypnotized man who the doctor claims can see into the future. Shockingly, Cesare then predicts Alan's death, and by morning his chilling prophecy has come true -- making Cesare the prime suspect. However, is Cesare guilty, or is the doctor controlling him?",99.0,RottenTomatoes
King Kong,1933,"Actress Ann Darrow (Fay Wray) and director Carl Denham (Robert Armstrong) travel to the Indian Ocean to do location shoots for Denham's new jungle picture. Along the way, the actress meets and falls for rugged First Mate John Driscoll (Bruce Cabot). Upon arriving at a mysterious island, Ann is taken hostage by natives who prepare her as a sacrifice to the enormous ape Kong who rules over their jungle. But when Ann is rescued and Kong is captured, the real trouble begins.",98.0,RottenTomatoes
Nosferatu,1922,"In this highly influential silent horror film, the mysterious Count Orlok (Max Schreck) summons Thomas Hutter (Gustav von Wangenheim) to his remote Transylvanian castle in the mountains. The eerie Orlok seeks to buy a house near Hutter and his wife, Ellen (Greta Schroeder). After Orlok reveals his vampire nature, Hutter struggles to escape the castle, knowing that Ellen is in grave danger. Meanwhile Orlok's servant, Knock (Alexander Granach), prepares for his master to arrive at his new home.",97.0,RottenTomatoes
Psycho,1960,"Phoenix secretary Marion Crane (Janet Leigh), on the lam after stealing $40,000 from her employer in order to run away with her boyfriend, Sam Loomis (John Gavin), is overcome by exhaustion during a heavy rainstorm. Traveling on the back roads to avoid the police, she stops for the night at the ramshackle Bates Motel and meets the polite but highly strung proprietor Norman Bates (Anthony Perkins), a young man with an interest in taxidermy and a difficult relationship with his mother.",96.0,RottenTomatoes
The Invisible Man,2020,"After staging his own suicide, a crazed scientist uses his power to become invisible to stalk and terrorize his ex-girlfriend. When the police refuse to believe her story, she decides to take matters into her own hands and fight back.",91.0,RottenTomatoes
Bride of Frankenstein,1935,"After recovering from injuries sustained in the mob attack upon himself and his creation, Dr. Frankenstein (Colin Clive) falls under the control of his former mentor, Dr. Pretorius (Ernest Thesiger), who insists the now-chastened doctor resume his experiments in creating new life. Meanwhile, the Monster (Boris Karloff) remains on the run from those who wish to destroy him without understanding that his intentions are generally good despite his lack of socialization and self-control.",98.0,RottenTomatoes
The Babadook,2014,A troubled widow (Essie Davis) discovers that her son is telling the truth about a monster that entered their home through the pages of a children's book.,98.0,RottenTomatoes
Frankenstein,1931,"This iconic horror film follows the obsessed scientist Dr. Henry Frankenstein (Colin Clive) as he attempts to create life by assembling a creature from body parts of the deceased. Aided by his loyal misshapen assistant, Fritz (Dwight Frye), Frankenstein succeeds in animating his monster (Boris Karloff), but, confused and traumatized, it escapes into the countryside and begins to wreak havoc. Frankenstein searches for the elusive being, and eventually must confront his tormented creation.",100.0,RottenTomatoes
The Lighthouse,2019,Two lighthouse keepers try to maintain their sanity while living on a remote and mysterious New England island in the 1890s.,90.0,RottenTomatoes
Hereditary,2018,"When the matriarch of the Graham family passes away, her daughter and grandchildren begin to unravel cryptic and increasingly terrifying secrets about their ancestry, trying to outrun the sinister fate they have inherited.",89.0,RottenTomatoes
Let the Right One In,2008,"When Oskar (Kåre Hedebrant), a sensitive, bullied 12-year-old boy living with his mother in suburban Sweden, meets his new neighbor, the mysterious and moody Eli (Lina Leandersson), they strike up a friendship. Initially reserved with each other, Oskar and Eli slowly form a close bond, but it soon becomes apparent that she is no ordinary young girl. Eventually, Eli shares her dark, macabre secret with Oskar, revealing her connection to a string of bloody local murders.",98.0,RottenTomatoes
It Follows,2014,"After carefree teenager Jay (Maika Monroe) sleeps with her new boyfriend, Hugh (Jake Weary), for the first time, she learns that she is the latest recipient of a fatal curse that is passed from victim to victim via sexual intercourse. Death, Jay learns, will creep inexorably toward her as either a friend or a stranger. Jay's friends don't believe her seemingly paranoid ravings, until they too begin to see the phantom assassins and band together to help her flee or defend herself.",95.0,RottenTomatoes
Freaks,1932,"When trapeze artist Cleopatra (Olga Baclanova) learns that circus midget Hans (Harry Earles) has an inheritance, she marries the lovesick, diminutive performer, all the while planning to steal his fortune and run off with her lover, strong man Hercules (Henry Victor). When Hans' friends and fellow performers discover what is going on, they band together and carry out a brutal revenge that leaves Hercules and Cleopatra knowing what it truly means to be a ""freak.""",95.0,RottenTomatoes
Night of the Living Dead,1968,"A disparate group of individuals takes refuge in an abandoned house when corpses begin to leave the graveyard in search of fresh human bodies to devour. The pragmatic Ben (Duane Jones) does his best to control the situation, but when the reanimated bodies surround the house, the other survivors begin to panic. As any semblance of order within the group begins to dissipate, the zombies start to find ways inside -- and one by one, the living humans become the prey of the deceased ones.",97.0,RottenTomatoes
Aliens,1986,"After floating in space for 57 years, Lt. Ripley's (Sigourney Weaver) shuttle is found by a deep space salvage team. Upon arriving at LV-426, the marines find only one survivor, a nine year old girl named Newt (Carrie Henn). But even these battle-hardened marines with all the latest weaponry are no match for the hundreds of aliens that have invaded the colony.",97.0,RottenTomatoes
The Silence of the Lambs,1991,"Jodie Foster stars as Clarice Starling, a top student at the FBI's training academy. Jack Crawford (Scott Glenn) wants Clarice to interview Dr. Hannibal Lecter (Anthony Hopkins), a brilliant psychiatrist who is also a violent psychopath, serving life behind bars for various acts of murder and cannibalism. Crawford believes that Lecter may have insight into a case and that Starling, as an attractive young woman, may be just the bait to draw him out.",96.0,RottenTomatoes
Halloween,1978,"On a cold Halloween night in 1963, six year old Michael Myers brutally murdered his 17-year-old sister, Judith. He was sentenced and locked away for 15 years. But on October 30, 1978, while being transferred for a court date, a 21-year-old Michael Myers steals a car and escapes Smith's Grove. He returns to his quiet hometown of Haddonfield, Illinois, where he looks for his next victims.",96.0,RottenTomatoes
Rosemary's Baby,1968,"A young wife comes to believe that her offspring is not of this world. Waifish Rosemary Woodhouse (Mia Farrow) and her struggling actor husband Guy (John Cassavetes) move to a New York City apartment building with an ominous reputation and odd neighbors Roman and Minnie Castavet (Sidney Blackmer, Ruth Gordon). When Rosemary becomes pregnant she becomes increasingly isolated, and the diabolical truth is revealed only after Rosemary gives birth.",96.0,RottenTomatoes
Eyes Without a Face,1959,"Dr. Génessier (Pierre Brasseur) is riddled with guilt after an accident that he caused disfigures the face of his daughter, the once beautiful Christiane (Édith Scob), who outsiders believe is dead. Dr. Génessier, along with accomplice and laboratory assistant Louise (Alida Valli), kidnaps young women and brings them to the Génessier mansion. After rendering his victims unconscious, Dr. Génessier removes their faces and attempts to graft them on to Christiane's.",98.0,RottenTomatoes
Repulsion,1965,"In Roman Polanski's first English-language film, beautiful young manicurist Carole (Catherine Deneuve) suffers from androphobia (the pathological fear of interaction with men). When her sister and roommate, Helen (Yvonne Furneaux), leaves their London flat to go on an Italian holiday with her married boyfriend (Ian Hendry), Carole withdraws into her apartment. She begins to experience frightful hallucinations, her fear gradually mutating into madness.",95.0,RottenTomatoes
Pan's Labyrinth,2006,"In 1944 Spain young Ofelia (Ivana Baquero) and her ailing mother (Ariadna Gil) arrive at the post of her mother's new husband (Sergi López), a sadistic army officer who is trying to quell a guerrilla uprising. While exploring an ancient maze, Ofelia encounters the faun Pan, who tells her that she is a legendary lost princess and must complete three dangerous tasks in order to claim immortality.",95.0,RottenTomatoes
The Invisible Man,1933,"While researching a new drug, Dr. Jack Griffin (Claude Rains) stumbles on a potion that can make him invisible. When he reveals his new ability to his old mentor (Henry Travers) and his fiancée (Gloria Stuart), it's clear that a side effect of the potion is insanity. Jack goes on a violent rampage, and the police struggle to hunt him down, unable to see their target, while his mentor and his former partner (William Harrigan) desperately try to devise a plan to capture him.",94.0,RottenTomatoes
Host,2020,Six friends accidentally invite the attention of a demonic presence during an online séance and begin noticing strange occurrences in their homes.,100.0,RottenTomatoes
The Witch,2015,"In 1630 New England, panic and despair envelops a farmer, his wife and their children when youngest son Samuel suddenly vanishes. The family blames Thomasin, the oldest daughter who was watching the boy at the time of his disappearance. With suspicion and paranoia mounting, twin siblings Mercy and Jonas suspect Thomasin of witchcraft, testing the clan's faith, loyalty and love to one another.",90.0,RottenTomatoes
The Cabin in the Woods,2011,"When five college friends (Kristen Connolly, Chris Hemsworth, Anna Hutchison, Fran Kranz, Jesse Williams) arrive at a remote forest cabin for a little vacation, little do they expect the horrors that await them. One by one, the youths fall victim to backwoods zombies, but there is another factor at play. Two scientists (Richard Jenkins, Bradley Whitford) are manipulating the ghoulish goings-on, but even as the body count rises, there is yet more at work than meets the eye.",92.0,RottenTomatoes
Don't Look Now,1973,"Still grieving over the accidental death of their daughter, Christine (Sharon Williams), John (Donald Sutherland) and Laura Baxter (Julie Christie) head to Venice, Italy, where John's been commissioned to restore a church. There Laura meets two sisters (Hilary Mason, Clelia Matania) who claim to be in touch with the spirit of the Baxters' daughter. Laura takes them seriously, but John scoffs until he himself catches a glimpse of what looks like Christine running through the streets of Venice.",95.0,RottenTomatoes
It,2017,"Seven young outcasts in Derry, Maine, are about to face their worst nightmare -- an ancient, shape-shifting evil that emerges from the sewer every 27 years to prey on the town's children. Banding together over the course of one horrifying summer, the friends must overcome their own personal fears to battle the murderous, bloodthirsty clown known as Pennywise.",86.0,RottenTomatoes
Possessor: Uncut,2020,"Tasya Vos, an elite, corporate assassin, takes control of other people's bodies using brain-implant technology to execute high-profile targets.",93.0,RottenTomatoes
Relic,2020,A woman links her mother's increasingly volatile behavior to an evil presence at their family's decaying country home.,92.0,RottenTomatoes
The Birds,1963,Melanie Daniels (Tippi Hedren) meets Mitch Brenner (Rod Taylor) in a San Francisco pet store and decides to follow him home. She brings with her the gift of two love birds and they strike up a romance. One day birds start attacking children at Mitch's sisters party. A huge assault starts on the town by attacking birds.,95.0,RottenTomatoes
Young Frankenstein,1974,"Respected medical lecturer Dr. Frederick Frankenstein (Gene Wilder) learns that he has inherited his infamous grandfather's estate in Transylvania. Arriving at the castle, Dr. Frankenstein soon begins to recreate his grandfather's experiments with the help of servants Igor (Marty Feldman), Inga (Teri Garr) and the fearsome Frau Blücher (Cloris Leachman). After he creates his own monster (Peter Boyle), new complications ensue with the arrival of the doctor's fiancée, Elizabeth (Madeline Kahn).",94.0,RottenTomatoes
Godzilla,1954,A fire-breathing behemoth terrorizes Japan after an atomic bomb awakens it from its centuries-old sleep.,93.0,RottenTomatoes
The Vanishing,1988,"Rex (Gene Bervoets) and Saskia (Johanna Ter Steege) are enjoying a biking holiday in France when, stopping at a gas station, Saskia disappears. Confounded, Rex searches everywhere, but to no avail. Three years later, he's still obsessed with finding her, pleading his case on television, putting up posters and ruining his new relationship in the process. Eventually an unassuming chemistry teacher, Raymond (Bernard-Pierre Donnadieu), approaches Rex, intimating that he knows what happened.",98.0,RottenTomatoes
Ready or Not,2019,"Grace couldn't be happier after she marries the man of her dreams at his family's luxurious estate. There's just one catch -- she must now hide from midnight until dawn while her new in-laws hunt her down with guns, crossbows and other weapons. As Grace desperately tries to survive the night, she soon finds a way to turn the tables on her not-so-lovable relatives.",88.0,RottenTomatoes
La llorona,2019,"Alma is murdered with her children during a military attack in Guatemala, but when the general who ordered the genocide is found not guilty 30 years later, Alma returns to the world of the living to torment the man.",98.0,RottenTomatoes
Drag Me to Hell,2009,"Christine Brown (Alison Lohman) has a loving boyfriend (Justin Long) and a great job at a Los Angeles bank. But her heavenly life becomes hellish when, in an effort to impress her boss, she denies an old woman's request for an extension on her home loan. In retaliation, the crone places a curse on Christine, threatening her soul with eternal damnation. Christine seeks a psychic's help to break the curse, but the price to save her soul may be more than she can pay.",92.0,RottenTomatoes
A Girl Walks Home Alone at Night,2014,Residents of a worn-down Iranian city encounter a skateboarding vampire (Sheila Vand) who preys on men who disrespect women.,96.0,RottenTomatoes
House of Wax,1953,"Wax sculptor Henry (Vincent Price) is horrified to learn that his business partner, Matthew (Roy Roberts), plans on torching their wax museum to collect on the insurance policy. Henry miraculously survives a fiery confrontation with Matthew and re-emerges some years hence with a museum of his own. But when the appearance of Henry's new wax sculptures occurs at the same time that a number of corpses vanish from the city morgue, art student Sue Allen (Phyllis Kirk) begins suspecting wrongdoing.",95.0,RottenTomatoes
The Fly,1958,"When scientist Andre Delambre (Al Hedison) tests his matter transporter on himself, an errant housefly makes its way into the transportation chamber, and things go horribly wrong. As a result, Delambre's head and arm are now that of the insect. Slowly losing himself to the fly, Delambre turns to his wife, Helene (Patricia Owens), for help. But when tragedy strikes, Delambre's brother (Vincent Price) and Inspector Charas (Herbert Marshall) are forced to pick up the investigation.",95.0,RottenTomatoes
Dracula,1931,"The dashing, mysterious Count Dracula (Bela Lugosi), after hypnotizing a British soldier, Renfield (Dwight Frye), into his mindless slave, travels to London and takes up residence in an old castle. Soon Dracula begins to wreak havoc, sucking the blood of young women and turning them into vampires. When he sets his sights on Mina (Helen Chandler), the daughter of a prominent doctor, vampire-hunter Van Helsing (Edward Van Sloan) is enlisted to put a stop to the count's never-ending bloodlust.",94.0,RottenTomatoes
Midsommar,2019,"A young American couple, their relationship foundering, travel to a fabled Swedish midsummer festival where a seemingly pastoral paradise transforms into a sinister, dread-soaked nightmare as the locals reveal their terrifying agenda.",83.0,RottenTomatoes
Carrie,1976,"In this chilling adaptation of Stephen King's horror novel, withdrawn and sensitive teen Carrie White (Sissy Spacek) faces taunting from classmates at school and abuse from her fanatically pious mother (Piper Laurie) at home. When strange occurrences start happening around Carrie, she begins to suspect that she has supernatural powers. Invited to the prom by the empathetic Tommy Ross (William Katt), Carrie tries to let her guard down, but things eventually take a dark and violent turn.",93.0,RottenTomatoes
Nosferatu,1979,"Jonathan Harker is sent away to Count Dracula's castle to sell him a house in Virna, where he lives. But Count Dracula is a vampire, an undead ghoul living off men's blood. Inspired by a photograph of Lucy Harker, Jonathan's wife, Dracula moves to Virna, bringing with him death and plague... An unusually contemplative version of Dracula, in which the vampire bears the cross of not being able to get old and die.",95.0,RottenTomatoes
Spontaneous,2020,"When students in their high school inexplicably start to explode, seniors Mara and Dylan struggle to survive in a world where each moment may be their last. As an unexpected romance blossoms between them, they soon discover that when tomorrow is no longer promised, they can finally start living for today.",98.0,RottenTomatoes
The Evil Dead,1981,"Ashley ""Ash"" Williams (Bruce Campbell), his girlfriend and three pals hike into the woods to a cabin for a fun night away. There they find an old book, the Necronomicon, whose text reawakens the dead when it's read aloud. The friends inadvertently release a flood of evil and must fight for their lives or become one of the evil dead. Ash watches his friends become possessed, and must make a difficult decision before daybreak to save his own life in this, the first of Sam Raimi's trilogy.",95.0,RottenTomatoes
Evil Dead 2,1987,"The second of three films in the Evil Dead series is part horror, part comedy, with Ash Williams (Bruce Campbell) once again battling horrifying demons at a secluded cabin in the woods. After discovering an audiotape left by a college professor that contains voices reading from the Book of the Dead, Ash's girlfriend Linda (Denise Bixler) becomes possessed by evil spirits that are awakened by the voices on the tape. Ash soon discovers there is no escaping the woods.",95.0,RottenTomatoes
The Innocents,1961,"Based on the Henry James story ""The Turn of the Screw,"" a psychological thriller about a woman who takes a governess job for two orphans in a Victorian home. She begins to see what she believes are ghosts and suspects the children's bizarre behavior is the result of supernatural powers.",94.0,RottenTomatoes
The Loved Ones,2009,"After a classmate (Xavier Samuel) declines her invitation to the school dance, a teenager (Robin McLeavy) kidnaps him and makes him the guest of honor at her own twisted prom.",98.0,RottenTomatoes
Invasion of the Body Snatchers,1978,"This remake of the classic horror film is set in San Francisco. Matthew Bennell (Donald Sutherland) assumes that when a friend (Brooke Adams) complains of her husband's strange mood, it's a marital issue. However, he begins to worry as more people report similar observations. His concern is confirmed when writer Jack Bellicec (Jeff Goldblum) and his wife (Veronica Cartwright) discover a mutated corpse. Besieged by an invisible enemy, Bennell must work quickly before the city is consumed.",93.0,RottenTomatoes
Dead of Night,1945,"Architect Walter Craig (Mervyn Johns) goes to Pilgrim's Farm to see a potential client. When he arrives at the house, he gets the feeling that he has been there before. Once inside, he meets a group of people who seem oddly familiar. He tells them that he has dreamt about each one of them and begins to list events that occurred in the dream. Walter's revelations begin a conversation amongst the group, and each person admits to having experienced a strange, unexplainable event.",93.0,RottenTomatoes
Harpoon,2019,"Rivalries, dark secrets, and sexual tension emerge when three friends find themselves stranded on a yacht in the middle of the ocean under suspicious circumstances.",97.0,RottenTomatoes
The Love Witch,2016,"Elaine (Samantha Robinson), a beautiful young witch, is determined to find a man to love her. In her gothic Victorian apartment she makes spells and potions, then picks up men and seduces them. However, her spells work too well, and she ends up with a string of hapless victims. When she at last meets the man of her dreams, her desperation to be loved drives her to the brink of insanity and murder.",95.0,RottenTomatoes
Room 237,2012,"Filmmaker Rodney Ascher analyzes Stanley Kubrick's film adaptation of Stephen King's classic horror novel ""The Shining.""",94.0,RottenTomatoes
Suspiria,1977,"Suzy (Jessica Harper) travels to Germany to attend ballet school. When she arrives, late on a stormy night, no one lets her in, and she sees Pat (Eva Axén), another student, fleeing from the school. When Pat reaches her apartment, she is murdered. The next day, Suzy is admitted to her new school, but has a difficult time settling in. She hears noises, and often feels ill. As more people die, Suzy uncovers the terrifying secret history of the place.",93.0,RottenTomatoes
Werckmeister Harmonies,2000,A mysterious circus excites a small Hungarian town into a rebellion when a promised act doesn't perform.,98.0,RottenTomatoes
Shaun of the Dead,2004,"Shaun (Simon Pegg) is a 30-something loser with a dull, easy existence. When he's not working at the electronics store, he lives with his slovenly best friend, Ed (Nick Frost), in a small flat on the outskirts of London. The only unpredictable element in his life is his girlfriend, Liz (Kate Ashfield), who wishes desperately for Shaun to grow up and be a man. When the town is inexplicably overrun with zombies, Shaun must rise to the occasion and protect both Liz and his mother (Penelope Wilton).",92.0,RottenTomatoes
Train to Busan,2016,"A man (Gong Yoo), his estranged daughter and other passengers become trapped on a speeding train during a zombie outbreak in South Korea.",94.0,RottenTomatoes
A Nightmare on Elm Street,1984,"In Wes Craven's classic slasher film, several Midwestern teenagers fall prey to Freddy Krueger (Robert Englund), a disfigured midnight mangler who preys on the teenagers in their dreams -- which, in turn, kills them in reality. After investigating the phenomenon, Nancy (Heather Langenkamp) begins to suspect that a dark secret kept by her and her friends' parents may be the key to unraveling the mystery, but can Nancy and her boyfriend Glen (Johnny Depp) solve the puzzle before it's too late?",94.0,RottenTomatoes
The Host,2006,"Careless American military personnel dump chemicals into South Korea's Han River. Several years later, a creature emerges from the tainted waters and sinks its ravenous jaws into local residents. When the creature abducts their daughter (Ah-sung Ko), a vendor (Song Kang-ho) and his family decide that they are the only ones who can save her.",93.0,RottenTomatoes
The Fly,1986,"When scientist Seth Brundle (Jeff Goldblum) completes his teleportation device, he decides to test its abilities on himself. Unbeknownst to him, a housefly slips in during the process, leading to a merger of man and insect. Initially, Brundle appears to have undergone a successful teleportation, but the fly's cells begin to take over his body. As he becomes increasingly fly-like, Brundle's girlfriend (Geena Davis) is horrified as the person she once loved deteriorates into a monster.",92.0,RottenTomatoes
Dawn of the Dead,1978,"As hordes of zombies swarm over the U.S., the terrified populace tries everything in their power to escape the attack of the undead, but neither cities nor the countryside prove safe. In Pennsylvania, radio-station employee Stephen (David Emge) and his girlfriend, Francine (Gaylen Ross), escape in the station helicopter, accompanied by two renegade SWAT members, Roger and Pete. The group retreats to the haven of an enclosed shopping center to make what could be humanity's last stand.",94.0,RottenTomatoes
It Comes at Night,2017,"After a mysterious apocalypse leaves the world with few survivors, two families are forced to share a home in an uneasy alliance to keep the outside evil at bay -- only to learn that the true horror may come from within.",87.0,RottenTomatoes
Zombieland,2009,"After a virus turns most people into zombies, the world's surviving humans remain locked in an ongoing battle against the hungry undead. Four survivors -- Tallahassee (Woody Harrelson) and his cohorts Columbus (Jesse Eisenberg), Wichita (Emma Stone) and Little Rock (Abigail Breslin) -- abide by a list of survival rules and zombie-killing strategies as they make their way toward a rumored safe haven in Los Angeles.",89.0,RottenTomatoes
In Fabric,2018,"A lonely divorcee visits a bewitching London department store to find a dress to transform her life. She soon finds a perfect, artery-red gown that unleashes a malevolent, unstoppable curse.",91.0,RottenTomatoes
Re-Animator,1985,A medical student (Jeffrey Combs) brings his headless professor back from the dead with a special serum.,93.0,RottenTomatoes
Don't Breathe,2016,"Rocky (Jane Levy), Alex and Money are three Detroit thieves who get their kicks by breaking into the houses of wealthy people. Money gets word about a blind veteran who won a major cash settlement following the death of his only child. Figuring he's an easy target, the trio invades the man's secluded home in an abandoned neighborhood. Finding themselves trapped inside, the young intruders must fight for their lives after making a shocking discovery about their supposedly helpless victim.",88.0,RottenTomatoes
The Endless,2017,"Two brothers receive a cryptic video message inspiring them to revisit the UFO death cult they escaped a decade earlier. Hoping to find the closure that they couldn't find as young men, they're forced to reconsider the cult's beliefs when confronted with unexplainable phenomena surrounding the camp. As the members prepare for the coming of a mysterious event, the brothers race to unravel the seemingly impossible truth before their lives become permanently entangled with the cult.",92.0,RottenTomatoes
What Ever Happened to Baby Jane?,1962,"Jane Hudson (Bette Davis) is an aging child star left to care for her wheelchair-bound sister Blanche (Joan Crawford), also a former child actress. Stuck living together in a mansion in old Hollywood, Blanche plots to get even with Jane for the car crash that left her crippled years earlier. But Jane is desperate to keep Blanche imprisoned as she plans a new rise to fame, and tries to hide Blanche's existence from doctors, visitors and neighbors while she devises a way to get rid of her sister.",92.0,RottenTomatoes
The Mortuary Collection,2019,"Desperate for work, a young drifter applies for a job at the local mortuary on the outskirts of town. There, she meets Montgomery Dark, an eccentric mortician with more than a few skeletons in his closet. Montgomery chronicles the strange history of the town through a series of twisted tales, each more terrifying than the last.",95.0,RottenTomatoes
Cam,2018,"A camgirl has her principles, until a mysterious woman who looks just like her takes over her channel.",93.0,RottenTomatoes
The Phantom of the Opera,1925,"In this silent horror classic, aspiring young opera singer Christine Daaé (Mary Philbin) discovers that she has a mysterious admirer intent on helping her become a lead performer. This enigmatic masked presence is Erik, also known as the Phantom (Lon Chaney), a horribly disfigured recluse who lives underneath the Paris Opera House. When the Phantom takes Christine prisoner and demands her devotion and affection, her suitor, Vicomte Raoul de Chagny (Norman Kerry), sets out to rescue her.",90.0,RottenTomatoes
The Wolf Man,1941,"When his brother dies, Larry Talbot (Lon Chaney) returns to Wales and reconciles with his father (Claude Rains). While there, he visits an antique shop and, hoping to impress Gwen (Evelyn Ankers), the attractive shopkeeper, buys a silver walking cane. That same night he kills a wolf with it, only to later learn that he actually killed a man (Bela Lugosi). A gypsy (Maria Ouspenskaya) explains that it was her son, a werewolf, that he killed, and that Larry is now one himself.",90.0,RottenTomatoes
Upgrade,2018,"A brutal mugging leaves Grey Trace paralyzed in the hospital and his beloved wife dead. A billionaire inventor soon offers Trace a cure -- an artificial intelligence implant called STEM that will enhance his body. Now able to walk, Grey finds that he also has superhuman strength and agility -- skills he uses to seek revenge against the thugs who destroyed his life.",88.0,RottenTomatoes
Eraserhead,1977,"Henry (John Nance) resides alone in a bleak apartment surrounded by industrial gloom. When he discovers that an earlier fling with Mary X (Charlotte Stewart) left her pregnant, he marries the expectant mother and has her move in with him. Things take a decidedly strange turn when the couple's baby turns out to be a bizarre lizard-like creature that won't stop wailing. Other characters, including a disfigured lady who lives inside a radiator, inhabit the building and add to Henry's troubles.",90.0,RottenTomatoes
We Are Still Here,2015,"Every 30 years, a lonely old house in the fields of New England wakes up and demands a sacrifice.",95.0,RottenTomatoes
The Dark and the Wicked,2020,"Plagued by waking nightmares, two siblings suspect that something evil is taking over their family at an isolated farmhouse.",92.0,RottenTomatoes
The Texas Chain Saw Massacre,1974,"When Sally (Marilyn Burns) hears that her grandfather's grave may have been vandalized, she and her paraplegic brother, Franklin (Paul A. Partain), set out with their friends to investigate. After a detour to their family's old farmhouse, they discover a group of crazed, murderous outcasts living next door. As the group is attacked one by one by the chainsaw-wielding Leatherface (Gunnar Hansen), who wears a mask of human skin, the survivors must do everything they can to escape.",89.0,RottenTomatoes
The Witches,1990,"While staying at a hotel in England with his grandmother, Helga (Mai Zetterling), young Luke (Jasen Fisher) inadvertently spies on a convention of witches. The Grand High Witch (Anjelica Huston) reveals a plan to turn all children into mice through a magical formula. When they find that Luke has overheard, the witches test the formula on him. Now, with the help of Helga and the hotel manager, Mr. Stringer (Rowan Atkinson), Luke the mouse must fight back against the witches.",93.0,RottenTomatoes
Arachnophobia,1990,"After a nature photographer (Mark L. Taylor) dies on assignment in Venezuela, a poisonous spider hitches a ride in his coffin to his hometown in rural California, where arachnophobe Dr. Ross Jennings (Jeff Daniels) has just moved in with his wife, Molly (Harley Jane Kozak), and young son. As town residents start turning up dead, Jennings begins to suspect spiders, and must face his fears as he and no-nonsense exterminator Delbert McClintock (John Goodman) fight to stop a deadly infestation.",93.0,RottenTomatoes
Horror of Dracula,1958,"On a search for his missing friend Jonathan Harker (John Van Eyssen), vampire hunter Dr. Van Helsing (Peter Cushing) is led to Count Dracula's (Christopher Lee) castle. Upon arriving, Van Helsing finds an undead Harker in Dracula's crypt and discovers that the count's next target is Harker's ailing fiancée, Lucy Holmwood (Carol Marsh). With the help of her brother, Arthur (Michael Gough), Van Helsing struggles to protect Lucy and put an end to Count Dracula's parasitic reign of terror.",90.0,RottenTomatoes
Dr. Jekyll and Mr. Hyde,1931,"Testing his theory that in every man dwells a good and an evil force, the reserved Dr. Jekyll (Fredric March) develops a formula that separates the two, turning him into a violent ruffian named Mr. Hyde. Thinking he has found the answer to one of life's grandest mysteries, Dr. Jekyll soon realizes he is becoming addicted to his darker self as he unleashes his violent side on earthy dance hall girl Ivy (Miriam Hopkins) and fights Hyde to regain control of his body.",90.0,RottenTomatoes
Halloween,2018,"It's been 40 years since Laurie Strode survived a vicious attack from crazed killer Michael Myers on Halloween night. Locked up in an institution, Myers manages to escape when his bus transfer goes horribly wrong. Laurie now faces a terrifying showdown when the masked madman returns to Haddonfield, Ill. -- but this time, she's ready for him.",79.0,RottenTomatoes
The Mummy,1932,"A team of British archaeologists led by Sir Joseph Whemple (Arthur Byron) discover the mummified remains of the ancient Egyptian prince Imhotep (Boris Karloff), along with the legendary scroll of Thoth. When one of the archaeologists recites the scroll aloud, Imhotep returns to life, but escapes. Several years later, Imhotep has taken on the guise of a wealthy man, as he searches Egypt for his lost love, who he believes has been reincarnated as the lovely Helen Grosvenor (Zita Johann).",88.0,RottenTomatoes
Frankenweenie,2012,"Young Victor Frankenstein (Charlie Tahan) is a science nerd and outsider at school, but he does have one good friend: his dog, Sparky. But then, tragedy strikes, and Sparky shuffles off this mortal coil. Victor is heartbroken, but his science teacher (Martin Landau) gives him an idea of how to jolt old Sparky back to life. The experiment is successful, and all goes well, until Victor's fellow students steal his secret and use it to resurrect other dead animals -- with monstrous consequences.",87.0,RottenTomatoes
Let Me In,2010,"Bullied at school, neglected at home and incredibly lonely, 12-year-old Owen (Kodi Smit-McPhee) spends his days plotting revenge on his tormentors and spends his nights spying on other residents of the apartment complex. His sole friend is Abby (Chloë Grace Moretz), a strange girl who comes out only at nighttime. Both outcasts, the two form a strong bond. When Abby's caretaker disappears amid a series of gruesome murders, Owen begins to suspect that she is hiding a terrible secret.",88.0,RottenTomatoes
Island of Lost Souls,1933,"In this adaptation of H.G. Wells' novel ""The Island of Doctor Moreau,"" Edward Parker (Richard Arlen) is shipwrecked on a remote island presided over by the mysterious Dr. Moreau (Charles Laughton). Edward discovers his host is conducting genetic experiments, and presiding over a race of half-human, half-animal hybrids, including the alluring Panther Woman and the sage Sayer of the Law (Bela Lugosi). The island has become its own society, with Moreau as its god.",88.0,RottenTomatoes
Frenzy,1972,"London is held in the grip of a serial killer whose modus operandi is to murder his victims by strangling them with a necktie. When short-tempered ex-Royal Air Force officer Richard Blaney (Jon Finch) discovers his ex-wife (Barbara Leigh-Hunt) murdered, Blaney becomes a suspect. Forced to go on the run, Blaney attempts to take refuge with his best friend, fruit merchant Bob Rusk (Barry Foster), however Rusk may, in fact, be the necktie murderer himself.",90.0,RottenTomatoes
Color Out of Space,2019,"After a meteorite lands in the front yard of their farm, Nathan Gardner and his family find themselves battling a mutant extraterrestrial organism that infects their minds and bodies, transforming their quiet rural life into a technicolor nightmare.",86.0,RottenTomatoes
The Conjuring,2013,"In 1970, paranormal investigators and demonologists Lorraine (Vera Farmiga) and Ed (Patrick Wilson) Warren are summoned to the home of Carolyn (Lili Taylor) and Roger (Ron Livingston) Perron. The Perrons and their five daughters have recently moved into a secluded farmhouse, where a supernatural presence has made itself known. Though the manifestations are relatively benign at first, events soon escalate in horrifying fashion, especially after the Warrens discover the house's macabre history.",86.0,RottenTomatoes
Misery,1990,"After a serious car crash, novelist Paul Sheldon (James Caan) is rescued by former nurse Annie Wilkes (Kathy Bates), who claims to be his biggest fan. Annie brings him to her remote cabin to recover, where her obsession takes a dark turn when she discovers Sheldon is killing off her favorite character from his novels. As Sheldon devises plans for escape, Annie grows increasingly controlling, even violent, as she forces the author to shape his writing to suit her twisted fantasies.",90.0,RottenTomatoes
The Wicker Man,1973,"Sergeant Howie (Edward Woodward) arrives on the small Scottish island of Summerisle to investigate the report of a missing child. A conservative Christian, the policeman observes the residents' frivolous sexual displays and strange pagan rituals, particularly the temptations of Willow (Britt Ekland), daughter of the island magistrate, Lord Summerisle (Christopher Lee). The more Sergeant Howie learns about the islanders' strange practices, the closer he gets to tracking down the missing child.",89.0,RottenTomatoes
Little Shop of Horrors,1986,"Meek flower shop assistant Seymour (Rick Moranis) pines for co-worker Audrey (Ellen Greene). During a total eclipse, he discovers an unusual plant he names Audrey II, which feeds only on human flesh and blood. The growing plant attracts a great deal of business for the previously struggling store. After Seymour feeds Audrey's boyfriend, Orin (Steve Martin), to the plant after Orin's accidental death, he must come up with more bodies for the increasingly bloodthirsty plant.",90.0,RottenTomatoes
Cronos,1993,"Antique dealer Jesus Gris (Federico Luppi) stumbles across Cronos, a 400-year-old scarab that, when it latches onto him, grants him youth and eternal life -- but also a thirst for blood. As Jesus enjoys his newfound vitality, he's unaware that a dying old man, Dieter de la Guardia (Claudio Brook), has sent his nephew, Angel (Ron Perlman), to find the scarab and bring it back to him. But Jesus will not give immortality up easily, even risking the life of his orphan granddaughter (Tamara Shanath).",91.0,RottenTomatoes
Bone Tomahawk,2015,"In the Old West, a sheriff (Kurt Russell), his deputy (Richard Jenkins), a gunslinger (Matthew Fox),and a cowboy (Patrick Wilson) embark on a mission to rescue three people from a savage group of cave dwellers.",91.0,RottenTomatoes
The Return of the Living Dead,1985,"When foreman Frank (James Karen) shows new employee Freddy (Thom Mathews) a secret military experiment in a supply warehouse, the two klutzes accidentally release a gas that reanimates corpses into flesh-eating zombies. As the epidemic spreads throughout Louisville, Ky., and the creatures satisfy their hunger in gory and outlandish ways, Frank and Freddy fight to survive with the help of their boss (Clu Gulager) and a mysterious mortician (Don Calfa).",91.0,RottenTomatoes
28 Days Later,2002,"A group of misguided animal rights activists free a caged chimp infected with the ""Rage"" virus from a medical research lab. When London bike courier Jim (Cillian Murphy) wakes up from a coma a month after, he finds his city all but deserted. On the run from the zombie-like victims of the Rage, Jim stumbles upon a group of survivors, including Selena (Naomie Harris) and cab driver Frank (Brendan Gleeson), and joins them on a perilous journey to what he hopes will be safety.",87.0,RottenTomatoes
Hush,2016,A deaf woman is stalked by a killer in her home.,93.0,RottenTomatoes
Toy Story 4,2019,"Woody, Buzz Lightyear and the rest of the gang embark on a road trip with Bonnie and a new toy named Forky. The adventurous journey turns into an unexpected reunion as Woody's slight detour leads him to his long-lost friend Bo Peep. As Woody and Bo discuss the old days, they soon start to realize that they're worlds apart when it comes to what they want from life as a toy.",97.0,RottenTomatoes
The Wizard of Oz,1939,"When a tornado rips through Kansas, Dorothy (Judy Garland) and her dog, Toto, are whisked away in their house to the magical land of Oz. They follow the Yellow Brick Road toward the Emerald City to meet the Wizard, and en route they meet a Scarecrow (Ray Bolger) that needs a brain, a Tin Man (Jack Haley) missing a heart, and a Cowardly Lion (Bert Lahr) who wants courage. The wizard asks the group to bring him the broom of the Wicked Witch of the West (Margaret Hamilton) to earn his help.",98.0,RottenTomatoes
Spider-Man: Into the Spider-Verse,2018,"Bitten by a radioactive spider in the subway, Brooklyn teenager Miles Morales suddenly develops mysterious powers that transform him into the one and only Spider-Man. When he meets Peter Parker, he soon realizes that there are many others who share his special, high-flying talents. Miles must now use his newfound skills to battle the evil Kingpin, a hulking madman who can open portals to other universes and pull different versions of Spider-Man into our world.",97.0,RottenTomatoes
Inside Out,2015,"Riley (Kaitlyn Dias) is a happy, hockey-loving 11-year-old Midwestern girl, but her world turns upside-down when she and her parents move to San Francisco. Riley's emotions -- led by Joy (Amy Poehler) -- try to guide her through this difficult, life-changing event. However, the stress of the move brings Sadness (Phyllis Smith) to the forefront. When Joy and Sadness are inadvertently swept into the far reaches of Riley's mind, the only emotions left in Headquarters are Anger, Fear and Disgust.",98.0,RottenTomatoes
Coco,2017,"Despite his family's generations-old ban on music, young Miguel dreams of becoming an accomplished musician like his idol Ernesto de la Cruz. Desperate to prove his talent, Miguel finds himself in the stunning and colorful Land of the Dead. After meeting a charming trickster named Héctor, the two new friends embark on an extraordinary journey to unlock the real story behind Miguel's family history.",97.0,RottenTomatoes
E.T. the Extra-Terrestrial,1982,"After a gentle alien becomes stranded on Earth, the being is discovered and befriended by a young boy named Elliott (Henry Thomas). Bringing the extraterrestrial into his suburban California house, Elliott introduces E.T., as the alien is dubbed, to his brother and his little sister, Gertie (Drew Barrymore), and the children decide to keep its existence a secret. Soon, however, E.T. falls ill, resulting in government intervention and a dire situation for both Elliott and the alien.",98.0,RottenTomatoes
Snow White and the Seven Dwarfs,1937,"The Grimm fairy tale gets a Technicolor treatment in Disney's first animated feature. Jealous of Snow White's beauty, the wicked queen orders the murder of her innocent stepdaughter, but later discovers that Snow White is still alive and hiding in a cottage with seven friendly little miners. Disguising herself as a hag, the queen brings a poisoned apple to Snow White, who falls into a death-like sleep that can be broken only by a kiss from the prince.",98.0,RottenTomatoes
Paddington 2,2017,"Settled in with the Brown family, Paddington the bear is a popular member of the community who spreads joy and marmalade wherever he goes. One fine day, he spots a pop-up book in an antique shop -- the perfect present for his beloved aunt's 100th birthday. When a thief steals the prized book, Paddington embarks on an epic quest to unmask the culprit before Aunt Lucy's big celebration.",100.0,RottenTomatoes
Incredibles 2,2018,"Telecommunications guru Winston Deavor enlists Elastigirl to fight crime and make the public fall in love with superheroes once again. That leaves Mr. Incredible with one of his greatest challenges ever -- staying home and taking care of three rambunctious children. As Violet, Dash and Jack-Jack offer him a new set of headaches, a cybercriminal named Screenslaver launches his dastardly plan -- hypnotizing the world through computer screens.",93.0,RottenTomatoes
Up,2009,"Carl Fredricksen (Ed Asner), a 78-year-old balloon salesman, is about to fulfill a lifelong dream. Tying thousands of balloons to his house, he flies away to the South American wilderness. But curmudgeonly Carl's worst nightmare comes true when he discovers a little boy named Russell is a stowaway aboard the balloon-powered house.",98.0,RottenTomatoes
Toy Story 3,2010,"With their beloved Andy preparing to leave for college, Woody (Tom Hanks), Buzz Lightyear (Tim Allen), Jessie (Joan Cusack), and the rest of the toys find themselves headed for the attic but mistakenly wind up on the curb with the trash. Woody's quick thinking saves the gang, but all but Woody end up being donated to a day-care center. Unfortunately, the uncontrollable kids do not play nice, so Woody and the gang make plans for a great escape.",98.0,RottenTomatoes
Toy Story 2,1999,"Woody (Tom Hanks) is stolen from his home by toy dealer Al McWhiggin (Wayne Knight), leaving Buzz Lightyear (Tim Allen) and the rest of the gang to try to rescue him. But when Woody discovers that he's actually a valuable collectible from a once-popular television show called ""Woody's Roundup"" and is reunited with his horse Bullseye, Jessie the yodeling cowgirl (Joan Cusack) and his faithful sidekick, Stinky Pete the Prospector (Kelsey Grammer), he doesn't want to leave.",100.0,RottenTomatoes
Pinocchio,1940,"When the woodworker Geppetto (Christian Rub) sees a falling star, he wishes that the puppet he just finished, Pinocchio (Dickie Jones), could become a real boy. In the night, the Blue Fairy (Evelyn Venable) grants Geppetto's wish and asks Jiminy Cricket (Cliff Edwards) to serve as the wooden boy's conscience. But the naive and trusting Pinocchio falls into the clutches of the wicked Honest John (Walter Catlett), who leads him astray to the sinful Pleasure Island.",100.0,RottenTomatoes
Finding Nemo,2003,"Marlin (Albert Brooks), a clown fish, is overly cautious with his son, Nemo (Alexander Gould), who has a foreshortened fin. When Nemo swims too close to the surface to prove himself, he is caught by a diver, and horrified Marlin must set out to find him. A blue reef fish named Dory (Ellen DeGeneres) -- who has a really short memory -- joins Marlin and complicates the encounters with sharks, jellyfish, and a host of ocean dangers. Meanwhile, Nemo plots his escape from a dentist's fish tank.",99.0,RottenTomatoes
The Jungle Book,2016,"Raised by a family of wolves since birth, Mowgli (Neel Sethi) must leave the only home he's ever known when the fearsome tiger Shere Khan (Idris Elba) unleashes his mighty roar. Guided by a no-nonsense panther (Ben Kingsley) and a free-spirited bear (Bill Murray), the young boy meets an array of jungle animals, including a slithery python and a smooth-talking ape. Along the way, Mowgli learns valuable life lessons as his epic journey of self-discovery leads to fun and adventure.",94.0,RottenTomatoes
Harry Potter and the Deathly Hallows: Part 2,2011,"A clash between good and evil awaits as young Harry (Daniel Radcliffe), Ron (Rupert Grint) and Hermione (Emma Watson) prepare for a final battle against Lord Voldemort (Ralph Fiennes). Harry has grown into a steely lad on a mission to rid the world of evil. The friends must search for the Horcruxes that keep the dastardly wizard immortal. Harry and Voldemort meet at Hogwarts Castle for an epic showdown where the forces of darkness may finally meet their match.",96.0,RottenTomatoes
It's a Wonderful Life,1946,"After George Bailey (James Stewart) wishes he had never been born, an angel (Henry Travers) is sent to earth to make George's wish come true. George starts to realize how many lives he has changed and impacted, and how they would be different if he was never there.",94.0,RottenTomatoes
The LEGO Movie,2014,"Emmet (Chris Pratt), an ordinary LEGO figurine who always follows the rules, is mistakenly identified as the Special -- an extraordinary being and the key to saving the world. He finds himself drafted into a fellowship of strangers who are on a mission to stop an evil tyrant's (Will Ferrell) plans to conquer the world. Unfortunately for Emmet, he is hopelessly -- and hilariously -- unprepared for such a task, but he'll give it his all nonetheless.",96.0,RottenTomatoes
Moana,2016,"An adventurous teenager sails out on a daring mission to save her people. During her journey, Moana meets the once-mighty demigod Maui, who guides her in her quest to become a master way-finder. Together they sail across the open ocean on an action-packed voyage, encountering enormous monsters and impossible odds. Along the way, Moana fulfills the ancient quest of her ancestors and discovers the one thing she always sought: her own identity.",95.0,RottenTomatoes
Toy Story,1995,"Woody (Tom Hanks), a good-hearted cowboy doll who belongs to a young boy named Andy (John Morris), sees his position as Andy's favorite toy jeopardized when his parents buy him a Buzz Lightyear (Tim Allen) action figure. Even worse, the arrogant Buzz thinks he's a real spaceman on a mission to return to his home planet. When Andy's family moves to a new house, Woody and Buzz must escape the clutches of maladjusted neighbor Sid Phillips (Erik von Detten) and reunite with their boy.",100.0,RottenTomatoes
How to Train Your Dragon,2010,"Hiccup (Jay Baruchel) is a Norse teenager from the island of Berk, where fighting dragons is a way of life. His progressive views and weird sense of humor make him a misfit, despite the fact that his father (Gerard Butler) is chief of the clan. Tossed into dragon-fighting school, he endeavors to prove himself as a true Viking, but when he befriends an injured dragon he names Toothless, he has the chance to plot a new course for his people's future.",99.0,RottenTomatoes
Dumbo,1941,"A young circus elephant is born with comically large ears and given the cruel nickname Dumbo. One day at a show, he is taunted by a group of kids, inciting his mother into a rage that gets her locked up. After Dumbo's ears cause an accident that injures many of the other elephants, he is made to dress like a clown and perform dangerous stunts. Everything changes when Dumbo discovers that his enormous ears actually allow him to fly, and he astounds everyone at the circus with his new talent.",98.0,RottenTomatoes
Ratatouille,2007,"Remy (Patton Oswalt), a resident of Paris, appreciates good food and has quite a sophisticated palate. He would love to become a chef so he can create and enjoy culinary masterpieces to his heart's delight. The only problem is, Remy is a rat. When he winds up in the sewer beneath one of Paris' finest restaurants, the rodent gourmet finds himself ideally placed to realize his dream.",96.0,RottenTomatoes
My Life as a Zucchini,2016,A police officer (Nick Offerman) and some new friends help an orphan adjust to life at a foster home.,99.0,RottenTomatoes
The Incredibles,2004,"In this lauded Pixar animated film, married superheroes Mr. Incredible (Craig T. Nelson) and Elastigirl (Holly Hunter) are forced to assume mundane lives as Bob and Helen Parr after all super-powered activities have been banned by the government. While Mr. Incredible loves his wife and kids, he longs to return to a life of adventure, and he gets a chance when summoned to an island to battle an out-of-control robot. Soon, Mr. Incredible is in trouble, and it's up to his family to save him.",97.0,RottenTomatoes
Miracle on 34th Street,1947,"In this Christmas classic, an old man going by the name of Kris Kringle (Edmund Gwenn) fills in for an intoxicated Santa in Macy's annual Thanksgiving Day parade. Kringle proves to be such a hit that he is soon appearing regularly at the chain's main store in midtown Manhattan. When Kringle surprises customers and employees alike by claiming that he really is Santa Claus, it leads to a court case to determine his mental health and, more importantly, his authenticity.",96.0,RottenTomatoes
The LEGO Batman Movie,2017,"There are big changes brewing in Gotham, but if Batman (Will Arnett) wants to save the city from the Joker's (Zach Galifianakis) hostile takeover, he may have to drop the lone vigilante thing, try to work with others and maybe, just maybe, learn to lighten up. Maybe his superhero sidekick Robin (Michael Cera) and loyal butler Alfred (Ralph Fiennes) can show him a thing or two.",90.0,RottenTomatoes
One Hundred and One Dalmatians,1961,"In a Disney animation classic, Dalmatian Pongo is tired of his bachelor-dog life. He spies lovely Perdita and maneuvers his master, Roger, into meeting Perdita's owner, Anita. The owners fall in love and marry, keeping Pongo and Perdita together too. After Perdita gives birth to a litter of 15 puppies, Anita's old school friend Cruella De Vil wants to buy them all. Roger declines her offer, so Cruella hires the criminal Badun brothers to steal them -- so she can have a fur coat.",98.0,RottenTomatoes
Beauty and the Beast,1991,"An arrogant young prince (Robby Benson) and his castle's servants fall under the spell of a wicked enchantress, who turns him into the hideous Beast until he learns to love and be loved in return. The spirited, headstrong village girl Belle (Paige O'Hara) enters the Beast's castle after he imprisons her father Maurice (Rex Everhart). With the help of his enchanted servants, including the matronly Mrs. Potts (Angela Lansbury), Belle begins to draw the cold-hearted Beast out of his isolation.",94.0,RottenTomatoes
The Princess Bride,1987,"A fairy tale adventure about a beautiful young woman and her one true love. He must find her after a long separation and save her. They must battle the evils of the mythical kingdom of Florin to be reunited with each other. Based on the William Goldman novel ""The Princess Bride"" which earned its own loyal audience.",97.0,RottenTomatoes
Chicken Run,2000,"This engaging stop-motion, claymation adventure tells the story of an American rooster who falls in love with a gorgeous hen on a British farm. The couple decides to run away from the farm, but they must first contend with the evil farmer who is intent on keeping them under her control. The chickens decide to attempt an escape so they don't get turned into chicken pot pies.",97.0,RottenTomatoes
Paddington,2014,"After a deadly earthquake destroys his home in Peruvian rainforest, a young bear (Ben Whishaw) makes his way to England in search of a new home. The bear, dubbed ""Paddington"" for the london train station, finds shelter with the family of Henry (Hugh Bonneville) and Mary Brown (Sally Hawkins). Although Paddington's amazement at urban living soon endears him to the Browns, someone else has her eye on him: Taxidermist Millicent Clyde (Nicole Kidman) has designs on the rare bear and his hide.",97.0,RottenTomatoes
Mary Poppins,1964,"When Jane (Karen Dotrice) and Michael (Matthew Garber), the children of the wealthy and uptight Banks family, are faced with the prospect of a new nanny, they are pleasantly surprised by the arrival of the magical Mary Poppins (Julie Andrews). Embarking on a series of fantastical adventures with Mary and her Cockney performer friend, Bert (Dick Van Dyke), the siblings try to pass on some of their nanny's sunny attitude to their preoccupied parents (David Tomlinson, Glynis Johns).",98.0,RottenTomatoes
Onward,2020,"Teenage elf brothers Ian and Barley embark on a magical quest to spend one more day with their late father. Like any good adventure, their journey is filled with cryptic maps, impossible obstacles and unimaginable discoveries. But when dear Mom finds out her sons are missing, she teams up with the legendary manticore to bring her beloved boys back home.",88.0,RottenTomatoes
The Nightmare Before Christmas,1993,"The film follows the misadventures of Jack Skellington, Halloweentown's beloved pumpkin king, who has become bored with the same annual routine of frightening people in the ""real world."" When Jack accidentally stumbles on Christmastown, all bright colors and warm spirits, he gets a new lease on life -- he plots to bring Christmas under his control by kidnapping Santa Claus and taking over the role. But Jack soon discovers even the best-laid plans of mice and skeleton men can go seriously awry.",95.0,RottenTomatoes
"Monsters, Inc.",2001,"Monsters Incorporated is the largest scare factory in the monster world, and James P. Sullivan (John Goodman) is one of its top scarers. Sullivan is a huge, intimidating monster with blue fur, large purple spots and horns. His scare assistant, best friend and roommate is Mike Wazowski (Billy Crystal), a green, opinionated, feisty little one-eyed monster. Visiting from the human world is Boo (Mary Gibbs), a tiny girl who goes where no human has ever gone before.",96.0,RottenTomatoes
Big,1988,"After a wish turns 12-year-old Josh Baskin (David Moscow) into a 30-year-old man (Tom Hanks), he heads to New York City and gets a low-level job at MacMillen Toy Company. A chance encounter with the owner (Robert Loggia) of the company leads to a promotion testing new toys. Soon a fellow employee, Susan Lawrence (Elizabeth Perkins), takes a romantic interest in Josh. However, the pressure of living as an adult begins to overwhelm him, and he longs to return to his simple, former life as a boy.",97.0,RottenTomatoes
Fantasia,1940,"Released in 1940, represented Disney's boldest experiment to date. Bringing to life his vision of blending animated imagery with classical music. What had begun as a vehicle to enhance Mickey Mouse's career blossomed into a full-blown feature that remains unique in the history of animation.",95.0,RottenTomatoes
Spirited Away,2001,"10-year-old Chihiro (Daveigh Chase) moves with her parents to a new home in the Japanese countryside. After taking a wrong turn down a wooded path, Chihiro and her parents discover an amusement park with a stall containing an assortment of food. To her surprise, Chihiro's parents begin eating and then transform into pigs. In this supernatural realm, Chihiro encounters a host of characters and endures labor in a bathhouse for spirits, awaiting a reunion with her parents.",97.0,RottenTomatoes
The Iron Giant,1999,"In this animated adaptation of Ted Hughes' Cold War fable, a giant alien robot (Vin Diesel) crash-lands near the small town of Rockwell, Maine, in 1957. Exploring the area, a local 9-year-old boy, Hogarth, discovers the robot, and soon forms an unlikely friendship with him. When a paranoid government agent, Kent Mansley, becomes determined to destroy the robot, Hogarth and beatnik Dean McCoppin (Harry Connick Jr.) must do what they can to save the misunderstood machine.",96.0,RottenTomatoes
Song of the Sea,2014,An Irish youth (David Rawle) discovers that his mute sister is a selkie who must find her voice and free supernatural creatures from the spell of a Celtic goddess (Fionnula Flanagan).,99.0,RottenTomatoes
The Muppets,2011,"Walter, the world's biggest Muppet fan, is on vacation in Los Angeles with his brother Gary (Jason Segel) and Gary's girlfriend, Mary (Amy Adams). They discover that greedy Tex Richman (Chris Cooper) plans to raze Muppet Studios and drill for oil on the spot. Desperate to save the Muppets' former stomping grounds, the three friends join forces with Kermit to reunite Miss Piggy, Fozzie and the rest of the gang to hold a telethon to raise the $10 million they need to save the studio .",95.0,RottenTomatoes
The Lion King,1994,"This Disney animated feature follows the adventures of the young lion Simba (Jonathan Taylor Thomas), the heir of his father, Mufasa (James Earl Jones). Simba's wicked uncle, Scar (Jeremy Irons), plots to usurp Mufasa's throne by luring father and son into a stampede of wildebeests. But Simba escapes, and only Mufasa is killed. Simba returns as an adult (Matthew Broderick) to take back his homeland from Scar with the help of his friends Timon (Nathan Lane) and Pumbaa (Ernie Sabella).",93.0,RottenTomatoes
Who Framed Roger Rabbit,1988,"Down-on-his-luck private eye Eddie Valiant (Bob Hoskins) gets hired by cartoon producer R.K. Maroon (Alan Tilvern) to investigate an adultery scandal involving Jessica Rabbit (Kathleen Turner), the sultry wife of Maroon's biggest star, Roger Rabbit (Charles Fleischer). But when Marvin Acme (Stubby Kaye), Jessica's alleged paramour and the owner of Toontown, is found murdered, the villainous Judge Doom (Christopher Lloyd) vows to catch and destroy Roger.",97.0,RottenTomatoes
How to Train Your Dragon: The Hidden World,2019,"When the sudden appearance of a female Light Fury coincides with the darkest threat their village has ever faced, Hiccup and Toothless must journey to a hidden world thought only to exist in myth. The two friends will soon discover their true destinies as dragon and rider fight together to protect everything they've grown to treasure.",90.0,RottenTomatoes
Babe,1995,"Gentle farmer Arthur Hoggett (James Cromwell) wins a piglet named Babe (Christine Cavanaugh) at a county fair. Narrowly escaping his fate as Christmas dinner when Farmer Hoggett decides to show him at the next fair, Babe bonds with motherly border collie Fly (Miriam Margolyes) and discovers that he too can herd sheep. But will the other farm animals, including Fly's jealous husband Rex, accept a pig who doesn't conform to the farm's social hierarchy?",97.0,RottenTomatoes
Yellow Submarine,1968,"The music-loving inhabitants of Pepperland are under siege by the Blue Meanies, a nasty group of music-hating creatures. The Lord Mayor of Pepperland (Dick Emery) dispatches sailor Old Fred (Lance Percival) to Liverpool, England, where he is to recruit the help of the Beatles (John Lennon, Paul McCartney, George Harrison, Ringo Starr). The sympathetic Beatles ride a yellow submarine to the occupied Pepperland, where the Blue Meanies have no chance against the Fab Four's groovy tunes.",95.0,RottenTomatoes
Fantastic Mr. Fox,2009,"After 12 years of bucolic bliss, Mr. Fox (George Clooney) breaks a promise to his wife (Meryl Streep) and raids the farms of their human neighbors, Boggis, Bunce and Bean. Giving in to his animal instincts endangers not only his marriage but also the lives of his family and their animal friends. When the farmers force Mr. Fox and company deep underground, he has to resort to his natural craftiness to rise above the opposition.",93.0,RottenTomatoes
Kiki's Delivery Service,1989,"In this anime feature, 13-year-old Kiki moves to a seaside town with her talking cat, Jiji, to spend a year alone, in accordance with her village's tradition for witches in training. After learning to control her broomstick, Kiki sets up a flying courier service and soon becomes a fixture in the community. But when the insecure young witch begins questioning herself and loses her magic abilities, she must overcome her self-doubt to get her powers back.",98.0,RottenTomatoes
My Fair Lady,1964,"In this beloved musical, pompous phonetics professor Henry Higgins (Rex Harrison) is so sure of his abilities that he takes it upon himself to transform a Cockney working-class girl into someone who can pass for a cultured member of high society. His subject turns out to be the lovely Eliza Doolittle (Audrey Hepburn), who agrees to speech lessons to improve her job prospects. Higgins and Eliza clash, then form an unlikely bond -- one that is threatened by an aristocratic suitor (Jeremy Brett).",95.0,RottenTomatoes
Aladdin,1992,"When street rat Aladdin frees a genie from a lamp, he finds his wishes granted. However, he soon finds that the evil has other plans for the lamp -- and for Princess Jasmine. But can Aladdin save Princess Jasmine and his love for her after she sees that he isn't quite what he appears to be?",95.0,RottenTomatoes
Hugo,2011,"Orphaned and alone except for an uncle, Hugo Cabret (Asa Butterfield) lives in the walls of a train station in 1930s Paris. Hugo's job is to oil and maintain the station's clocks, but to him, his more important task is to protect a broken automaton and notebook left to him by his late father (Jude Law). Accompanied by the goddaughter (Chloë Grace Moretz) of an embittered toy merchant (Ben Kingsley), Hugo embarks on a quest to solve the mystery of the automaton and find a place he can call home.",93.0,RottenTomatoes
Frozen,2013,"When their kingdom becomes trapped in perpetual winter, fearless Anna (Kristen Bell) joins forces with mountaineer Kristoff (Jonathan Groff) and his reindeer sidekick to find Anna's sister, Snow Queen Elsa (Idina Menzel), and break her icy spell. Although their epic journey leads them to encounters with mystical trolls, a comedic snowman (Josh Gad), harsh conditions, and magic at every turn, Anna and Kristoff bravely push onward in a race to save their kingdom from winter's cold grip.",90.0,RottenTomatoes
Ralph Breaks the Internet,2018,"Video game bad guy Ralph and fellow misfit Vanellope von Schweetz must risk it all by traveling to the World Wide Web in search of a replacement part to save Vanellope's video game, ""Sugar Rush."" In way over their heads, Ralph and Vanellope rely on the citizens of the internet -- the netizens -- to help navigate their way, including an entrepreneur named Yesss, who is the head algorithm and the heart and soul of trend-making site BuzzzTube.",88.0,RottenTomatoes
Enchanted,2007,"Banished by an evil queen, Princess Giselle (Amy Adams) from a fairy-tale world lands in modern Manhattan, where music, magic and ""happily ever after"" are sorely lacking. She is adrift in this strange new place until a divorce lawyer (Patrick Dempsey) comes to her aid. Giselle begins to fall for her flawed benefactor, but the storybook romance gets complicated when a prince from her world comes to rescue her.",93.0,RottenTomatoes
How to Train Your Dragon 2,2014,"Five years have passed since Hiccup and Toothless united the dragons and Vikings of Berk. Now, they spend their time charting the island's unmapped territories. During one of their adventures, the pair discover a secret cave that houses hundreds of wild dragons -- and a mysterious dragon rider who turns out to be Hiccup's long-lost mother, Valka (Cate Blanchett). Hiccup and Toothless then find themselves at the center of a battle to protect Berk from a power-hungry warrior named Drago.",92.0,RottenTomatoes
The Straight Story,1999,"A retired farmer and widower in his 70s, Alvin Straight (Richard Farnsworth) learns one day that his distant brother Lyle (Harry Dean Stanton) has suffered a stroke and may not recover. Alvin is determined to make things right with Lyle while he still can, but his brother lives in Wisconsin, while Alvin is stuck in Iowa with no car and no driver's license. Then he hits on the idea of making the trip on his old lawnmower, thus beginning a picturesque and at times deeply spiritual odyssey.",95.0,RottenTomatoes
Coraline,2009,"While exploring her new home, a girl named Coraline (Dakota Fanning) discovers a secret door, behind which lies an alternate world that closely mirrors her own but, in many ways, is better. She rejoices in her discovery, until Other Mother (Teri Hatcher) and the rest of her parallel family try to keep her there forever. Coraline must use all her resources and bravery to make it back to her own family and life.",90.0,RottenTomatoes
The Breadwinner,2017,"Parvana is an 11-year-old girl who lives under Taliban rule in Afghanistan in 2001. After the wrongful arrest of her father, Parvana cuts off her hair and dresses like a boy to support her family. Working alongside a friend, she soon discovers a new world of freedom and danger. Drawing strength from the fantastical stories she invents, Parvana embarks on an epic quest to find her father and reunite her family.",95.0,RottenTomatoes
The Little Mermaid,1989,"In Disney's beguiling animated romp, rebellious 16-year-old mermaid Ariel (Jodi Benson) is fascinated with life on land. On one of her visits to the surface, which are forbidden by her controlling father, King Triton, she falls for a human prince. Determined to be with her new love, Ariel makes a dangerous deal with the sea witch Ursula (Pat Carroll) to become human for three days. But when plans go awry for the star-crossed lovers, the king must make the ultimate sacrifice for his daughter.",93.0,RottenTomatoes
Lady and the Tramp,1955,"This Disney animated classic follows a pampered cocker spaniel named Lady (Barbara Luddy) whose comfortable life slips away once her owners have a baby. When, after some tense circumstances, Lady finds herself on the loose and out on the street, she is befriended and protected by the tough stray mutt Tramp (Larry Roberts). A romance begins to blossom between the two dogs, but their many differences, along with more drama at Lady's household, threaten to keep them apart.",93.0,RottenTomatoes
Big Hero 6,2014,"Robotics prodigy Hiro (Ryan Potter) lives in the city of San Fransokyo. Next to his older brother, Tadashi, Hiro's closest companion is Baymax (Scott Adsit), a robot whose sole purpose is to take care of people. When a devastating turn of events throws Hiro into the middle of a dangerous plot, he transforms Baymax and his other friends, Go Go Tamago (Jamie Chung), Wasabi (Damon Wayans Jr.), Honey Lemon (Genesis Rodriguez) and Fred (T.J. Miller) into a band of high-tech heroes.",89.0,RottenTomatoes
My Neighbor Totoro,1988,"This acclaimed animated tale by director Hayao Miyazaki follows schoolgirl Satsuke and her younger sister, Mei, as they settle into an old country house with their father and wait for their mother to recover from an illness in an area hospital. As the sisters explore their new home, they encounter and befriend playful spirits in their house and the nearby forest, most notably the massive cuddly creature known as Totoro.",94.0,RottenTomatoes
Princess Mononoke,1997,A prince becomes involved in the struggle between a forest princess and the encroachment of mechanization.,93.0,RottenTomatoes
Harry Potter and the Prisoner of Azkaban,2004,"Harry Potter's (Daniel Radcliffe) third year at Hogwarts starts off badly when he learns deranged killer Sirius Black (Gary Oldman) has escaped from Azkaban prison and is bent on murdering the teenage wizard. While Hermione's (Emma Watson) cat torments Ron's (Rupert Grint) sickly rat, causing a rift among the trio, a swarm of nasty Dementors is sent to protect the school from Black. A mysterious new teacher helps Harry learn to defend himself, but what is his secret tie to Sirius Black?",90.0,RottenTomatoes
Bambi,1942,"In a classic Disney animation, a fawn named Bambi joins his new friends, a young rabbit named Thumper and a skunk kit named Flower in happily exploring the woods. Bambi is captivated with a young doe named Faline, and he learns from his doting mother and his father -- the Great Prince of the Forest -- that besides the delights of the forest, there is danger in open meadows where hunters can see them. Though fear and tragedy touch Bambi's life, another spring brings renewal.",90.0,RottenTomatoes
Pete's Dragon,2016,"Mr. Meacham (Robert Redford), a woodcarver, delights local children with stories of a mysterious dragon that lives deep in the woods of the Pacific Northwest. His daughter Grace (Bryce Dallas Howard) believes these are just tall tales, until she meets Pete (Oakes Fegley), a 10-year-old orphan who says he lives in the woods with a giant, friendly dragon. With help from a young girl named Natalie (Oona Laurence), Grace sets out to investigate if this fantastic claim can be true.",88.0,RottenTomatoes
The Secret of Roan Inish,1994,"Fiona (Jeni Courtney) is a young Irish girl with an unusual family history, including a long-missing baby brother. When she goes to live with her grandparents on the west coast of Ireland, Fiona hears stories about her ancestors, tales that involve mythical creatures called selkies who can shift from seal to human form. After Fiona ends up on the small island of Roan Inish, her family's ancestral home, she believes she may have found her little brother living by the sea.",95.0,RottenTomatoes
A Monster Calls,2016,"Conor (Lewis MacDougall) is dealing with far more than other boys his age. His beloved and devoted mother (Felicity Jones) is ill. He has little in common with his imperious grandmother. His father has resettled thousands of miles away. But Conor finds a most unlikely ally when the Monster (Liam Neeson) appears at his bedroom window one night. Ancient, wild, and relentless, the Monster guides Conor on a journey of courage, faith, and truth that powerfully fuses imagination and reality.",86.0,RottenTomatoes
Arthur Christmas,2011,"Everyone knows that, each Christmas, Santa Claus delivers presents to every last child on Earth. What everyone doesn't know is that Santa accomplishes the feat with a very high-tech operation beneath the North Pole. But when the unthinkable happens, and Santa misses one child out of hundreds of millions, someone has to save the day. It's up to Arthur (James McAvoy), Santa's youngest son, to deliver a present to the forgotten tyke before Christmas morning dawns.",92.0,RottenTomatoes
Antz,1998,"Z the worker ant (Woody Allen) strives to reconcile his own individuality with the communal work-ethic of the ant colony. He falls in love with ant-Princess Bala (Sharon Stone), Z strives to make social inroads, and then must save the ant colony from the treacherous scheming of the evil General Mandible (Gene Hackman) that threaten to wipe out the entire worker population.",92.0,RottenTomatoes
Spy Kids,2001,"Two young kids become spies in attempt to save their parents, who are ex-spies, from an evil mastermind. Armed with a bag of high tech gadgets and out-of-this world transportation, Carmen (Alexa Vega) and Juni (Daryl Sabara) will bravely jet through the air, dive under the seas and crisscross the globe in a series of thrilling adventures on a mission to save their parents ... and maybe even the world.",93.0,RottenTomatoes
Summer Hours,2008,"When elderly matriarch Hélène Berthier (Édith Scob) discovers that her health is declining, she contacts her three adult children about contending with her valuable art collection after her passing. As the family gathers, local son Frédéric (Charles Berling) is on hand, while his jet-setting siblings, Adrienne (Juliette Binoche) and Jérémie (Jérémie Renier), fly in from abroad. Together, they try to agree on what to do with their mother's collection, as they also grapple with her mortality.",94.0,RottenTomatoes
Harry Potter and the Goblet of Fire,2005,"The fourth movie in the Harry Potter franchise sees Harry (Daniel Radcliffe) returning for his fourth year at Hogwarts School of Witchcraft and Wizardry, along with his friends, Ron (Rupert Grint) and Hermione (Emma Watson). There is an upcoming tournament between the three major schools of magic, with one participant selected from each school by the Goblet of Fire. When Harry's name is drawn, even though he is not eligible and is a fourth player, he must compete in the dangerous contest.",88.0,RottenTomatoes
The Kid Who Would Be King,2019,"Old-school magic meets the modern world when young Alex stumbles upon the mythical sword Excalibur. He soon unites his friends and enemies, and they become knights who join forces with the legendary wizard Merlin. Together, they must save mankind from the wicked enchantress Morgana and her army of supernatural warriors.",89.0,RottenTomatoes
A Bug's Life,1998,"Flik (Dave Foley) is an inventive ant who's always messing things up for his colony. His latest mishap was destroying the food stores that were supposed to be used to pay off grasshopper Hopper (Kevin Spacey). Now the strong-arming insect is demanding that the ants gather double the food -- or face annihilation. To avert disaster, Flik goes on a journey to recruit fighters to defend the colony. When he meets a band of high-flying circus insects, he thinks he's found his salvation.",92.0,RottenTomatoes
How Green Was My Valley,1941,"Huw Morgan (Roddy McDowall), the academically inclined youngest son in a proud family of Welsh coal miners, witnesses the tumultuous events of his young life during a period of rapid social change. At the dawn of the 20th century, a miners' strike divides the Morgans: the sons demand improvements, and the father (Donald Crisp) doesn't want to rock the boat. Meanwhile, Huw's eldest sister, Angharad (Maureen O'Hara), pines for the new village preacher, Mr. Gruffydd (Walter Pidgeon).",89.0,RottenTomatoes
Ponyo,2008,"During a forbidden excursion to see the surface world, a goldfish princess encounters a human boy named Sosuke, who gives her the name Ponyo. Ponyo longs to become human, and as her friendship with Sosuke grows, she becomes more humanlike. Ponyo's father brings her back to their ocean kingdom, but so strong is Ponyo's wish to live on the surface that she breaks free, and in the process, spills a collection of magical elixirs that endanger Sosuke's village.",91.0,RottenTomatoes
Klaus,2019,A desperate postman accidentally brings about the genesis of Santa Claus.,94.0,RottenTomatoes
Teen Titans GO! to the Movies,2018,"It seems that all the major superheroes out there are starring in their own movies -- all but the Teen Titans. Robin is bound and determined to remedy that situation by becoming a star instead of a sidekick. With a few madcap ideas and a song in their hearts, the Teen Titans head to Hollywood to fulfill their dreams. Things soon go awry, however, when a supervillain plans to take over the planet -- putting the very fate of the young heroes on the line.",91.0,RottenTomatoes
That Thing You Do!,1996,"Wily band manager Mr. White helps a small town band achieve big time success when they release a Beatles-style pop song in 1964. Pennsylvania band the ""Oneders"" become a sensation after their drummer breaks his arm, and is replaced by jazz enthusiast, Guy Patterson, who injects something a bit different into their music.",93.0,RottenTomatoes
Tangled,2010,"When the kingdom's most-wanted bandit, Flynn Rider (Zachary Levi), hides in a convenient tower, he immediately becomes a captive of Rapunzel (Mandy Moore), the spire's longtime resident. Crowned with 70 feet of magical golden hair, she has been locked away for years and desperately wants freedom. The feisty teenager strikes a deal with Flynn, and together they begin a whirlwind adventure.",89.0,RottenTomatoes
Shrek 2,2004,"After returning from their honeymoon and showing home movies to their friends, Shrek and Fiona learn that her parents have heard that she has married her true love and wish to invite him to their kingdom, called Far Far Away. The catch is: Fiona's parents are unaware of the curse that struck their daughter and have assumed she married Prince Charming, not a 700-pound ogre with horrible hygiene and a talking donkey pal.",89.0,RottenTomatoes
ParaNorman,2012,"Young Norman Babcock (Kodi Smit-McPhee) has the ability to speak with the dead -- and he often prefers their company to that of the living. Norman receives word from his strange Uncle Prenderghast (John Goodman) that a centuries-old witch's curse on their town is real and about to come true -- and that only Norman can stop it. When zombies rise from their graves, Norman must summon all his courage and compassion and push his paranormal abilities to the limit to save his fellow townspeople.",89.0,RottenTomatoes
The Witches,1990,"While staying at a hotel in England with his grandmother, Helga (Mai Zetterling), young Luke (Jasen Fisher) inadvertently spies on a convention of witches. The Grand High Witch (Anjelica Huston) reveals a plan to turn all children into mice through a magical formula. When they find that Luke has overheard, the witches test the formula on him. Now, with the help of Helga and the hotel manager, Mr. Stringer (Rowan Atkinson), Luke the mouse must fight back against the witches.",93.0,RottenTomatoes
First Position,2011,"Six young ballet students, all from different backgrounds, prepare for the Youth America Grand Prix, a competition in which dance schools and companies from around the world scout for new talent.",93.0,RottenTomatoes
James and the Giant Peach,1996,"Featuring stop-motion animation and live action, this inventive adaptation of Roald Dahl's beloved children's tale follows the adventures of James (Paul Terry), an orphaned young British boy. Forced to live with his cruel aunts (Joanna Lumley, Miriam Margolyes), James finds a way out of his bleak existence when he discovers an enormous enchanted peach. After rolling into the sea inside the buoyant fruit, James, accompanied by a crew of friendly talking insects, sets sail for New York City.",91.0,RottenTomatoes
Rango,2011,"A chameleon (Johnny Depp) who has lived as a sheltered family pet finds himself in the grip of an identity crisis. Rango wonders how to stand out when it is his nature to blend in. When he accidentally winds up in a frontier town called Dirt, he takes the first step on a transformational journey as the town's new sheriff. Though at first Rango only role-plays, a series of thrilling situations and outrageous encounters forces him to become a real hero.",88.0,RottenTomatoes
Shrek,2001,"Once upon a time, in a far away swamp, there lived an ogre named Shrek (Mike Myers) whose precious solitude is suddenly shattered by an invasion of annoying fairy tale characters. They were all banished from their kingdom by the evil Lord Farquaad (John Lithgow). Determined to save their home -- not to mention his -- Shrek cuts a deal with Farquaad and sets out to rescue Princess Fiona (Cameron Diaz) to be Farquaad's bride. Rescuing the Princess may be small compared to her deep, dark secret.",88.0,RottenTomatoes
Willy Wonka and the Chocolate Factory,1971,"The last of five coveted ""golden tickets"" falls into the hands of a sweet but very poor boy. He and his grandpa then get a tour of the strangest chocolate factory in the world. The owner leads five young winners on a thrilling and often dangerous tour of his factory.",90.0,RottenTomatoes
Lassie,2005,"Young Joe Carraclough (Jonathan Mason) and his family (Samantha Morton, John Lynch) love their faithful collie, Lassie. However, when Joe's father loses his job in the mine, he must sell the dog to the Duke of Rudling (Peter O'Toole), who covets the collie for his granddaughter (Hester Odgers). After the duke moves to northern Scotland to avoid the threat of World War II, Lassie escapes and undertakes a 500-mile journey to reunite with her family.",93.0,RottenTomatoes
Winnie the Pooh,2011,"Three stories inspired by A.A. Milne add up to a very busy day for Winnie the Pooh (Jim Cummings) and friends. Upon learning that Eeyore (Bud Luckey) has lost his tail, the residents of the Hundred Acre Wood start a contest to see who can find a new one for the melancholy donkey -- with a pot of honey going to the winner. Amid the goings-on, Owl (Craig Ferguson) mistakenly relates the news that Christopher Robin has been abducted. However, all ends well when Pooh finds a land of sweet delights.",91.0,RottenTomatoes
Duma,2005,"Xan (Alexander Michaletos) lives on a ranch in Kenya with his mother (Hope Davis) and father (Campbell Scott). When the family stumbles upon an abandoned baby cheetah one afternoon, Xan takes the cub in and begins to care for it as if it were his own. Over time, Xan grows incredibly attached to the cheetah, which the family names Duma. But some relationships cannot last, and in this case, Xan must learn the hard lesson that not all animals are meant to be domesticated.",93.0,RottenTomatoes
The Peanuts Movie,2015,"Life always seems complicated for good ol' Charlie Brown (Noah Schnapp), the boy who always tries his best against seemingly impossible odds. When the Little Red-Haired Girl moves into his neighborhood, Charlie Brown develops a crush on her. Meanwhile, his best friend Snoopy embarks on an epic adventure in a fantasy world. As a World War I flying ace, the lovable beagle pursues his nemesis, the Red Baron, while also trying to win the heart of a beautiful poodle named Fifi (Kristin Chenoweth).",87.0,RottenTomatoes
Kung Fu Panda,2008,"Po the panda (Jack Black) works in his family's noodle shop and dreams of becoming a kung-fu master. His dream becomes a reality when, unexpectedly, he must fulfill an ancient prophecy and study the skills with his idols, the Furious Five. Po needs all the wisdom, strength and ability he can muster to protect his people from an evil snow leopard.",87.0,RottenTomatoes
Jason and the Argonauts,1963,"After saving the life of his royal father's usurper, Pelias (Douglas Wilmer), whom he fails to recognize, Jason (Todd Armstrong) is encouraged by the conniving murderer to begin a quest in search of the Golden Fleece. In doing so, Pelias hopes for Jason's death to thwart the prophecy that he will reclaim the throne. Along the journey, Jason is protected by the goddess Hera (Honor Blackman), and his crew includes Hercules (Nigel Green) and Acastus (Gary Raymond), a saboteur planted by Pelias.",89.0,RottenTomatoes
Sleeping Beauty,1959,"Filled with jealousy, the evil witch Maleficent (Eleanor Audley) curses Princess Aurora (Mary Costa) to die on her 16th birthday. Thanks to Aurora's guardian fairies (Verna Felton, Barbara Jo Allen, Barbara Luddy), she only falls into a deep sleep that can be ended with a kiss from her betrothed, Prince Phillip (Bill Shirley). To prevent Phillip from rescuing Aurora, Maleficent kidnaps and imprisons him. The good fairies are the last hope to free Phillip so that he can awaken Aurora.",89.0,RottenTomatoes
Wreck-It Ralph,2012,"Arcade-game character Wreck-It Ralph (John C. Reilly) is tired of always being the ""bad guy"" and losing to his ""good guy"" opponent, Fix-It Felix (Jack McBrayer). Finally, after decades of seeing all the glory go to Felix, Ralph decides to take matters into his own hands. He sets off on a game-hopping trip to prove that he has what it takes to be a hero. However, while on his quest, Ralph accidentally unleashes a deadly enemy that threatens the entire arcade.",87.0,RottenTomatoes
A Christmas Story,1983,"Based on the humorous writings of author Jean Shepherd, this beloved holiday movie follows the wintry exploits of youngster Ralphie Parker (Peter Billingsley), who spends most of his time dodging a bully (Zack Ward) and dreaming of his ideal Christmas gift, a ""Red Ryder air rifle."" Frequently at odds with his cranky dad (Darren McGavin) but comforted by his doting mother (Melinda Dillon), Ralphie struggles to make it to Christmas Day with his glasses and his hopes intact.",89.0,RottenTomatoes
The Wizard of Oz,1939,"When a tornado rips through Kansas, Dorothy (Judy Garland) and her dog, Toto, are whisked away in their house to the magical land of Oz. They follow the Yellow Brick Road toward the Emerald City to meet the Wizard, and en route they meet a Scarecrow (Ray Bolger) that needs a brain, a Tin Man (Jack Haley) missing a heart, and a Cowardly Lion (Bert Lahr) who wants courage. The wizard asks the group to bring him the broom of the Wicked Witch of the West (Margaret Hamilton) to earn his help.",98.0,RottenTomatoes
A Night at the Opera,1935,"The Marx Brothers run amuck in the world of opera when Otis B. Driftwood (Groucho Marx) meets aspiring singer Ricardo (Allan Jones), who is determined to win the love of fellow performer Rosa (Kitty Carlisle). Aided by Fiorello (Chico Marx) and Tomasso (Harpo Marx), Otis attempts to unite the young couple, but faces opposition from the preening star Lassparri (Walter Woolf King), who also has his sights on Rosa. Traveling from Italy to New York, Otis and friends rally to try and win the day.",97.0,RottenTomatoes
Singin' in the Rain,1952,"A spoof of the turmoil that afflicted the movie industry in the late 1920s when movies went from silent to sound. When two silent movie stars', Don Lockwood and Lina Lamont, latest movie is made into a musical a chorus girl is brought in to dub Lina's speaking and singing. Don is on top of the world until Lina finds out.",100.0,RottenTomatoes
A Hard Day's Night,1964,"The Beatles in their feature film debut, one of the greatest rock-and-roll comedy adventures ever. The film has a fully restored negative and digitally restored soundtrack. The film takes on the just-left-of-reality style of mock-documentary, following ""a day in the life"" of John, Paul, George, and Ringo as fame takes them by storm.",98.0,RottenTomatoes
La La Land,2016,"Sebastian (Ryan Gosling) and Mia (Emma Stone) are drawn together by their common desire to do what they love. But as success mounts they are faced with decisions that begin to fray the fragile fabric of their love affair, and the dreams they worked so hard to maintain in each other threaten to rip them apart.",90.0,RottenTomatoes
Top Hat,1935,"The story centers on wealthy Dale Tremont (Ginger Rogers), on holiday in London and Venice. She assumes that American entertainer Jerry Travers (Fred Astaire) is the husband of her friend Madge (Helen Broderick) -- who's actually the wife of Jerry's business manager Horace Hardwick (Edward Everett Horton).",100.0,RottenTomatoes
Pinocchio,1940,"When the woodworker Geppetto (Christian Rub) sees a falling star, he wishes that the puppet he just finished, Pinocchio (Dickie Jones), could become a real boy. In the night, the Blue Fairy (Evelyn Venable) grants Geppetto's wish and asks Jiminy Cricket (Cliff Edwards) to serve as the wooden boy's conscience. But the naive and trusting Pinocchio falls into the clutches of the wicked Honest John (Walter Catlett), who leads him astray to the sinful Pleasure Island.",100.0,RottenTomatoes
An American in Paris,1951,"Jerry Mulligan (Gene Kelly) is an American ex-GI who stays in post-war Paris to become a painter, and falls for the gamine charms of Lise Bouvier (Leslie Caron). However, his paintings come to the attention of Milo Roberts, a rich American heiress, who is interested in more than just art.",96.0,RottenTomatoes
Hamilton,2020,"The original Broadway production of the award-winning musical that tells the story of Alexander Hamilton, first secretary of the treasury, blending hip-hop, jazz, R&B and Broadway styles, filmed from the Richard Rogers Theater in New York.",98.0,RottenTomatoes
The Red Shoes,1948,"In this classic drama, Vicky Page (Moira Shearer) is an aspiring ballerina torn between her dedication to dance and her desire to love. While her imperious instructor, Boris Lermontov (Anton Walbrook), urges to her to forget anything but ballet, Vicky begins to fall for the charming young composer Julian Craster (Marius Goring). Eventually Vicky, under great emotional stress, must choose to pursue either her art or her romance, a decision that carries serious consequences.",97.0,RottenTomatoes
The Umbrellas of Cherbourg,1964,"Geneviève (Catherine Deneuve), a beautiful young Frenchwoman who works at a small-town boutique selling umbrellas, falls for dashing mechanic Guy (Nino Castelnuovo). Their brief romance is interrupted when Guy is drafted to serve in the Algerian War. Though pregnant by Guy, Geneviève marries an older businessman, Roland (Marc Michel), and begins to move on with her life. Throughout the musical film, all the characters' dialogue is conveyed through song.",99.0,RottenTomatoes
Amazing Grace,2018,Singer Aretha Franklin performs gospel songs at the New Temple Missionary Baptist Church in Los Angeles in 1972.,99.0,RottenTomatoes
Gentlemen Prefer Blondes,1953,"Lorelei Lee (Marilyn Monroe) is a beautiful showgirl engaged to be married to the wealthy Gus Esmond (Tommy Noonan), much to the disapproval of Gus' rich father, Esmond Sr., who thinks that Lorelei is just after his money. When Lorelei goes on a cruise accompanied only by her best friend, Dorothy Shaw (Jane Russell), Esmond Sr. hires Ernie Malone (Elliott Reid), a private detective, to follow her and report any questionable behavior that would disqualify her from the marriage.",98.0,RottenTomatoes
20 Feet From Stardom,2013,Filmmaker Morgan Neville shines a long-overdue spotlight on the hit-making contributions of longtime backup singers like Darlene Love and Merry Clayton.,99.0,RottenTomatoes
Amy,2015,Archival footage and personal testimonials present an intimate portrait of the life and career of British singer/songwriter Amy Winehouse.,95.0,RottenTomatoes
Beauty and the Beast,1991,"An arrogant young prince (Robby Benson) and his castle's servants fall under the spell of a wicked enchantress, who turns him into the hideous Beast until he learns to love and be loved in return. The spirited, headstrong village girl Belle (Paige O'Hara) enters the Beast's castle after he imprisons her father Maurice (Rex Everhart). With the help of his enchanted servants, including the matronly Mrs. Potts (Angela Lansbury), Belle begins to draw the cold-hearted Beast out of his isolation.",94.0,RottenTomatoes
David Byrne's American Utopia,2020,"Singer David Byrne and a group of international musicians perform songs from the hit Broadway musical ""American Utopia.""",98.0,RottenTomatoes
Stormy Weather,1943,"Bill Williamson (Bill Robinson), a struggling performer, meets a beautiful vocalist named Selina Rogers (Lena Horne). Bill promises her that they will be together after he becomes a success. However, he and Selina both skyrocket to fame and lose contact. Fortunately, Bill just might get one more chance to woo Selina at a huge musical stage show. Popular entertainers of the 1940s, including Fats Waller and Cab Calloway, perform as themselves in the film.",95.0,RottenTomatoes
The Last Waltz,1978,"Seventeen years after joining forces as the backing band for rockabilly cult hero Ronnie Hawkins, Canadian roots rockers The Band call it quits with a lavish farewell show at San Francisco's Winterland Ballroom on Nov. 25, 1976. Filmed by Martin Scorsese, this documentary features standout performances by rock legends such as Bob Dylan, Van Morrison, Eric Clapton, Joni Mitchell and Muddy Waters, as well as interviews tracing the group's history and discussing road life.",98.0,RottenTomatoes
Sing Street,2016,"In 1985, a Dublin teenager (Ferdia Walsh-Peelo) forms a rock 'n' roll band to win the heart of an aspiring model (Lucy Boynton).",95.0,RottenTomatoes
The Blue Angel,1930,"Prim educator Immanuel Rath (Emil Jannings) finds some of his students ogling racy photos of cabaret performer Lola Lola (Marlene Dietrich) and visits a local club, The Blue Angel, in an attempt to catch them there. Seeing Lola perform, the teacher is driven mad with lust, eventually resigning his position at the school to marry his beloved. However, married life with a woman whose job is to make men desire her proves more difficult than Rath imagined.",96.0,RottenTomatoes
Mary Poppins,1964,"When Jane (Karen Dotrice) and Michael (Matthew Garber), the children of the wealthy and uptight Banks family, are faced with the prospect of a new nanny, they are pleasantly surprised by the arrival of the magical Mary Poppins (Julie Andrews). Embarking on a series of fantastical adventures with Mary and her Cockney performer friend, Bert (Dick Van Dyke), the siblings try to pass on some of their nanny's sunny attitude to their preoccupied parents (David Tomlinson, Glynis Johns).",98.0,RottenTomatoes
Stop Making Sense,1984,"Director Jonathan Demme captures the frantic energy and artsy groove of Talking Heads in this concert movie shot at the Hollywood Pantages Theatre in 1983. The band's frontman, David Byrne, first appears on an empty stage, armed with only an acoustic guitar, and is gradually joined by bassist Tina Weymouth, drummer Chris Frantz, keyboardist Jerry Harrison and a cadre of backup singers as they perform the band's hits, culminating in an iconic performance featuring Byrne in an enormous suit.",100.0,RottenTomatoes
Some Like It Hot,1959,"After witnessing a Mafia murder, slick saxophone player Joe (Tony Curtis) and his long-suffering buddy, Jerry (Jack Lemmon), improvise a quick plan to escape from Chicago with their lives. Disguising themselves as women, they join an all-female jazz band and hop a train bound for sunny Florida. While Joe pretends to be a millionaire to win the band's sexy singer, Sugar (Marilyn Monroe), Jerry finds himself pursued by a real millionaire (Joe E. Brown) as things heat up and the mobsters close in.",95.0,RottenTomatoes
Fantasia,1940,"Released in 1940, represented Disney's boldest experiment to date. Bringing to life his vision of blending animated imagery with classical music. What had begun as a vehicle to enhance Mickey Mouse's career blossomed into a full-blown feature that remains unique in the history of animation.",95.0,RottenTomatoes
A Star Is Born,1954,"Hollywood actor Norman Maine (James Mason) is a celebrity whose star is on the wane, but when he meets aspiring actress Esther Blodgett (Judy Garland), he is inspired to help her, and soon the two appear in a musical together. Now known as Vicki Lester, she marries Norman and finds herself in demand, while his reputation continues to decline, resulting in heavy bouts of drinking. Eventually, Vicki must choose between moving forward with her career and attempting to save her husband.",98.0,RottenTomatoes
The Young Girls of Rochefort,1967,"Delphine (Catherine Deneuve) and Solange (Françoise Dorléac) are twin sisters who each want to find romance and leave their small seaside town of Rochefort, France. Soon they befriend a couple of visiting carnival workers who frequent their lonely mother's (Danielle Darrieux) café and hire the girls to sing in the carnival. Wanting a career as a songwriter, Solange falls for an American musician, Andy (Gene Kelly), while Delphine dumps her beau and searches Rochefort for her ideal man.",98.0,RottenTomatoes
Anvil! The Story of Anvil,2008,"Canadian heavy-metal band Anvil delivered a highly influential 1982 album that would inspire the likes of Anthrax and Metallica, and then dropped off the map to begin what would become decades of toiling in obscurity. Director and former roadie Sacha Gervasi follows guitarist Steve ""Lips"" Kudlow and drummer Robb Reiner as they stumble through a harrowing European tour and reflect on failure, friendship, resilience and the will to follow even the most impossible of dreams.",98.0,RottenTomatoes
Once,2006,"A vacuum repairman (Glen Hansard) moonlights as a street musician and hopes for his big break. One day a Czech immigrant (Marketa Irglova), who earns a living selling flowers, approaches him with the news that she is also an aspiring singer-songwriter. The pair decide to collaborate, and the songs that they compose reflect the story of their blossoming love.",97.0,RottenTomatoes
The Lion King,1994,"This Disney animated feature follows the adventures of the young lion Simba (Jonathan Taylor Thomas), the heir of his father, Mufasa (James Earl Jones). Simba's wicked uncle, Scar (Jeremy Irons), plots to usurp Mufasa's throne by luring father and son into a stampede of wildebeests. But Simba escapes, and only Mufasa is killed. Simba returns as an adult (Matthew Broderick) to take back his homeland from Scar with the help of his friends Timon (Nathan Lane) and Pumbaa (Ernie Sabella).",93.0,RottenTomatoes
Waste Land,2010,"Located just outside Rio de Janeiro, Jardim Gramacho, Brazil, is the world's largest garbage landfill. Modern artist Vik Muniz works with the so-called catadores, the men and women who pick through the refuse, to create art out of recycled materials. Muniz selects six of the garbage pickers to pose as subjects in a series of photographs mimicking famous paintings. In his desire to assist the catadores and change their lives, Muniz finds himself changed as well.",100.0,RottenTomatoes
Afghan Star,2009,"Director Havana Marking dives into the booming, but still young and growing, world of pop culture in Afghanistan. Newly liberated after more than 30 years of stifling Taliban rule, the country is taken with a fervor for expression. This documentary follows four contestants, including two women, as they audition, sing and compete in a countrywide ""American Idol""-type competition called ""Pop Idol."" Marking uncovers a wonderfully vibrant community, which is also surprisingly accepting.",100.0,RottenTomatoes
Amadeus,1984,"Wolfgang Amadeus Mozart (Tom Hulce) is a remarkably talented young Viennese composer who unwittingly finds a fierce rival in the disciplined and determined Antonio Salieri (F. Murray Abraham). Resenting Mozart for both his hedonistic lifestyle and his undeniable talent, the highly religious Salieri is gradually consumed by his jealousy and becomes obsessed with Mozart's downfall, leading to a devious scheme that has dire consequences for both men.",93.0,RottenTomatoes
Yellow Submarine,1968,"The music-loving inhabitants of Pepperland are under siege by the Blue Meanies, a nasty group of music-hating creatures. The Lord Mayor of Pepperland (Dick Emery) dispatches sailor Old Fred (Lance Percival) to Liverpool, England, where he is to recruit the help of the Beatles (John Lennon, Paul McCartney, George Harrison, Ringo Starr). The sympathetic Beatles ride a yellow submarine to the occupied Pepperland, where the Blue Meanies have no chance against the Fab Four's groovy tunes.",95.0,RottenTomatoes
We Are the Best!,2013,"Three rebellious teenagers (Mira Barkhammar, Mira Grosin, Liv LeMoyne) form an all-girl punk band in 1980s Stockholm.",96.0,RottenTomatoes
Sound City,2013,"Artists and producers highlight the history of the recording studio in Van Nuys, Calif., and discuss the impact of music in the age of technology.",100.0,RottenTomatoes
Everyday Sunshine: The Story of Fishbone,2010,"With a blistering combination of punk and funk, Fishbone demolishes the walls of genres and challenges the racial stereotypes and political order of the music industry and the nation.",100.0,RottenTomatoes
Hairspray,1988,"When Tracy Turnblad (Ricki Lake), an overweight teen, auditions for a spot on a popular teen dance show, she beats out the spiteful Amber von Tussle (Colleen Fitzpatrick), winning over Amber's boyfriend (Michael St. Gerard) in the process. After meeting some black students at her school, Tracy begins to push for more racial integration on the dance show. This gets her into trouble on many sides, especially with Amber's pushy parents (Sonny Bono, Deborah Harry).",98.0,RottenTomatoes
Bill Cunningham New York,2010,"Bill Cunningham, one of the mainstays of the New York Times, has been a contributor to the renowned newspaper for many decades. He's also an incurable and eccentric chronicler of fashion, tirelessly snapping photos of and writing about interestingly attired celebrities and ordinary New Yorkers he spots on the street. This exhaustive profile of Cunningham and his work includes interviews with friends -- and often subjects -- Tom Wolfe, David Rockefeller and Vogue magazine's Anna Wintour.",99.0,RottenTomatoes
West Side Story,1961,"A musical in which a modern day Romeo and Juliet are involved in New York street gangs. On the harsh streets of the upper west side, two gangs battle for control of the turf. The situation becomes complicated when a gang members falls in love with a rival's sister.",92.0,RottenTomatoes
My Fair Lady,1964,"In this beloved musical, pompous phonetics professor Henry Higgins (Rex Harrison) is so sure of his abilities that he takes it upon himself to transform a Cockney working-class girl into someone who can pass for a cultured member of high society. His subject turns out to be the lovely Eliza Doolittle (Audrey Hepburn), who agrees to speech lessons to improve her job prospects. Higgins and Eliza clash, then form an unlikely bond -- one that is threatened by an aristocratic suitor (Jeremy Brett).",95.0,RottenTomatoes
Rivers and Tides: Andy Goldsworthy With Time,2001,"Andy Goldsworthy's art is supposed to fall apart. He creates large-scale outdoor sculptures and artworks out of natural materials like mud, wood, ice and stone in an attempt to imbue the physical world with a spiritual, ephemeral element. Director Thomas Riedelsheimer follows Goldsworthy as he constructs his art everywhere from upstate New York to his home village in Scotland, and questions the solitary artist about his inspirations, frustrations and artistic goals.",99.0,RottenTomatoes
Aladdin,1992,"When street rat Aladdin frees a genie from a lamp, he finds his wishes granted. However, he soon finds that the evil has other plans for the lamp -- and for Princess Jasmine. But can Aladdin save Princess Jasmine and his love for her after she sees that he isn't quite what he appears to be?",95.0,RottenTomatoes
What's Love Got to Do With It,1993,"Based on the life of the legendary soul singer, Tina Turner (Angela Bassett) -- born Anna Mae Bullock -- discovers her love of singing in her Tennessee church choir. She moves to St. Louis to pursue a career, and there she meets the charismatic Ike Turner (Laurence Fishburne), who rechristens her Tina and offers to help her succeed. As a musical team, Ike and Tina take the charts by storm. But as his physical abuse worsens, Tina has to make the tough decision to leave Ike and set out on her own.",96.0,RottenTomatoes
Muscle Shoals,2013,"Filmmaker Greg Camalier pays tribute to an Alabama city that holds a prominent place in music history. Artists who recorded at FAME Studios in Muscle Shoals, Ala., include Percy Sledge, Aretha Franklin and Lynyrd Skynyrd.",97.0,RottenTomatoes
Searching for Sugar Man,2011,"Though he faded into obscurity in the U.S., an early '70s musician known as Rodriguez became a huge hit in South Africa and was widely rumored to have died. Two obsessed fans set out to learn the man's true fate.",95.0,RottenTomatoes
Beware of Mr. Baker,2012,"Filmmaker Jay Bulger interviews Ginger Baker, legendary and often volatile drummer of the rock groups Cream and Blind Faith.",98.0,RottenTomatoes
Exit Through the Gift Shop,2010,"The infamous, shadowy British graffiti street artist Banksy has literally left his mark on cities throughout the world. He comes in contact with Thierry Guetta, a Los Angeles-based Frenchman who videotapes various underground art escapades, and later is transformed into an art phenomenon dubbed ""Mr. Brainwash."" Rhys Ifans narrates an overlapping documentary where the line between what is real and what might be fake blurs, as modern art and celebrity are put under the microscope.",96.0,RottenTomatoes
Keep on Keepin' On,2014,"Legendary jazz musician Clark Terry, who taught Quincy Jones and mentored Miles Davis, becomes the mentor of a blind 23-year-old pianist who suffers from crippling stage fright.",98.0,RottenTomatoes
Marley,2012,"The life story of musician, revolutionary and legend Bob Marley, from the early days to international superstardom. Features rare footage, performances and interviews.",95.0,RottenTomatoes
"You, the Living",2007,"In the Swedish city of Lethe, people from different walks of life take part in a series of short, deadpan vignettes that rush past. Some are just seconds long, none longer than a couple of minutes. A young woman (Jessica Lundberg) remembers a fantasy honeymoon with a rock guitarist. A man awakes from a dream about bomber planes. A businessman boasts about success while being robbed by a pickpocket and so on. The absurdist collection is accompanied by Dixieland jazz and similar music.",98.0,RottenTomatoes
The Full Monty,1997,"After losing his job at a steel factory, Gaz (Robert Carlyle) learns that his wife wants to sue him for missed child support payments. Desperate for money, Gaz and his friend Dave (Mark Addy) decide to create their own male strip-tease act. The two friends recruit four more men, including their former foreman (Tom Wilkinson) and a security guard (Steve Huison). The group promises that their show will succeed because they are willing to go ""the Full Monty"": completely naked.",96.0,RottenTomatoes
49 Up,2005,"Twelve people, documented every seven years since they were each 7 years old, discuss how their lives have changed since their last interview.",97.0,RottenTomatoes
Hairspray,2007,"In 1960s Baltimore, dance-loving teen Tracy Turnblad (Nikki Blonsky) auditions for a spot on ""The Corny Collins Show"" and wins. She becomes an overnight celebrity, a trendsetter in dance, fun and fashion. Perhaps her new status as a teen sensation is enough to topple Corny's reigning dance queen and bring racial integration to the show.",91.0,RottenTomatoes
The Little Mermaid,1989,"In Disney's beguiling animated romp, rebellious 16-year-old mermaid Ariel (Jodi Benson) is fascinated with life on land. On one of her visits to the surface, which are forbidden by her controlling father, King Triton, she falls for a human prince. Determined to be with her new love, Ariel makes a dangerous deal with the sea witch Ursula (Pat Carroll) to become human for three days. But when plans go awry for the star-crossed lovers, the king must make the ultimate sacrifice for his daughter.",93.0,RottenTomatoes
Straight Outta Compton,2015,"In 1988, a groundbreaking new group revolutionizes music and pop culture, changing and influencing hip-hop forever. N.W.A's first studio album, ""Straight Outta Compton,"" stirs controversy with its brutally honest depiction of life in Southern Los Angeles. With guidance from veteran manager Jerry Heller, band members Ice Cube (O'Shea Jackson Jr.), Dr. Dre (Corey Hawkins), Eazy-E, DJ Yella and MC Ren navigate their way through the industry, acquiring fame, fortune and a place in history.",89.0,RottenTomatoes
Cabaret,1972,"In Berlin in 1931, American cabaret singer Sally Bowles (Liza Minnelli) meets British academic Brian Roberts (Michael York), who is finishing his university studies. Despite Brian's confusion over his sexuality, the pair become lovers, but the arrival of the wealthy and decadent playboy Maximilian von Heune (Helmut Griem) complicates matters for them both. This love triangle plays out against the rise of the Nazi party and the collapse of the Weimar Republic.",93.0,RottenTomatoes
The Beaches of Agnès,2008,"In this autobiographical documentary, celebrated French filmmaker Agnes Varda provides a window into her eventful life as she revisits various locales that have been important to her. Interspersed between these trips are interviews with Varda's collaborators and family members, as well as archive footage and still photographs. This eclectic mix provides both a history of the subject and an illuminating tour of an artist's mind and creative process.",96.0,RottenTomatoes
Johnny Guitar,1954,"On the outskirts of town, the hard-nosed Vienna (Joan Crawford) owns a saloon frequented by the undesirables of the region, including Dancin' Kid (Scott Brady) and his gang. Another patron of Vienna's establishment is Johnny Guitar (Sterling Hayden), a former gunslinger and her lover. When a heist is pulled in town that results in a man's death, Emma Small (Mercedes McCambridge), Vienna's rival, rallies the townsfolk to take revenge on Vienna's saloon -- even without proof of her wrongdoing.",93.0,RottenTomatoes
"20,000 Days on Earth",2014,A therapist's questions and a visit to a voluminous archive propel a dramatization of a day in the life of musician and cultural icon Nick Cave.,95.0,RottenTomatoes
Wordplay,2006,"Filmmaker Patrick Creadon pays tribute to crossword puzzles and those who love them, and features a profile of The New York Times ""puzzle master"" Will Shortz. Among the celebrities who swear by the Times puzzle are President Bill Clinton, folk-rock duo Indigo Girls, comic Jon Stewart, baseball player Mike Mussina and filmmaker Ken Burns.",94.0,RottenTomatoes
Pina,2011,"Filmmaker Wim Wenders films dancers in motion as a tribute to legendary choreographer Pina Bausch, who died in 2009.",95.0,RottenTomatoes
Nashville,1975,"In this acclaimed Robert Altman drama, the lives of numerous people in the Tennessee capital intersect in unpredictable ways. Delbert Reese (Ned Beatty) is a lawyer and political organizer who is having difficulties in his marriage to Linnea (Lily Tomlin), a gospel vocalist. Other performers heavily featured in this renowned ensemble production include country singers Barbara Jean (Ronee Blakley) and Connie White (Karen Black), who are rivals in the city's thriving music scene.",91.0,RottenTomatoes
Festival Express,2003,"This compilation of footage from the Grateful Dead's Canadian train tour depicts the height of the band's music and fame for five days in 1970, along with that of performances from Janis Joplin, Buddy Guy, The Band and The Flying Burrito Brothers. However, there's also a dark side shown alongside the seminal concerts, as when the train stops, the musicians are often confronted with worried promoters, inquisitive reporters and protesting students who can't afford ticket prices.",96.0,RottenTomatoes
Born Into Brothels,2004,"Documentary photographer Zana Briski journeyed into Calcutta's underworld to photograph the city's prostitutes. In return, she offered to teach the prostitutes' children the basics of photography so that the kids could document their own lives on the streets of one of the world's poorest cities. The resulting photographs, often astonishing, were exhibited around the world; many of them are seen in this film, which won the Academy Award for best documentary feature in 2005.",95.0,RottenTomatoes
Funny Girl,1968,"In this bittersweet, classic musical drama, the vibrant and beautiful young Fanny Brice (Barbra Streisand) starts out as a bit player on the New York City vaudeville stage, but works her way up to stardom on Broadway. Valued for her vocal and comedic talents by the renowned theater impresario Florenz Ziegfeld (Walter Pidgeon), Fanny thrives, but her relationship with her suave, imprisoned businessman husband, Nick Arnstein (Omar Sharif), is another story.",93.0,RottenTomatoes
Crumb,1994,"Filmmaker Terry Zwigoff creates a complex but affectionate portrait of his longtime friend, underground cartoonist Robert Crumb. A notorious curmudgeon who would prefer to be alone with his fellow cartoonist wife Aline Kominsky-Crumb and his beloved vintage jazz records, Crumb reveals himself to be a complicated personality who suffered a troubled upbringing and harbors a philosophical opposition to the 1960s hippie underground that first celebrated his work.",95.0,RottenTomatoes
Love & Mercy,2014,"In the late 1960s, the Beach Boys' Brian Wilson stops touring, produces ""Pet Sounds"" and begins to lose his grip on reality. By the 1980s, Wilson (John Cusack), under the sway of a controlling therapist, finds a savior in Melinda Ledbetter.",89.0,RottenTomatoes
The Wrecking Crew,2008,"The son of guitarist Tommy Tedesco pays tribute to his late father and a core group of studio musicians who played on some of the biggest hits of the 1960s and '70s, including ""California Girls"" and ""Mrs. Robinson.""",95.0,RottenTomatoes
Marina Abramovic: The Artist Is Present,2012,Performance artist Marina Abramovic prepares for a major retrospective of her work at the Museum of Modern Art in New York.,96.0,RottenTomatoes
Crazy Heart,2009,"With too many years of hazy days and boozy nights,former country-music legend Bad Blake (Jeff Bridges) is reduced to playing dives and bowling alleys. In town for his latest gig, Blake meets Jean Craddock (Maggie Gyllenhaal), a sympathetic reporter who has come to do a story on him. He unexpectedly warms to her and a romance begins, then the singer finds himself at a crossroads that may threaten his last shot at happiness.",90.0,RottenTomatoes
Los Angeles Plays Itself,2003,"Consisting mostly of shots from other films, this documentary discusses the many representations of the city of Los Angeles in film and on television. Professor Thom Andersen compares the city as it exists in real life with its depictions on screen to examine how L.A. and its massive community have been misrepresented over the years. In addition to critical analysis, Andersen explains how directors portray the city itself as a character, and he also delves into L.A.'s dark history.",96.0,RottenTomatoes
Lost in La Mancha,2002,"Visionary director Terry Gilliam has a dream. He wants to film the classic story of Don Quixote by recasting it as a trippy, time-traveling, mistaken-identity adventure with Johnny Depp as Quixote. After struggling for years to get financing, insurance and a cast in place, Gilliam travels to Spain and promptly watches his dream fall apart. From flash floods to cast no-shows to serious injuries, Gilliam and his crew suffer one setback after another.",94.0,RottenTomatoes
Lagaan: Once Upon a Time in India,2001,"The year is 1893 and India is under British occupation. In a small village, the tyrannical Captain Russell (Paul Blackthorne) has imposed an unprecedented land tax on its citizens. Outraged, Bhuvan (Aamir Khan), a rebellious farmer, rallies the villagers to publicly oppose the tax. Russell offers a novel way to settle the dispute: he challenges Bhuvan and his men to a game of cricket, a sport completely foreign to India. If Bhuvan and his men can defeat Russell's team, the tax will be repealed.",95.0,RottenTomatoes
My Kid Could Paint That,2007,"After watching her dad paint, 4-year-old Marla Olmstead decides she'd like to be a painter too. Showing remarkable facility, she's soon got paintings hanging in a local coffee shop and a handful of interested buyers. A local paper picks up the story, followed by the New York Times, and overnight Marla is hailed as a child prodigy. But not everybody is convinced that Marla painted the works alone. In the wake of a ""60 Minutes"" piece about her, it begins to look more and more like she had help.",94.0,RottenTomatoes
End of the Century,2003,"Joey, Johnny and Dee Dee -- better known as The Ramones -- changed the course of rock history with their rebellious punk ethos and minimalist approach to songwriting, and in the process became counterculture icons. ""End of the Century"" follows the Queens kids from their earliest underground gigs in the 1970s to their induction into the Rock and Roll Hall of Fame in 2002, featuring rare archive concert footage and candid interviews with the band members.",95.0,RottenTomatoes
Dave Chappelle's Block Party,2005,"Actor, writer and comic Dave Chappelle loads up a bus with residents of his Ohio hometown and takes them to Brooklyn, N.Y. Once there, the travelers enjoy a concert featuring Kanye West, the Fugees, Big Daddy Kane and others. Rehearsal footage and Chappelle's brand of comedy enliven the proceedings.",92.0,RottenTomatoes
The Sapphires,2012,A would-be music promoter (Chris O'Dowd) sees something special in a girl group of four Australian singers and takes them to Vietnam to perform for American troops.,91.0,RottenTomatoes
Tangled,2010,"When the kingdom's most-wanted bandit, Flynn Rider (Zachary Levi), hides in a convenient tower, he immediately becomes a captive of Rapunzel (Mandy Moore), the spire's longtime resident. Crowned with 70 feet of magical golden hair, she has been locked away for years and desperately wants freedom. The feisty teenager strikes a deal with Flynn, and together they begin a whirlwind adventure.",89.0,RottenTomatoes
Florence Foster Jenkins,2016,"In the 1940s, New York socialite Florence Foster Jenkins (Meryl Streep) dreams of becoming a great opera singer. Unfortunately, her ambition far exceeds her talent. The voice Florence hears in her head is beautiful, but to everyone else it is quite lousy. Her husband St. Clair goes to extreme lengths to make sure his wife never finds out how awful she truly is. When Florence announces her plans for a concert at Carnegie Hall, St. Clair soon realizes that he's facing his greatest challenge yet.",87.0,RottenTomatoes
Sing Your Song,2011,"Harry Belafonte rises to fame, becoming an acclaimed singer and actor, and working tenaciously throughout his career as a social activist.",95.0,RottenTomatoes
The Filth and the Fury,2000,"Assembled from unseen archive footage, rare offcuts and masses of hilarious junk-culture detail from the pre-punk '70s, this inspired collage is as much passionate social history as rockumentary. Intercutting a touching, never-before-seen Sid Vicious interview with contemporary quotes from the surviving Pistols -- wittily filmed, like renegade villains, in silhouette -- Temple exposes the band's human side as never before.",95.0,RottenTomatoes
Hedwig and the Angry Inch,2001,"A German emigrant living in a trailer in Kansas is the victim of a botched sex-change operation. Adapted from the critically acclaimed off-Broadway rock theater hit, ""Hedwig and the Angry Inch"" tells the story of the ""internationally ignored"" rock singer, Hedwig, and her search for stardom and love.",92.0,RottenTomatoes
Judy,2019,"Thirty years after starring in ""The Wizard of Oz,"" beloved actress and singer Judy Garland arrives in London to perform sold-out shows at the Talk of the Town nightclub. While there, she reminisces with friends and fans and begins a whirlwind romance with musician Mickey Deans, her soon-to-be fifth husband.",81.0,RottenTomatoes
A Band Called Death,2012,Filmmakers Mark Covino and Jeff Howlett tell the story of the Hackney brothers and how the discovery of their long-lost demo tape led to their band's newfound popularity.,94.0,RottenTomatoes
My Architect,2003,"Director Nathaniel Kahn barely knew his father, but many throughout the world did. He was renowned architect Louis Kahn, who designed noteworthy buildings in California, Texas and even Bangladesh. Nathaniel explores his father's past, interviewing architects such as Frank O. Gehry, as well as members of the multiple families started by the philandering Louis. What emerges is a portrait of a brilliant but unreliable man whose creations, which are featured prominently in the film, still astound.",93.0,RottenTomatoes
Willy Wonka and the Chocolate Factory,1971,"The last of five coveted ""golden tickets"" falls into the hands of a sweet but very poor boy. He and his grandpa then get a tour of the strangest chocolate factory in the world. The owner leads five young winners on a thrilling and often dangerous tour of his factory.",90.0,RottenTomatoes
Every Little Step,2008,"Filmmakers James D. Stern and Adam Del Deo explore the genesis and legacy of the Broadway musical ""A Chorus Line."" Dancers struggle through auditions for a revival of the show, as Stern and Del Deo present interviews past and present with cast and crew, comparing the original production with the show's original incarnation.",92.0,RottenTomatoes
Black Orpheus,1959,"Young lovers Orfeu (Breno Mello) and Eurydice (Marpessa Dawn) run through the favelas of Rio during Carnaval, on the lam from a hitman dressed like Death (Ademar Da Silva) and Orfeu's vengeful fiancée Mira (Lourdes de Oliveira) and passing between moments of fantasy and stark reality. This impressionistic retelling of the Greek legend of Orpheus and Eurydice introduced bossa nova to the world with its soundtrack by young Brazilian composers Luiz Bonfá and Antonio Carlos Jobim.",90.0,RottenTomatoes
U2 3D,2007,"This concert film and its groundbreaking camerawork provide viewers with an immersive and unprecedented 3-D experience of the legendary Irish rockers' acclaimed ""Vertigo"" tour. U2 -- Bono, The Edge, Adam Clayton and Larry Mullen Jr. -- perform thrilling renditions of latter-day hits like ""Beautiful Day"" and classic songs from their rich back catalog, including ""Sunday Bloody Sunday,"" ""Pride,"" ""With or Without You"" and ""Where the Streets Have No Name.""",92.0,RottenTomatoes
Five Easy Pieces,1970,"Rejecting his cultured upper-class background as a classical pianist, Robert Dupea (Jack Nicholson) opts for a blue-collar existence, working in a California oil field and spending time with his waitress girlfriend, Rayette (Karen Black). But when Robert discovers that his father is gravely ill, he wants to reunite with his estranged family in the state of Washington. He and Rayette take a road trip that brings the two paths of his life to an uncomfortable intersection.",88.0,RottenTomatoes
Little Shop of Horrors,1986,"Meek flower shop assistant Seymour (Rick Moranis) pines for co-worker Audrey (Ellen Greene). During a total eclipse, he discovers an unusual plant he names Audrey II, which feeds only on human flesh and blood. The growing plant attracts a great deal of business for the previously struggling store. After Seymour feeds Audrey's boyfriend, Orin (Steve Martin), to the plant after Orin's accidental death, he must come up with more bodies for the increasingly bloodthirsty plant.",90.0,RottenTomatoes
Sid & Nancy,1986,"Following their breakout success in England, flagship punk rock band the Sex Pistols venture out on their first U.S. tour. Temperamental bassist Sid Vicious (Gary Oldman) takes his troubled girlfriend, Nancy Spungen (Chloe Webb), along for the ride. Along the way, the couple's turbulent relationship strains the patience of bandmate Johnny Rotten (Andrew Schofield) and manager Malcolm McLaren (David Hayman), while plunging Sid and Nancy into the depths of drug addiction and co-dependency.",88.0,RottenTomatoes
La Bamba,1987,"Los Angeles teenager Ritchie Valens (Lou Diamond Phillips) becomes an overnight rock 'n' roll success in 1958, thanks to a love ballad called ""Donna"" that he wrote for his girlfriend (Danielle von Zerneck) whose parents didn't want her to date a Latino boy. But as his star rises, Valens has conflicts with his jealous brother, Bob (Esai Morales), and becomes haunted by a recurring nightmare of a plane crash just as he begins his first national tour alongside Buddy Holly (Marshall Crenshaw).",91.0,RottenTomatoes
Sweeney Todd: The Demon Barber of Fleet Street,2007,"Evil Judge Turpin (Alan Rickman) lusts for the beautiful wife of a London barber (Johnny Depp) and transports him to Australia for a crime he did not commit. Returning after 15 years and calling himself Sweeney Todd, the now-mad man vows revenge, applying his razor to unlucky customers and shuttling the bodies down to Mrs. Lovett (Helena Bonham Carter), who uses them in her meat-pie shop. Though many fall to his blade, he will not be satisfied until he slits Turpin's throat.",86.0,RottenTomatoes
Chicago,2002,"Nightclub sensation Velma (Catherine Zeta-Jones) murders her philandering husband, and Chicago's slickest lawyer, Billy Flynn (Richard Gere), is set to defend her. But when Roxie (Renée Zellweger) also winds up in prison, Billy takes on her case as well -- turning her into a media circus of headlines. Neither woman will be outdone in their fight against each other and the public for fame and celebrity.",86.0,RottenTomatoes
Scratch,2001,"A feature length documentary film about the hip-hop DJ and today's ""turntablist"" movement. From the South Bronx in the `70s to San Francisco now, the world's best scratchers, diggers, party-rockers and producers on beats, breaks, battles, and the infinite possibilities of vinyl.",93.0,RottenTomatoes
In Search of Beethoven,2009,The life story of Beethoven with live musical performances.,93.0,RottenTomatoes
Citizen Kane,1941,"When a reporter is assigned to decipher newspaper magnate Charles Foster Kane's (Orson Welles) dying words, his investigation gradually reveals the fascinating portrait of a complex man who rose from obscurity to staggering heights. Though Kane's friend and colleague Jedediah Leland (Joseph Cotten), and his mistress, Susan Alexander (Dorothy Comingore), shed fragments of light on Kane's life, the reporter fears he may never penetrate the mystery of the elusive man's final word, ""Rosebud.""",99.0,RottenTomatoes
Knives Out,2019,"The circumstances surrounding the death of crime novelist Harlan Thrombey are mysterious, but there's one thing that renowned Detective Benoit Blanc knows for sure -- everyone in the wildly dysfunctional Thrombey family is a suspect. Now, Blanc must sift through a web of lies and red herrings to uncover the truth.",97.0,RottenTomatoes
Us,2019,"Accompanied by her husband, son and daughter, Adelaide Wilson returns to the beachfront home where she grew up as a child. Haunted by a traumatic experience from the past, Adelaide grows increasingly concerned that something bad is going to happen. Her worst fears soon become a reality when four masked strangers descend upon the house, forcing the Wilsons into a fight for survival. When the masks come off, the family is horrified to learn that each attacker takes the appearance of one of them.",93.0,RottenTomatoes
Mission: Impossible -- Fallout,2018,"Ethan Hunt and the IMF team join forces with CIA assassin August Walker to prevent a disaster of epic proportions. Arms dealer John Lark and a group of terrorists known as the Apostles plan to use three plutonium cores for a simultaneous nuclear attack on the Vatican, Jerusalem and Mecca, Saudi Arabia. When the weapons go missing, Ethan and his crew find themselves in a desperate race against time to prevent them from falling into the wrong hands.",97.0,RottenTomatoes
Get Out,2017,"Now that Chris (Daniel Kaluuya) and his girlfriend, Rose (Allison Williams), have reached the meet-the-parents milestone of dating, she invites him for a weekend getaway upstate with Missy and Dean. At first, Chris reads the family's overly accommodating behavior as nervous attempts to deal with their daughter's interracial relationship, but as the weekend progresses, a series of increasingly disturbing discoveries lead him to a truth that he never could have imagined.",98.0,RottenTomatoes
The Irishman,2019,"In the 1950s, truck driver Frank Sheeran gets involved with Russell Bufalino and his Pennsylvania crime family. As Sheeran climbs the ranks to become a top hit man, he also goes to work for Jimmy Hoffa -- a powerful Teamster tied to organized crime.",95.0,RottenTomatoes
Rebecca,1940,"Story of a young woman who marries a fascinating widower only to find out that she must live in the shadow of his former wife, Rebecca, who died mysteriously several years earlier. The young wife must come to grips with the terrible secret of her handsome, cold husband, Max De Winter (Laurence Olivier). She must also deal with the jealous, obsessed Mrs. Danvers (Judith Anderson), the housekeeper, who will not accept her as the mistress of the house.",100.0,RottenTomatoes
A Quiet Place,2018,"If they hear you, they hunt you. A family must live in silence to avoid mysterious creatures that hunt by sound. Knowing that even the slightest whisper or footstep can bring death, Evelyn and Lee are determined to find a way to protect their children while desperately searching for a way to fight back.",96.0,RottenTomatoes
The Cabinet of Dr. Caligari,1919,"At a carnival in Germany, Francis (Friedrich Feher) and his friend Alan (Rudolf Lettinger) encounter the crazed Dr. Caligari (Werner Krauss). The men see Caligari showing off his somnambulist, Cesare (Conrad Veidt), a hypnotized man who the doctor claims can see into the future. Shockingly, Cesare then predicts Alan's death, and by morning his chilling prophecy has come true -- making Cesare the prime suspect. However, is Cesare guilty, or is the doctor controlling him?",99.0,RottenTomatoes
Spotlight,2015,"In 2001, editor Marty Baron of The Boston Globe assigns a team of journalists to investigate allegations against John Geoghan, an unfrocked priest accused of molesting more than 80 boys. Led by editor Walter ""Robby"" Robinson (Michael Keaton), reporters Michael Rezendes (Mark Ruffalo), Matt Carroll and Sacha Pfeiffer interview victims and try to unseal sensitive documents. The reporters make it their mission to provide proof of a cover-up of sexual abuse within the Roman Catholic Church.",97.0,RottenTomatoes
The Third Man,1949,"Set in postwar Vienna, Austria, ""The Third Man"" stars Joseph Cotten as Holly Martins, a writer of pulp Westerns, who arrives penniless as a guest of his childhood chum Harry Lime (Orson Welles), only to find him dead. Martins develops a conspiracy theory after learning of a ""third man"" present at the time of Harry's death, running into interference from British officer Maj. Calloway (Trevor Howard) and falling head-over-heels for Harry's grief-stricken lover, Anna (Alida Valli).",99.0,RottenTomatoes
Arrival,2016,"Linguistics professor Louise Banks (Amy Adams) leads an elite team of investigators when gigantic spaceships touch down in 12 locations around the world. As nations teeter on the verge of global war, Banks and her crew must race against time to find a way to communicate with the extraterrestrial visitors. Hoping to unravel the mystery, she takes a chance that could threaten her life and quite possibly all of mankind.",94.0,RottenTomatoes
Argo,2012,"On Nov. 4, 1979, militants storm the U.S. embassy in Tehran, Iran, taking 66 American hostages. Amid the chaos, six Americans manage to slip away and find refuge with the Canadian ambassador. Knowing that it's just a matter of time before the refugees are found and likely executed, the U.S. government calls on extractor Tony Mendez (Ben Affleck) to rescue them. Mendez's plan is to pose as a Hollywood producer scouting locations in Iran and train the refugees to act as his ""film"" crew.",96.0,RottenTomatoes
Psycho,1960,"Phoenix secretary Marion Crane (Janet Leigh), on the lam after stealing $40,000 from her employer in order to run away with her boyfriend, Sam Loomis (John Gavin), is overcome by exhaustion during a heavy rainstorm. Traveling on the back roads to avoid the police, she stops for the night at the ramshackle Bates Motel and meets the polite but highly strung proprietor Norman Bates (Anthony Perkins), a young man with an interest in taxidermy and a difficult relationship with his mother.",96.0,RottenTomatoes
Alien,1979,"In deep space, the crew of the commercial starship Nostromo is awakened from their cryo-sleep capsules halfway through their journey home to investigate a distress call from an alien vessel. The terror begins when the crew encounters a nest of eggs inside the alien ship. An organism from inside an egg leaps out and attaches itself to one of the crew, causing him to fall into a coma.",98.0,RottenTomatoes
Laura,1944,"In one of the most celebrated 1940s film noirs, Manhattan detective Mark McPherson (Dana Andrews) investigates the murder of Madison Avenue executive Laura Hunt (Gene Tierney) in her fashionable apartment. On the trail of her murderer, McPherson quizzes Laura's arrogant best friend, gossip columnist Waldo Lydecker (Clifton Webb) and her comparatively mild fiancé, Shelby Carpenter (Vincent Price). As the detective grows obsessed with the case, he finds himself falling in love with the dead woman.",100.0,RottenTomatoes
Shadow of a Doubt,1943,"Uncle Charlie (Joseph Cotten) visits his relatives in Santa Rosa. He is a very charming man, but his niece slowly realizes that he is wanted for murder and he soon recognizes her suspicions. Although one of the suspected murderers is killed and the case is considered closed, she still has her suspicions.",100.0,RottenTomatoes
The Maltese Falcon,1941,"In this noir classic, detective Sam Spade (Humphrey Bogart) gets more than he bargained for when he takes a case brought to him by a beautiful but secretive woman (Mary Astor). As soon as Miss Wonderly shows up, trouble follows as Sam's partner is murdered and Sam is accosted by a man (Peter Lorre) demanding he locate a valuable statuette. Sam, entangled in a dangerous web of crime and intrigue, soon realizes he must find the one thing they all seem to want: the bejeweled Maltese falcon.",100.0,RottenTomatoes
The Invisible Man,2020,"After staging his own suicide, a crazed scientist uses his power to become invisible to stalk and terrorize his ex-girlfriend. When the police refuse to believe her story, she decides to take matters into her own hands and fight back.",91.0,RottenTomatoes
"The Godfather, Part II",1974,"The compelling sequel to ""The Godfather,"" contrasting the life of Corleone father and son. Traces the problems of Michael Corleone (Al Pacino) in 1958 and that of a young immigrant Vito Corleone (Robert De Niro) in 1917's Hell's Kitchen. Michael survives many misfortunes and Vito is introduced to a life of crime.",96.0,RottenTomatoes
North by Northwest,1959,"This classic suspense film finds New York City ad executive Roger O. Thornhill (Cary Grant) pursued by ruthless spy Phillip Vandamm (James Mason) after Thornhill is mistaken for a government agent. Hunted relentlessly by Vandamm's associates, the harried Thornhill ends up on a cross-country journey, meeting the beautiful and mysterious Eve Kendall (Eva Marie Saint) along the way. Soon Vandamm's henchmen close in on Thornhill, resulting in a number of iconic action sequences.",99.0,RottenTomatoes
M,1931,"In this classic German thriller, Hans Beckert (Peter Lorre), a serial killer who preys on children, becomes the focus of a massive Berlin police manhunt. Beckert's heinous crimes are so repellant and disruptive to city life that he is even targeted by others in the seedy underworld network. With both cops and criminals in pursuit, the murderer soon realizes that people are on his trail, sending him into a tense, panicked attempt to escape justice.",100.0,RottenTomatoes
Jaws,1975,"When a young woman is killed by a shark while skinny-dipping near the New England tourist town of Amity Island, police chief Martin Brody (Roy Scheider) wants to close the beaches, but mayor Larry Vaughn (Murray Hamilton) overrules him, fearing that the loss of tourist revenue will cripple the town. Ichthyologist Matt Hooper (Richard Dreyfuss) and grizzled ship captain Quint (Robert Shaw) offer to help Brody capture the killer beast, and the trio engage in an epic battle of man vs. nature.",98.0,RottenTomatoes
Hell or High Water,2016,"Toby is a divorced father who's trying to make a better life for his son. His brother Tanner is an ex-convict with a short temper and a loose trigger finger. Together, they plan a series of heists against the bank that's about to foreclose on their family ranch. Standing in their way is Marcus, a Texas Ranger who's only weeks away from retirement. As the siblings plot their final robbery, they must also prepare for a showdown with a crafty lawman who's not ready to ride off into the sunset.",97.0,RottenTomatoes
The Babadook,2014,A troubled widow (Essie Davis) discovers that her son is telling the truth about a monster that entered their home through the pages of a children's book.,98.0,RottenTomatoes
Chinatown,1974,"When Los Angeles private eye J.J. ""Jake"" Gittes (Jack Nicholson) is hired by Evelyn Mulwray to investigate her husband's activities, he believes it's a routine infidelity case. Jake's investigation soon becomes anything but routine when he meets the real Mrs. Mulwray (Faye Dunaway) and realizes he was hired by an imposter. Mr. Mulwray's sudden death sets Gittes on a tangled trail of corruption, deceit and sinister family secrets as Evelyn's father (John Huston) becomes a suspect in the case.",99.0,RottenTomatoes
The Lady Vanishes,1938,"On a train headed for England a group of travelers is delayed by an avalanche. Holed up in a hotel in a fictional European country, young Iris (Margaret Lockwood) befriends elderly Miss Froy (Dame May Whitty). When the train resumes, Iris suffers a bout of unconsciousness and wakes to find the old woman has disappeared. The other passengers ominously deny Miss Froy ever existed, so Iris begins to investigate with another traveler (Michael Redgrave) and, as the pair sleuth, romantic sparks fly.",98.0,RottenTomatoes
High Noon,1952,"Former marshal Will Kane (Gary Cooper) is preparing to leave the small town of Hadleyville, New Mexico, with his new bride, Amy (Grace Kelly), when he learns that local criminal Frank Miller has been set free and is coming to seek revenge on the marshal who turned him in. When he starts recruiting deputies to fight Miller, Kane is discouraged to find that the people of Hadleyville turn cowardly when the time comes for a showdown, and he must face Miller and his cronies alone.",97.0,RottenTomatoes
The 39 Steps,1935,"While on vacation in London, Canadian Richard Hannay (Robert Donat) becomes embroiled in an international spy ring related to the mysterious ""39 steps."" Then he meets agent Annabella Smith (Lucie Mannheim), who is soon killed in his apartment. He must elude the police, who are hunting him for murder, while he tries to stop Professor Jordan (Godfrey Tearle) from sending secrets out of the country. Hannay is assisted by Pamela (Madeleine Carroll), an unwilling accomplice who discovers the truth.",96.0,RottenTomatoes
Harry Potter and the Deathly Hallows: Part 2,2011,"A clash between good and evil awaits as young Harry (Daniel Radcliffe), Ron (Rupert Grint) and Hermione (Emma Watson) prepare for a final battle against Lord Voldemort (Ralph Fiennes). Harry has grown into a steely lad on a mission to rid the world of evil. The friends must search for the Horcruxes that keep the dastardly wizard immortal. Harry and Voldemort meet at Hogwarts Castle for an epic showdown where the forces of darkness may finally meet their match.",96.0,RottenTomatoes
Skyfall,2012,"When James Bond's (Daniel Craig) latest assignment goes terribly wrong, it leads to a calamitous turn of events: Undercover agents around the world are exposed, and MI6 is attacked, forcing M (Judi Dench) to relocate the agency. With MI6 now compromised inside and out, M turns to the one man she can trust: Bond. Aided only by a field agent (Naomie Harris), Bond takes to the shadows and follows a trail to Silva (Javier Bardem), a man from M's past who wants to settle an old score.",92.0,RottenTomatoes
Rashomon,1950,"Brimming with action while incisively examining the nature of truth, ""Rashomon"" is perhaps the finest film ever to investigate the philosophy of justice. Through an ingenious use of camera and flashbacks, Kurosawa reveals the complexities of human nature as four people recount different versions of the story of a man's murder and the rape of his wife.",98.0,RottenTomatoes
The Thin Man,1934,"The recently divorced Gilbert discovers that his new girlfriend has stolen $50,000 and is carrying on with other men. Not long afterward, he disappears. Anxious to locate her father, Gilbert's daughter goes to private detective Nick Charles for help.",98.0,RottenTomatoes
Touch of Evil,1958,"When a car bomb explodes on the American side of the U.S./Mexico border, Mexican drug enforcement agent Miguel Vargas (Charlton Heston) begins his investigation, along with American police captain Hank Quinlan (Orson Welles). When Vargas begins to suspect that Quinlan and his shady partner, Menzies (Joseph Calleia), are planting evidence to frame an innocent man, his investigations into their possible corruption quickly put himself and his new bride, Susie (Janet Leigh), in jeopardy.",95.0,RottenTomatoes
Taxi Driver,1976,"Suffering from insomnia, disturbed loner Travis Bickle (Robert De Niro) takes a job as a New York City cabbie, haunting the streets nightly, growing increasingly detached from reality as he dreams of cleaning up the filthy city. When Travis meets pretty campaign worker Betsy (Cybill Shepherd), he becomes obsessed with the idea of saving the world, first plotting to assassinate a presidential candidate, then directing his attentions toward rescuing 12-year-old prostitute Iris (Jodie Foster).",96.0,RottenTomatoes
Vertigo,1958,"Hitchcock's romantic story of obsession, manipulation and fear. A detective is forced to retire after his fear of heights causes the death of a fellow officer and the girl he was hired to follow. He sees a double of the girl, causing him to transform her image onto the dead girl's body. This leads into a cycle of madness and lies.",94.0,RottenTomatoes
L.A. Confidential,1997,"Three policemen, each with his own motives and obsessions, tackle the corruption surrounding an unsolved murder at a downtown Los Angeles coffee shop in the early 1950s. Detective Lieutenant Exley (Guy Pearce), the son of a murdered detective, is out to avenge his father's killing. The ex-partner of Officer White (Russell Crowe), implicated in a scandal rooted out by Exley, was one of the victims. Sergeant Vincennes (Kevin Spacey) feeds classified information to a tabloid magnate (Danny DeVito).",99.0,RottenTomatoes
The Big Sleep,1946,"Private investigator Philip Marlowe (Humphrey Bogart) is hired by General Sternwood to help resolve the gambling debts of his wild young daughter, Carmen (Martha Vickers). Sternwood's older daughter, Vivian (Lauren Bacall), provides assistance when she implies that the situation is more complex, and also involves casino owner (John Ridgely) and a recently disappeared family friend. As people linked to the Sternwoods start being murdered, Marlowe finds himself getting ever deeper into the case.",97.0,RottenTomatoes
Nightcrawler,2014,"Los Angeles denizen Louis Bloom (Jake Gyllenhaal) survives by scavenging and petty theft. He stumbles into a new career as a cameraman and -- armed with a camcorder and police scanner -- begins nocturnal forays across the city in search of shocking and grisly crimes. When he catches the eye of a shopworn news director (Rene Russo) who welcomes the chance to raise her station's ratings, Louis goes to increasingly greater lengths to catch the ""money shot.""",95.0,RottenTomatoes
The Wages of Fear,1953,"In the South American jungle, supplies of nitroglycerine are needed at a remote oil field. The oil company pays four men to deliver the supplies in two trucks. A tense rivalry develops between the two sets of drivers on the rough remote roads where the slightest jolt can result in death.",100.0,RottenTomatoes
Rear Window,1954,"A newspaper photographer with a broken leg passes time recuperating by observing his neighbors through his window. He sees what he believes to be a murder, and decides to solve the crime himself. With the help of his nurse and wife, he tries to catch the murderer without being killed himself.",97.0,RottenTomatoes
Goldfinger,1964,"Special agent 007 (Sean Connery) comes face to face with one of the most notorious villains of all time, and now he must outwit and outgun the powerful tycoon to prevent him from cashing in on a devious scheme to raid Fort Knox -- and obliterate the world's economy.",99.0,RottenTomatoes
Strangers on a Train,1951,"In Alfred Hitchcock's adaptation of Patricia Highsmith's thriller, tennis star Guy Haines (Farley Granger) is enraged by his trampy wife's refusal to finalize their divorce so he can wed senator's daughter Anne (Ruth Roman). He strikes up a conversation with a stranger, Bruno Anthony (Robert Walker), and unwittingly sets in motion a deadly chain of events. Psychopathic Bruno kills Guy's wife, then urges Guy to reciprocate by killing Bruno's father. Meanwhile, Guy is murder suspect number one.",98.0,RottenTomatoes
Invasion of the Body Snatchers,1956,"In Santa Mira, California, Dr. Miles Bennell (Kevin McCarthy) is baffled when all his patients come to him with the same complaint: their loved ones seem to have been replaced by emotionless impostors. Despite others' dismissive denials, Dr. Bennell, his former girlfriend Becky (Dana Wynter) and his friend Jack (King Donovan) soon discover that the patients' suspicions are true: an alien species of human duplicates, grown from plant-like pods, is taking over the small town.",98.0,RottenTomatoes
The Post,2017,"Katharine Graham is the first female publisher of a major American newspaper -- The Washington Post. With help from editor Ben Bradlee, Graham races to catch up with The New York Times to expose a massive cover-up of government secrets that spans three decades and four U.S. presidents. Together, they must overcome their differences as they risk their careers -- and very freedom -- to help bring long-buried truths to light.",88.0,RottenTomatoes
Anatomy of a Murder,1959,"Semi-retired Michigan lawyer Paul Biegler (James Stewart) takes the case of Army Lt. Manion (Ben Gazzara), who murdered a local innkeeper after his wife (Lee Remick) claimed that he raped her. Over the course of an extensive trial, Biegler parries with District Attorney Lodwick (Brooks West) and out-of-town prosecutor Claude Dancer (George C. Scott) to set his client free, but his case rests on the victim's mysterious business partner (Kathryn Grant), who's hiding a dark secret.",100.0,RottenTomatoes
Freaks,1932,"When trapeze artist Cleopatra (Olga Baclanova) learns that circus midget Hans (Harry Earles) has an inheritance, she marries the lovesick, diminutive performer, all the while planning to steal his fortune and run off with her lover, strong man Hercules (Henry Victor). When Hans' friends and fellow performers discover what is going on, they band together and carry out a brutal revenge that leaves Hercules and Cleopatra knowing what it truly means to be a ""freak.""",95.0,RottenTomatoes
The Night of the Hunter,1955,"The Rev. Harry Powell (Robert Mitchum) is a religious fanatic and serial killer who targets women who use their sexuality to attract men. Serving time in prison for car theft, he meets condemned murderer Ben Harper (Peter Graves), who confesses to hiding $10,000 in stolen loot. Released from jail, Powell is obsessed with finding the money, and he tracks down Harper's widow, Willa (Shelley Winters), and her two children, John (Billy Chapin) and Pearl (Sally Jane Bruce).",95.0,RottenTomatoes
In a Lonely Place,1950,"Hollywood screenwriter Dixon Steele (Humphrey Bogart) and his neighbor Laurel (Gloria Grahame) are just getting to know each other romantically when the police begin questioning Dixon about his involvement in the murder of a girl he met once. Certain her new love interest is innocent, Laurel stands by Dixon, but as the police continue pressing him, Dixon begins to act increasingly erratically. The blossoming love affair suffers as Laurel begins to wonder if Dixon really might be a killer.",98.0,RottenTomatoes
His House,2020,"A refugee couple makes a harrowing escape from war-torn South Sudan, but then they struggle to adjust to their new life in an English town that has an evil lurking beneath the surface.",100.0,RottenTomatoes
Notorious,1946,"In order to help bring Nazis to justice, U.S. government agent T.R. Devlin (Cary Grant) recruits Alicia Huberman (Ingrid Bergman), the American daughter of a convicted German war criminal, as a spy. As they begin to fall for one another, Alicia is instructed to win the affections of Alexander Sebastian (Claude Rains), a Nazi hiding out in Brazil. When Sebastian becomes serious about his relationship with Alicia, the stakes get higher, and Devlin must watch her slip further undercover.",98.0,RottenTomatoes
The Taking of Pelham One Two Three,1974,"In New York City, a criminal gang led by the ruthless ""Mr. Blue"" (Robert Shaw) hijacks a subway car and threatens to start shooting one passenger per minute unless they receive a million dollars in cash from the city within an hour. On the other end of the line, crusty veteran transit policeman Zachary Garber (Walter Matthau) has his hands full dealing with the mayor's office and his hotheaded fellow cops, while also trying to deliver the ransom before the deadline expires.",100.0,RottenTomatoes
The Salesman,2016,"After their flat becomes damaged, Emad (Shahab Hosseini) and Rana (Taraneh Alidoosti), a young couple living in Tehran, Iran, must move into another apartment. Once relocated, a sudden eruption of violence linked to the previous tenant of their new home dramatically changes their lives, creating a simmering tension between husband and wife.",96.0,RottenTomatoes
The Silence of the Lambs,1991,"Jodie Foster stars as Clarice Starling, a top student at the FBI's training academy. Jack Crawford (Scott Glenn) wants Clarice to interview Dr. Hannibal Lecter (Anthony Hopkins), a brilliant psychiatrist who is also a violent psychopath, serving life behind bars for various acts of murder and cannibalism. Crawford believes that Lecter may have insight into a case and that Starling, as an attractive young woman, may be just the bait to draw him out.",96.0,RottenTomatoes
Detour,1945,"In New York, piano player Al Roberts (Tom Neal) laments when his singer girlfriend, Sue Harvey (Claudia Drake), leaves for Hollywood, Calif. When Al gets some money, he decides to hitchhike to California to join Sue. In Arizona, Al accepts a ride with Charles Haskell (Edmund MacDonald), but during a storm in a freak accident, Haskell is killed. Frightened, Al assumes Haskell's identity and car, but soon comes upon the mysterious Vera (Ann Savage), who seems to know all about his true identity.",98.0,RottenTomatoes
Halloween,1978,"On a cold Halloween night in 1963, six year old Michael Myers brutally murdered his 17-year-old sister, Judith. He was sentenced and locked away for 15 years. But on October 30, 1978, while being transferred for a court date, a 21-year-old Michael Myers steals a car and escapes Smith's Grove. He returns to his quiet hometown of Haddonfield, Illinois, where he looks for his next victims.",96.0,RottenTomatoes
Rosemary's Baby,1968,"A young wife comes to believe that her offspring is not of this world. Waifish Rosemary Woodhouse (Mia Farrow) and her struggling actor husband Guy (John Cassavetes) move to a New York City apartment building with an ominous reputation and odd neighbors Roman and Minnie Castavet (Sidney Blackmer, Ruth Gordon). When Rosemary becomes pregnant she becomes increasingly isolated, and the diabolical truth is revealed only after Rosemary gives birth.",96.0,RottenTomatoes
Eyes Without a Face,1959,"Dr. Génessier (Pierre Brasseur) is riddled with guilt after an accident that he caused disfigures the face of his daughter, the once beautiful Christiane (Édith Scob), who outsiders believe is dead. Dr. Génessier, along with accomplice and laboratory assistant Louise (Alida Valli), kidnaps young women and brings them to the Génessier mansion. After rendering his victims unconscious, Dr. Génessier removes their faces and attempts to graft them on to Christiane's.",98.0,RottenTomatoes
Badlands,1973,"Inspired by real-life killers Charles Starkweather and Caril-Ann Fugate, this tale of crime and love begins in a dead-end town. Teenage girl Holly (Sissy Spacek) angers her father (Warren Oates) when she begins dating an older and rebellious boy (Martin Sheen). After a conflict between Holly and her father erupts in murder, the young lovers are forced to flee. In the ensuing crime spree, they journey through the Midwest to the Badlands of Montana, eluding authorities along the way.",97.0,RottenTomatoes
Eye in the Sky,2015,"A lieutenant general (Alan Rickman) and a colonel (Helen Mirren) face political opposition after ordering a drone missile strike to take out a group of suicide bombers in Nairobi, Kenya.",95.0,RottenTomatoes
All Is Lost,2013,"During a solo voyage in the Indian Ocean, a veteran mariner (Robert Redford) awakes to find his vessel taking on water after a collision with a stray shipping container. With his radio and navigation equipment disabled, he sails unknowingly into a violent storm and barely escapes with his life. With any luck, the ocean currents may carry him into a shipping lane -- but, with supplies dwindling and the sharks circling, the sailor is forced to face his own mortality.",94.0,RottenTomatoes
Repulsion,1965,"In Roman Polanski's first English-language film, beautiful young manicurist Carole (Catherine Deneuve) suffers from androphobia (the pathological fear of interaction with men). When her sister and roommate, Helen (Yvonne Furneaux), leaves their London flat to go on an Italian holiday with her married boyfriend (Ian Hendry), Carole withdraws into her apartment. She begins to experience frightful hallucinations, her fear gradually mutating into madness.",95.0,RottenTomatoes
One Hundred and One Dalmatians,1961,"In a Disney animation classic, Dalmatian Pongo is tired of his bachelor-dog life. He spies lovely Perdita and maneuvers his master, Roger, into meeting Perdita's owner, Anita. The owners fall in love and marry, keeping Pongo and Perdita together too. After Perdita gives birth to a litter of 15 puppies, Anita's old school friend Cruella De Vil wants to buy them all. Roger declines her offer, so Cruella hires the criminal Badun brothers to steal them -- so she can have a fur coat.",98.0,RottenTomatoes
Kiss Me Deadly,1955,"One evening, private detective Mike Hammer (Ralph Meeker) picks up a strange woman, Christina (Cloris Leachman), who's standing on the highway wearing only a trench coat. They're stopped farther on by strangers who knock out Mike and murder Christina. Although warned not to investigate by the police, Mike and his girlfriend and assistant, Velda (Maxine Cooper), become ensnared in a dark plot involving scientist Dr. Soberin (Albert Dekker) and Christina's terrified roommate, Lily (Gaby Rodgers).",98.0,RottenTomatoes
Looper,2012,"In a future society, time-travel exists, but it's only available to those with the means to pay for it on the black market. When the mob wants to eliminate someone, it sends the target into the past, where a hit man known as a looper lies in wait to finish the job. Joe (Joseph Gordon-Levitt) is one such hired gun, and he does his job well -- until the day his bosses decide to ""close the loop"" and send Joe's future self (Bruce Willis) back in time to be killed.",93.0,RottenTomatoes
The Killing,1956,"Career criminal Johnny Clay (Sterling Hayden) recruits a sharpshooter (Timothy Carey), a crooked police officer (Ted de Corsia), a bartender (Joe Sawyer) and a betting teller named George (Elisha Cook Jr.), among others, for one last job before he goes straight and marries his fiancee, Fay (Coleen Gray). But when George tells his restless wife, Sherry (Marie Windsor), about the scheme to steal millions from the racetrack where he works, she hatches a plot of her own.",98.0,RottenTomatoes
Stalker,1979,"In an unnamed country at an unspecified time, there is a fiercely protected post-apocalyptic wasteland known as The Zone. An illegal guide (Aleksandr Kajdanovsky), whose mutant child suggests unspeakable horrors within The Zone, leads a writer (Anatoliy Solonitsyn) and a scientist (Nikolay Grinko) into the heart of the devastation in search of a mythical place known only as The Room. Anyone who enters The Room will supposedly have any of his earthly desires immediately fulfilled.",100.0,RottenTomatoes
Casino Royale,2006,"After receiving a license to kill, British Secret Service agent James Bond (Daniel Craig) heads to Madagascar, where he uncovers a link to Le Chiffre (Mads Mikkelsen), a man who finances terrorist organizations. Learning that Le Chiffre plans to raise money in a high-stakes poker game, MI6 sends Bond to play against him, gambling that their newest ""00"" operative will topple the man's organization.",94.0,RottenTomatoes
The Manchurian Candidate,1962,"Near the end of the Korean War, a platoon of U.S. soldiers is captured by communists and brainwashed. Following the war, the platoon is returned home, and Sergeant Raymond Shaw (Laurence Harvey) is lauded as a hero by the rest of his platoon. However, the platoon commander, Captain Bennett Marco (Frank Sinatra), finds himself plagued by strange nightmares and, together with fellow soldier Allen Melvin (James Edwards), races to uncover a terrible plot.",97.0,RottenTomatoes
No Country for Old Men,2007,"While out hunting, Llewelyn Moss (Josh Brolin) finds the grisly aftermath of a drug deal. Though he knows better, he cannot resist the cash left behind and takes it with him. The hunter becomes the hunted when a merciless killer named Chigurh (Javier Bardem) picks up his trail. Also looking for Moss is Sheriff Bell (Tommy Lee Jones), an aging lawman who reflects on a changing world and a dark secret of his own, as he tries to find and protect Moss.",93.0,RottenTomatoes
The Cabin in the Woods,2011,"When five college friends (Kristen Connolly, Chris Hemsworth, Anna Hutchison, Fran Kranz, Jesse Williams) arrive at a remote forest cabin for a little vacation, little do they expect the horrors that await them. One by one, the youths fall victim to backwoods zombies, but there is another factor at play. Two scientists (Richard Jenkins, Bradley Whitford) are manipulating the ghoulish goings-on, but even as the body count rises, there is yet more at work than meets the eye.",92.0,RottenTomatoes
Burning,2018,"Jong-soo runs into Hae-mi, a girl who once lived in his neighborhood, and she asks him to watch her cat while she's out of town. When she returns, she introduces him to Ben, a man she met on the trip. Ben proceeds to tell Jong-soo about his hobby.",95.0,RottenTomatoes
The Trial of the Chicago 7,2020,"In 1969, seven people were charged by the federal government with conspiracy and more, arising from the protests at the 1968 Democratic National Convention in Chicago.",89.0,RottenTomatoes
Ex Machina,2015,"Caleb Smith (Domhnall Gleeson) a programmer at a huge Internet company, wins a contest that enables him to spend a week at the private estate of Nathan Bateman (Oscar Isaac), his firm's brilliant CEO. When he arrives, Caleb learns that he has been chosen to be the human component in a Turing test to determine the capabilities and consciousness of Ava (Alicia Vikander), a beautiful robot. However, it soon becomes evident that Ava is far more self-aware and deceptive than either man imagined.",92.0,RottenTomatoes
The Red Circle,1970,"When French criminal Corey (Alain Delon) gets released from prison, he resolves to never return. He is quickly pulled back into the underworld, however, after a chance encounter with escaped murderer Vogel (Gian Maria Volonte). Along with former policeman and current alcoholic Jansen (Yves Montand), they plot an intricate jewel heist. All the while, quirky Police Commissioner Mattei (Bourvil), who was the one to lose custody of Vogel, is determined to find him.",95.0,RottenTomatoes
Sicario,2015,"After rising through the ranks of her male-dominated profession, idealistic FBI agent Kate Macer (Emily Blunt) receives a top assignment. Recruited by mysterious government official Matt Graver (Josh Brolin), Kate joins a task force for the escalating war against drugs. Led by the intense and shadowy Alejandro (Benicio Del Toro), the team travels back-and-forth across the U.S.-Mexican border, using one cartel boss (Bernardo Saracino) to flush out a bigger one (Julio Cesar Cedillo).",92.0,RottenTomatoes
Blow the Man Down,2019,"Welcome to Easter Cove, a salty fishing village on the far reaches of Maine's rocky coast. Grieving the loss of their mother and facing an uncertain future, Mary Beth & Priscilla Connolly cover up a gruesome run-in with a dangerous man. To conceal their crime, the sisters must go deeper into Easter Cove's underbelly and uncover the town matriarchs' darkest secrets.",98.0,RottenTomatoes
Searching,2018,"David Kim becomes desperate when his 16-year-old daughter Margot disappears and an immediate police investigation leads nowhere. He soon decides to search the one place that no one else has -- Margot's laptop. Hoping to trace her digital footprints, David contacts her friends and looks at photos and videos for any possible clues to her whereabouts.",92.0,RottenTomatoes
Sunrise,1927,"Bored with his wife (Janet Gaynor), their baby and the dull routine of farm life, a farmer (George O'Brien) falls under the spell of a flirtatious city girl (Margaret Livingston) who convinces him to drown his wife so they can escape together. When his wife becomes suspicious of his plan and runs away to the city, the farmer pursues her, slowly regaining her trust as the two rediscover their love for each other in this award-winning silent classic.",98.0,RottenTomatoes
Don't Look Now,1973,"Still grieving over the accidental death of their daughter, Christine (Sharon Williams), John (Donald Sutherland) and Laura Baxter (Julie Christie) head to Venice, Italy, where John's been commissioned to restore a church. There Laura meets two sisters (Hilary Mason, Clelia Matania) who claim to be in touch with the spirit of the Baxters' daughter. Laura takes them seriously, but John scoffs until he himself catches a glimpse of what looks like Christine running through the streets of Venice.",95.0,RottenTomatoes
Blood Simple,1984,"""Blood Simple"" was the first feature film from Joel and Ethan Coen. This is the newly restored and re-edited director's cut of the film, introduced by Mortimer Young. The stylish crime thriller premiered at film festivals in 1984. ""Blood Simple"" begins deep in the heart of Texas, where a jealous saloon owner hires a cheap divorce detective to kill the saloon owner's younger wife and her bartender lover. But the detective gets a better idea: he follows the two lovers, and...",94.0,RottenTomatoes
Peeping Tom,1960,"Loner Mark Lewis (Carl Boehm) works at a film studio during the day and, at night, takes racy photographs of women. Also he's making a documentary on fear, which involves recording the reactions of victims as he murders them. He befriends Helen (Anna Massey), the daughter of the family living in the apartment below his, and he tells her vaguely about the movie he is making. She sneaks into Mark's apartment to watch it and is horrified by what she sees -- especially when Mark catches her.",96.0,RottenTomatoes
It,2017,"Seven young outcasts in Derry, Maine, are about to face their worst nightmare -- an ancient, shape-shifting evil that emerges from the sewer every 27 years to prey on the town's children. Banding together over the course of one horrifying summer, the friends must overcome their own personal fears to battle the murderous, bloodthirsty clown known as Pennywise.",86.0,RottenTomatoes
The Vast of Night,2019,"In the 1950s, two kids search for the source of a mysterious frequency that has descended on their town.",92.0,RottenTomatoes
10 Cloverfield Lane,2016,"After surviving a car accident, Michelle (Mary Elizabeth Winstead) wakes up to find herself in an underground bunker with two men. Howard (John Goodman) tells her that a massive chemical attack has rendered the air unbreathable, and their only hope of survival is to remain inside. Despite the comforts of home, Howard's controlling and menacing nature makes Michelle want to escape. After taking matters into her own hands, the young woman finally discovers the truth about the outside world.",90.0,RottenTomatoes
To Catch a Thief,1955,"Notorious cat burglar John Robie (Cary Grant) has long since retired to tend vineyards on the French Riviera. When a series of robberies is committed in his style, John must clear his name. Armed with a list of people who own the most expensive jewels currently in the area, John begins following the first owner, young Francie (Grace Kelly). When her jewels are stolen, Francie suspects John, destroying their tentative romance. John goes on the lam to catch the thief and clear his own name.",96.0,RottenTomatoes
Assault on Precinct 13,1976,"When the LAPD kills several members of the South Central gang Street Thunder, the remaining members avenge themselves by way of a bloody war waged against cops and citizens alike. Caught in the crossfire is Lt. Ethan Bishop (Austin Stoker), who's managing a skeleton crew at the local and soon-to-be-closed police precinct. As the gang members close in, Bishop forms an unlikely alliance with a group of prisoners in order to defend the station and the lives of everyone in it.",98.0,RottenTomatoes
Diabolique,1955,"In this classic of French suspense, the cruel and abusive headmaster of a boarding school, Michel Delassalle (Paul Meurisse), becomes the target of a murder plot hatched by an unlikely duo -- his meek wife (Vera Clouzot) and the mistress he brazenly flaunts (Simone Signoret). The women, brought together by their mutual hatred for the man, pull off the crime but become increasingly unhinged by a series of odd occurrences after Delassalle's corpse mysteriously disappears.",96.0,RottenTomatoes
The Fugitive,1993,"Wrongfully accused of murdering his wife, Richard Kimble (Harrison Ford) escapes from the law in an attempt to find her killer and clear his name. Pursuing him is a team of U.S. marshals led by Deputy Samuel Gerard (Tommy Lee Jones), a determined detective who will not rest until Richard is captured. As Richard leads the team through a series of intricate chases, he discovers the secrets behind his wife's death and struggles to expose the killer before it is too late.",96.0,RottenTomatoes
Bridge of Spies,2015,"During the Cold War, the Soviet Union captures U.S. pilot Francis Gary Powers after shooting down his U-2 spy plane. Sentenced to 10 years in prison, Powers' only hope is New York lawyer James Donovan (Tom Hanks), recruited by a CIA operative to negotiate his release. Donovan boards a plane to Berlin, hoping to win the young man's freedom through a prisoner exchange. If all goes well, the Russians would get Rudolf Abel (Mark Rylance), the convicted spy who Donovan defended in court.",90.0,RottenTomatoes
The Conversation,1974,"Surveillance expert Harry Caul (Gene Hackman) is hired by a mysterious client's brusque aide (Harrison Ford) to tail a young couple, Mark (Frederic Forrest) and Ann (Cindy Williams). Tracking the pair through San Francisco's Union Square, Caul and his associate Stan (John Cazale) manage to record a cryptic conversation between them. Tormented by memories of a previous case that ended badly, Caul becomes obsessed with the resulting tape, trying to determine if the couple are in danger.",96.0,RottenTomatoes
Gone Girl,2014,"In Carthage, Mo., former New York-based writer Nick Dunne (Ben Affleck) and his glamorous wife Amy (Rosamund Pike) present a portrait of a blissful marriage to the public. However, when Amy goes missing on the couple's fifth wedding anniversary, Nick becomes the prime suspect in her disappearance. The resulting police pressure and media frenzy cause the Dunnes' image of a happy union to crumble, leading to tantalizing questions about who Nick and Amy truly are.",87.0,RottenTomatoes
Possessor: Uncut,2020,"Tasya Vos, an elite, corporate assassin, takes control of other people's bodies using brain-implant technology to execute high-profile targets.",93.0,RottenTomatoes
Border,2018,"Customs officer Tina is known for her extraordinary sense of smell. It's almost as if she can sniff out the guilt on anyone hiding something. But when Vore, a suspicious-looking man, walks past her, her abilities are challenged for the first time ever. Tina can sense Vore is hiding something she can't identify. Even worse, she feels a strange attraction to him. As Tina develops a special bond with Vore and discovers his true identity, she also realizes the truth about herself.",97.0,RottenTomatoes
Bullitt,1968,"Senator Walter Chalmers (Robert Vaughn) is aiming to take down mob boss Pete Ross (Vic Tayback) with the help of testimony from the criminal's hothead brother Johnny (Pat Renella), who is in protective custody in San Francisco under the watch of police lieutenant Frank Bullitt (Steve McQueen). When a pair of mob hitmen enter the scene, Bullitt follows their trail through a maze of complications and double-crosses. This thriller includes one of the most famous car chases ever filmed.",98.0,RottenTomatoes
Forbidden Planet,1956,"In this sci-fi classic, a spacecraft travels to the distant planet Altair IV to discover the fate of a group of scientists sent there decades earlier. When Commander John J. Adams (Leslie Nielsen) and his crew arrive, they discover only two people: Dr. Morbius (Walter Pidgeon) and his daughter, Altaira (Anne Francis), who was born on the remote planet. Soon, Adams begins to uncover the mystery of what happened on Altair IV, and why Morbius and Altaira are the sole survivors.",96.0,RottenTomatoes
Who Framed Roger Rabbit,1988,"Down-on-his-luck private eye Eddie Valiant (Bob Hoskins) gets hired by cartoon producer R.K. Maroon (Alan Tilvern) to investigate an adultery scandal involving Jessica Rabbit (Kathleen Turner), the sultry wife of Maroon's biggest star, Roger Rabbit (Charles Fleischer). But when Marvin Acme (Stubby Kaye), Jessica's alleged paramour and the owner of Toontown, is found murdered, the villainous Judge Doom (Christopher Lloyd) vows to catch and destroy Roger.",97.0,RottenTomatoes
Jurassic Park,1993,"In Steven Spielberg's massive blockbuster, paleontologists Alan Grant (Sam Neill) and Ellie Sattler (Laura Dern) and mathematician Ian Malcolm (Jeff Goldblum) are among a select group chosen to tour an island theme park populated by dinosaurs created from prehistoric DNA. While the park's mastermind, billionaire John Hammond (Richard Attenborough), assures everyone that the facility is safe, they find out otherwise when various ferocious predators break free and go on the hunt.",91.0,RottenTomatoes
The Birds,1963,Melanie Daniels (Tippi Hedren) meets Mitch Brenner (Rod Taylor) in a San Francisco pet store and decides to follow him home. She brings with her the gift of two love birds and they strike up a romance. One day birds start attacking children at Mitch's sisters party. A huge assault starts on the town by attacking birds.,95.0,RottenTomatoes
In the Line of Fire,1993,"A Secret Service agent is taunted by calls from a would-be killer who has detailed information about the agent - including the fact that he failed to save President John F. Kennedy from assassination. The caller is revealed as an ex-CIA assassin, and the agent, who is investigating a threat to the current president, is determined not to let history repeat itself.",96.0,RottenTomatoes
It Happened One Night,1934,"In Frank Capra's acclaimed romantic comedy, spoiled heiress Ellie Andrews (Claudette Colbert) impetuously marries the scheming King Westley, leading her tycoon father (Walter Connolly) to spirit her away on his yacht. After jumping ship, Ellie falls in with cynical newspaper reporter Peter Warne (Clark Gable), who offers to help her reunite with her new husband in exchange for an exclusive story. But during their travels, the reporter finds himself falling for the feisty young heiress.",99.0,RottenTomatoes
Casablanca,1942,"Rick Blaine (Humphrey Bogart), who owns a nightclub in Casablanca, discovers his old flame Ilsa (Ingrid Bergman) is in town with her husband, Victor Laszlo (Paul Henreid). Laszlo is a famed rebel, and with Germans on his tail, Ilsa knows Rick can help them get out of the country.",99.0,RottenTomatoes
A Night at the Opera,1935,"The Marx Brothers run amuck in the world of opera when Otis B. Driftwood (Groucho Marx) meets aspiring singer Ricardo (Allan Jones), who is determined to win the love of fellow performer Rosa (Kitty Carlisle). Aided by Fiorello (Chico Marx) and Tomasso (Harpo Marx), Otis attempts to unite the young couple, but faces opposition from the preening star Lassparri (Walter Woolf King), who also has his sights on Rosa. Traveling from Italy to New York, Otis and friends rally to try and win the day.",97.0,RottenTomatoes
The Shape of Water,2017,"Elisa is a mute, isolated woman who works as a cleaning lady in a hidden, high-security government laboratory in 1962 Baltimore. Her life changes forever when she discovers the lab's classified secret -- a mysterious, scaled creature from South America that lives in a water tank. As Elisa develops a unique bond with her new friend, she soon learns that its fate and very survival lies in the hands of a hostile government agent and a marine biologist.",92.0,RottenTomatoes
Singin' in the Rain,1952,"A spoof of the turmoil that afflicted the movie industry in the late 1920s when movies went from silent to sound. When two silent movie stars', Don Lockwood and Lina Lamont, latest movie is made into a musical a chorus girl is brought in to dub Lina's speaking and singing. Don is on top of the world until Lina finds out.",100.0,RottenTomatoes
The Big Sick,2017,"Kumail is a Pakistani comic, who meets an American graduate student named Emily at one of his stand-up shows. As their relationship blossoms, he soon becomes worried about what his traditional Muslim parents will think of her. When Emily suddenly comes down with an illness that leaves her in a coma, Kumail finds himself developing a bond with her deeply concerned mother and father.",98.0,RottenTomatoes
On the Waterfront,1954,"Dockworker Terry Malloy (Marlon Brando) had been an up-and-coming boxer until powerful local mob boss Johnny Friendly (Lee J. Cobb) persuaded him to throw a fight. When a longshoreman is murdered before he can testify about Friendly's control of the Hoboken waterfront, Terry teams up with the dead man's sister Edie (Eva Marie Saint) and the streetwise priest Father Barry (Karl Malden) to testify himself, against the advice of Friendly's lawyer, Terry's older brother Charley (Rod Steiger).",99.0,RottenTomatoes
The Adventures of Robin Hood,1938,"When King Richard the Lionheart is captured, his scheming brother Prince John (Claude Rains) plots to reach the throne, to the outrage of Sir Robin of Locksley (Errol Flynn), the bandit king of Sherwood Forest. Rounding up his band of men and eventually winning the support of the lovely Maid Marian (Olivia de Havilland), Robin accuses Prince John of treachery and, when the escaped Richard returns covertly to England, joins forces with the king to prevent Prince John from taking the crown.",100.0,RottenTomatoes
Call Me by Your Name,2017,"It's the summer of 1983, and precocious 17-year-old Elio Perlman is spending the days with his family at their 17th-century villa in Lombardy, Italy. He soon meets Oliver, a handsome doctoral student who's working as an intern for Elio's father. Amid the sun-drenched splendor of their surroundings, Elio and Oliver discover the heady beauty of awakening desire over the course of a summer that will alter their lives forever.",94.0,RottenTomatoes
Top Hat,1935,"The story centers on wealthy Dale Tremont (Ginger Rogers), on holiday in London and Venice. She assumes that American entertainer Jerry Travers (Fred Astaire) is the husband of her friend Madge (Helen Broderick) -- who's actually the wife of Jerry's business manager Horace Hardwick (Edward Everett Horton).",100.0,RottenTomatoes
The Philadelphia Story,1940,"This classic romantic comedy focuses on Tracy Lord (Katharine Hepburn), a Philadelphia socialite who has split from her husband, C.K. Dexter Haven (Cary Grant), due both to his drinking and to her overly demanding nature. As Tracy prepares to wed the wealthy George Kittredge (John Howard), she crosses paths with both Dexter and prying reporter Macaulay Connor (James Stewart). Unclear about her feelings for all three men, Tracy must decide whom she truly loves.",100.0,RottenTomatoes
The Lady Eve,1941,"It's no accident when wealthy Charles (Henry Fonda) falls for Jean (Barbara Stanwyck). Jean is a con artist with her sights set on Charles' fortune. Matters complicate when Jean starts falling for her mark. When Charles suspects Jean is a gold digger, he dumps her. Jean, fixated on revenge and still pining for the millionaire, devises a plan to get back in Charles' life. With love and payback on her mind, she re-introduces herself to Charles, this time as an aristocrat named Lady Eve Sidwich.",100.0,RottenTomatoes
An American in Paris,1951,"Jerry Mulligan (Gene Kelly) is an American ex-GI who stays in post-war Paris to become a painter, and falls for the gamine charms of Lise Bouvier (Leslie Caron). However, his paintings come to the attention of Milo Roberts, a rich American heiress, who is interested in more than just art.",96.0,RottenTomatoes
Vertigo,1958,"Hitchcock's romantic story of obsession, manipulation and fear. A detective is forced to retire after his fear of heights causes the death of a fellow officer and the girl he was hired to follow. He sees a double of the girl, causing him to transform her image onto the dead girl's body. This leads into a cycle of madness and lies.",94.0,RottenTomatoes
Carol,2015,"Therese Belivet (Rooney Mara) spots the beautiful, elegant Carol (Cate Blanchett) perusing the doll displays in a 1950s Manhattan department store. The two women develop a fast bond that becomes a love with complicated consequences.",94.0,RottenTomatoes
Before Midnight,2013,"On the last night of their idyllic Greek vacation, longtime lovers Jesse (Ethan Hawke) and Celine (Julie Delpy) reminisce about their lives together and what different choices might have brought.",98.0,RottenTomatoes
The Red Shoes,1948,"In this classic drama, Vicky Page (Moira Shearer) is an aspiring ballerina torn between her dedication to dance and her desire to love. While her imperious instructor, Boris Lermontov (Anton Walbrook), urges to her to forget anything but ballet, Vicky begins to fall for the charming young composer Julian Craster (Marius Goring). Eventually Vicky, under great emotional stress, must choose to pursue either her art or her romance, a decision that carries serious consequences.",97.0,RottenTomatoes
The Umbrellas of Cherbourg,1964,"Geneviève (Catherine Deneuve), a beautiful young Frenchwoman who works at a small-town boutique selling umbrellas, falls for dashing mechanic Guy (Nino Castelnuovo). Their brief romance is interrupted when Guy is drafted to serve in the Algerian War. Though pregnant by Guy, Geneviève marries an older businessman, Roland (Marc Michel), and begins to move on with her life. Throughout the musical film, all the characters' dialogue is conveyed through song.",99.0,RottenTomatoes
City Lights,1931,"A hapless but resilient tramp (Charlie Chaplin) falls in love with a blind flower girl (Virginia Cherrill) on the tough city streets. Upon learning that she and her grandmother are to be evicted from their home, the tramp undertakes a series of attempts to provide them with the money they need, all of which end in humiliating failure. But after a drunken millionaire (Harry Myers) lavishly rewards him for saving his life, the tramp can change the flower girl's life forever.",98.0,RottenTomatoes
The Artist,2011,"In the 1920s, actor George Valentin (Jean Dujardin) is a bona fide matinee idol with many adoring fans. While working on his latest film, George finds himself falling in love with an ingenue named Peppy Miller (Bérénice Bejo) and, what's more, it seems Peppy feels the same way. But George is reluctant to cheat on his wife with the beautiful young actress. The growing popularity of sound in movies further separates the potential lovers, as George's career begins to fade while Peppy's star rises.",95.0,RottenTomatoes
The Best Years of Our Lives,1946,"Fred, Al and Homer are three World War II veterans facing difficulties as they re-enter civilian life. Fred (Dana Andrews) is a war hero who, unable to compete with more highly skilled workers, has to return to his low-wage soda jerk job. Bank executive Al (Fredric March) gets into trouble for offering favorable loans to veterans. After losing both hands in the war, Homer (Harold Russell) returns to his loving fiancée, but must struggle to adjust.",97.0,RottenTomatoes
Roman Holiday,1953,"Overwhelmed by her suffocating schedule, touring European princess Ann (Audrey Hepburn) takes off for a night while in Rome. When a sedative she took from her doctor kicks in, however, she falls asleep on a park bench and is found by an American reporter, Joe Bradley (Gregory Peck),who takes her back to his apartment for safety. At work the next morning, Joe finds out Ann's regal identity and bets his editor he can get exclusive interview with her, but romance soon gets in the way.",97.0,RottenTomatoes
Gone With the Wind,1939,"Presented as originally released in 1939. Includes themes and character depictions which may be offensive and problematic to contemporary audiences. Epic Civil War drama focuses on the life of petulant Southern belle Scarlett O'Hara. Starting with her idyllic life on a sprawling plantation, the film traces her survival through the tragic history of the South during the Civil War and Reconstruction, and her tangled love affairs with Ashley Wilkes and Rhett Butler.",91.0,RottenTomatoes
Her,2013,"A sensitive and soulful man earns a living by writing personal letters for other people. Left heartbroken after his marriage ends, Theodore (Joaquin Phoenix) becomes fascinated with a new operating system which reportedly develops into an intuitive and unique entity in its own right. He starts the program and meets ""Samantha"" (Scarlett Johansson), whose bright voice reveals a sensitive, playful personality. Though ""friends"" initially, the relationship soon deepens into love.",94.0,RottenTomatoes
Ash Is Purest White,2018,"In an industrial city in China, a young dancer named Qiao falls in love with a mobster named Bin. When a fight breaks out between rival gangs, Qiao uses a gun to protect Bin and is sent to prison for five years.",99.0,RottenTomatoes
The African Queen,1951,"After religious spinster's (Katharine Hepburn) missionary brother is killed in WWI Africa, dissolute steamer captain (Humphrey Bogart) offers her safe passage. She's not satisfied so she persuades him to destroy a German gunboat. The two spend most of their time fighting with each other rather than the Germans. Time alone on the river leads to love.",98.0,RottenTomatoes
In a Lonely Place,1950,"Hollywood screenwriter Dixon Steele (Humphrey Bogart) and his neighbor Laurel (Gloria Grahame) are just getting to know each other romantically when the police begin questioning Dixon about his involvement in the murder of a girl he met once. Certain her new love interest is innocent, Laurel stands by Dixon, but as the police continue pressing him, Dixon begins to act increasingly erratically. The blossoming love affair suffers as Laurel begins to wonder if Dixon really might be a killer.",98.0,RottenTomatoes
Annie Hall,1977,"Comedian Alvy Singer (Woody Allen) examines the rise and fall of his relationship with struggling nightclub singer Annie Hall (Diane Keaton). Speaking directly to the audience in front of a bare background, Singer reflects briefly on his childhood and his early adult years before settling in to tell the story of how he and Annie met, fell in love, and struggled with the obstacles of modern romance, mixing surreal fantasy sequences with small moments of emotional drama.",96.0,RottenTomatoes
The Lost Weekend,1945,"Writer Don Birnam (Ray Milland) is on the wagon. Sober for only a few days, Don is supposed to be spending the weekend with his brother, Wick (Phillip Terry), but, eager for a drink, Don convinces his girlfriend (Jane Wyman) to take Wick to a show. Don, meanwhile, heads to his local bar and misses the train out of town. After recounting to the bartender (Howard da Silva) how he developed a drinking problem, Don goes on a weekend-long bender that just might prove to be his last.",98.0,RottenTomatoes
Beauty and the Beast,1946,"The story of a gentle-hearted beast in love with a simple and beautiful girl. She is drawn to the repellent but strangely fascinating Beast, who tests her fidelity by giving her a key, telling her that if she doesn't return it to him by a specific time, he will die of grief. She is unable to return the key on time, but it is revealed that the Beast is the genuinely handsome one. A simple tale of tragic love that turns into a surreal vision of death, desire, and beauty.",95.0,RottenTomatoes
Miracle on 34th Street,1947,"In this Christmas classic, an old man going by the name of Kris Kringle (Edmund Gwenn) fills in for an intoxicated Santa in Macy's annual Thanksgiving Day parade. Kringle proves to be such a hit that he is soon appearing regularly at the chain's main store in midtown Manhattan. When Kringle surprises customers and employees alike by claiming that he really is Santa Claus, it leads to a court case to determine his mental health and, more importantly, his authenticity.",96.0,RottenTomatoes
Only Yesterday,1991,A put-upon 27-year-old Japanese office worker travels to the countryside and reminisces about her childhood in Tokyo and what life could have been.,100.0,RottenTomatoes
Gentlemen Prefer Blondes,1953,"Lorelei Lee (Marilyn Monroe) is a beautiful showgirl engaged to be married to the wealthy Gus Esmond (Tommy Noonan), much to the disapproval of Gus' rich father, Esmond Sr., who thinks that Lorelei is just after his money. When Lorelei goes on a cruise accompanied only by her best friend, Dorothy Shaw (Jane Russell), Esmond Sr. hires Ernie Malone (Elliott Reid), a private detective, to follow her and report any questionable behavior that would disqualify her from the marriage.",98.0,RottenTomatoes
Sideways,2004,"Struggling writer and wine enthusiast Miles (Paul Giamatti) takes his engaged friend, Jack (Thomas Haden Church), on a trip to wine country for a last single-guy bonding experience. While Miles wants to relax and enjoy the wine, Jack is in search of a fling before his wedding. Soon Jack is sleeping with Stephanie (Sandra Oh), while her friend Maya (Virginia Madsen) connects with Miles. When Miles lets slip that Jack is getting married, both women are furious, sending the trip into disarray.",97.0,RottenTomatoes
Beauty and the Beast,1991,"An arrogant young prince (Robby Benson) and his castle's servants fall under the spell of a wicked enchantress, who turns him into the hideous Beast until he learns to love and be loved in return. The spirited, headstrong village girl Belle (Paige O'Hara) enters the Beast's castle after he imprisons her father Maurice (Rex Everhart). With the help of his enchanted servants, including the matronly Mrs. Potts (Angela Lansbury), Belle begins to draw the cold-hearted Beast out of his isolation.",94.0,RottenTomatoes
The Princess Bride,1987,"A fairy tale adventure about a beautiful young woman and her one true love. He must find her after a long separation and save her. They must battle the evils of the mythical kingdom of Florin to be reunited with each other. Based on the William Goldman novel ""The Princess Bride"" which earned its own loyal audience.",97.0,RottenTomatoes
Children of Paradise,1945,"In this expansive drama, the lovely and enigmatic Parisian actress Garance (Arletty) draws the attention of various men in her orbit, including the thoughtful mime Baptiste (Jean-Louis Barrault) and the ambitious actor Frédérick (Pierre Brasseur). Though Garance and Baptiste have an undeniable connection, their fortunes shift considerably, pushing them apart as well as bringing them back together, even as they pursue other relationships and lead separate lives.",98.0,RottenTomatoes
Three Colors: Red,1994,"Part-time model Valentine (Irène Jacob) meets a retired judge (Jean-Louis Trintignant) who lives in her neighborhood after she runs over his dog. At first the judge gifts Valentine with the dog, but her possessive boyfriend won't allow her to keep it. When she returns with the dog to the judge's house, she discovers him listening in on his neighbors' phone conversations. At first Valentine is outraged, but her debates with the judge over his behavior soon leads them to form a strange bond.",100.0,RottenTomatoes
Marty,1955,"This acclaimed romantic drama follows the life of Marty Piletti (Ernest Borgnine), a stout bachelor butcher who lives with his mother (Esther Minciotti) in the Bronx. Always unlucky in love, Marty reluctantly goes out to a ballroom one night and meets a nice teacher named Clara (Betsy Blair). Though Marty and Clara hit it off, his relatives discourage him from pursuing the relationship, and he must decide between his family's approval or a shot at finding romance.",98.0,RottenTomatoes
God's Own Country,2017,A young farmer numbs his frustrations with drinking and casual sex until a Romanian migrant worker sets him on a new path.,98.0,RottenTomatoes
Saint Frances,2019,"After an abortion, a deadbeat nanny finds friendship with the 6-year-old she's hired to watch.",99.0,RottenTomatoes
Bringing Up Baby,1938,"Harried paleontologist David Huxley (Cary Grant) has to make a good impression on society matron Mrs. Random (May Robson), who is considering donating one million dollars to his museum. On the day before his wedding, Huxley meets Mrs. Random's high-spirited young niece, Susan Vance (Katharine Hepburn), a madcap adventuress who immediately falls for the straitlaced scientist. The ever-growing chaos -- including a missing dinosaur bone and a pet leopard -- threatens to swallow him whole.",93.0,RottenTomatoes
Henry V,1989,"In this gritty screen adaptation of Shakespeare's play about the heroic and ruthless king, Henry V of England (Kenneth Branagh) determines to lay claim to the kingdom of France. Henry's self-doubt and the diminished morale of his army stand in the way of a victory that would unite the two countries and provide Henry with a queen (Emma Thompson). However, his sheer determination and his impassioned speeches ready his men for the bloodiest of battles -- Agincourt.",100.0,RottenTomatoes
Groundhog Day,1993,"Phil (Bill Murray), a weatherman, is out to cover the annual emergence of the groundhog from its hole. He gets caught in a blizzard that he didn't predict and finds himself trapped in a time warp. He is doomed to relive the same day over and over again until he gets it right.",96.0,RottenTomatoes
Sunrise,1927,"Bored with his wife (Janet Gaynor), their baby and the dull routine of farm life, a farmer (George O'Brien) falls under the spell of a flirtatious city girl (Margaret Livingston) who convinces him to drown his wife so they can escape together. When his wife becomes suspicious of his plan and runs away to the city, the farmer pursues her, slowly regaining her trust as the two rediscover their love for each other in this award-winning silent classic.",98.0,RottenTomatoes
The Hustler,1961,Story Fast Eddie Felsen (Paul Newman) and his adventures in the world of professional pool. Fast Eddie is a young hopeful on his way to challenging Minnesota Fats (Jackie Gleason) for his world title. When he starts getting feelings for a woman he gets into a dilemma.,98.0,RottenTomatoes
You Can't Take It With You,1938,"Sweet-natured Alice Sycamore (Jean Arthur) falls for banker's son Tony Kirby (James Stewart). But when she invites her snooty prospective in-laws to dinner to give their blessing to the marriage, Alice's peculiar extended family -- including philosophical grandfather Martin Vanderhof (Lionel Barrymore), hapless fledgling ballerina sister Essie (Ann Miller) and fireworks enthusiast father, Paul (Samuel S. Hinds) -- might be too eccentric for the staid Kirbys.",93.0,RottenTomatoes
Before Sunrise,1995,"On his way to Vienna, American Jesse (Ethan Hawke) meets Celine (Julie Delpy), a student returning to Paris. After long conversations forge a surprising connection between them, Jesse convinces Celine to get off the train with him in Vienna. Since his flight to the U.S. departs the next morning and he has no money for lodging, they wander the city together, taking in the experiences of Vienna and each other. As the night progresses, their bond makes separating in the morning a difficult choice.",100.0,RottenTomatoes
Cold War,2018,"Set against the backdrop of the 1950s Cold War in Poland, two people of differing backgrounds and temperaments begin an almost impossible romance.",92.0,RottenTomatoes
Your Name,2016,A teenage boy and girl embark on a quest to meet each other for the first time after they magically swap bodies.,98.0,RottenTomatoes
Slumdog Millionaire,2008,"As 18-year-old Jamal Malik (Dev Patel) answers questions on the Indian version of ""Who Wants to Be a Millionaire,"" flashbacks show how he got there. Part of a stable of young thieves after their mother dies, Jamal and his brother, Salim, survive on the streets of Mumbai. Salim finds the life of crime agreeable, but Jamal scrapes by with small jobs until landing a spot on the game show.",91.0,RottenTomatoes
Wings of Desire,1987,"Two angels, Damiel (Bruno Ganz) and Cassiel (Otto Sander), glide through the streets of Berlin, observing the bustling population, providing invisible rays of hope to the distressed but never interacting with them. When Damiel falls in love with lonely trapeze artist Marion (Solveig Dommartin), the angel longs to experience life in the physical world, and finds--with some words of wisdom from actor Peter Falk (playing himself) -- that it might be possible for him to take human form.",98.0,RottenTomatoes
To Catch a Thief,1955,"Notorious cat burglar John Robie (Cary Grant) has long since retired to tend vineyards on the French Riviera. When a series of robberies is committed in his style, John must clear his name. Armed with a list of people who own the most expensive jewels currently in the area, John begins following the first owner, young Francie (Grace Kelly). When her jewels are stolen, Francie suspects John, destroying their tentative romance. John goes on the lam to catch the thief and clear his own name.",96.0,RottenTomatoes
Enough Said,2013,"Eva (Julia Louis-Dreyfus), a divorced single parent, seems generally happy but dreads her daughter's departure for college. Unexpectedly, Eva begins a romance with Albert (James Gandolfini), a nice man with whom she has much in common. Meanwhile, Eva finds a new friend in Marianne (Catherine Keener), a poet who is just about perfect except for one thing: She constantly denigrates her ex-husband -- Albert. The more Eva hears, the more she doubts her relationship with him.",95.0,RottenTomatoes
The Apartment,1960,"Insurance worker C.C. Baxter (Jack Lemmon) lends his Upper West Side apartment to company bosses to use for extramarital affairs. When his manager Mr. Sheldrake (Fred MacMurray) begins using Baxter's apartment in exchange for promoting him, Baxter is disappointed to learn that Sheldrake's mistress is Fran Kubelik (Shirley MacLaine), the elevator girl at work whom Baxter is interested in himself. Soon Baxter must decide between the girl he loves and the advancement of his career.",93.0,RottenTomatoes
Bull Durham,1988,"In Durham, N.C., the Bulls minor league baseball team has one asset no other can claim: a poetry-loving groupie named Annie Savoy (Susan Sarandon). As the team's season begins, Annie selects brash new recruit Ebby Calvin Laloosh (Tim Robbins), whom she christens ""Nuke,"" to inspire with the religion of baseball. Nuke also receives guidance from veteran player Crash Davis (Kevin Costner), who settles Nuke's erratic pitching and teaches him to follow the catcher's lead.",97.0,RottenTomatoes
The Young Girls of Rochefort,1967,"Delphine (Catherine Deneuve) and Solange (Françoise Dorléac) are twin sisters who each want to find romance and leave their small seaside town of Rochefort, France. Soon they befriend a couple of visiting carnival workers who frequent their lonely mother's (Danielle Darrieux) café and hire the girls to sing in the carnival. Wanting a career as a songwriter, Solange falls for an American musician, Andy (Gene Kelly), while Delphine dumps her beau and searches Rochefort for her ideal man.",98.0,RottenTomatoes
"Crouching Tiger, Hidden Dragon",2000,"In 19th century Qing Dynasty China, a warrior (Chow Yun-Fat) gives his sword, Green Destiny, to his lover (Michelle Yeoh) to deliver to safe keeping, but it is stolen, and the chase is on to find it. The search leads to the House of Yu where the story takes on a whole different level.",97.0,RottenTomatoes
Atlantics,2019,"After the bodies of his friends feeling Senegal for Europe wash up on a shore, a young woman assumes that her missing lover is dead.",96.0,RottenTomatoes
Border,2018,"Customs officer Tina is known for her extraordinary sense of smell. It's almost as if she can sniff out the guilt on anyone hiding something. But when Vore, a suspicious-looking man, walks past her, her abilities are challenged for the first time ever. Tina can sense Vore is hiding something she can't identify. Even worse, she feels a strange attraction to him. As Tina develops a special bond with Vore and discovers his true identity, she also realizes the truth about herself.",97.0,RottenTomatoes
Titanic,1997,"James Cameron's ""Titanic"" is an epic, action-packed romance set against the ill-fated maiden voyage of the R.M.S. Titanic; the pride and joy of the White Star Line and, at the time, the largest moving object ever built. She was the most luxurious liner of her era -- the ""ship of dreams"" -- which ultimately carried over 1,500 people to their death in the ice cold waters of the North Atlantic in the early hours of April 15, 1912.",89.0,RottenTomatoes
Lost in Translation,2003,"A lonely, aging movie star named Bob Harris (Bill Murray) and a conflicted newlywed, Charlotte (Scarlett Johansson), meet in Tokyo. Bob is there to film a Japanese whiskey commercial; Charlotte is accompanying her celebrity-photographer husband. Strangers in a foreign land, the two find escape, distraction and understanding amidst the bright Tokyo lights after a chance meeting in the quiet lull of the hotel bar. They form a bond that is as unlikely as it is heartfelt and meaningful.",95.0,RottenTomatoes
Say Anything...,1989,"In a charming, critically acclaimed tale of first love, Lloyd (John Cusack), an eternal optimist, seeks to capture the heart of Diane (Ione Skye), an unattainable high-school beauty and straight-A student. It surprises just about everyone when she returns the sentiment. But Diane's overly possessive, divorced father (John Mahoney) doesn't approve and it will take more than the power of love to conquer all.",98.0,RottenTomatoes
Blue,1993,"Julie (Juliette Binoche) is haunted by her grief after living through a tragic auto wreck that claimed the life of her composer husband and young daughter. Her initial reaction is to withdraw from her relationships, lock herself in her apartment and suppress her pain. But avoiding human interactions on the bustling streets of Paris proves impossible, and she eventually meets up with Olivier (Benoît Régent), an old friend who harbors a secret love for her, and who could draw her back to reality.",98.0,RottenTomatoes
Elevator to the Gallows,1958,"Restless femme fatale Florence Carala (Jeanne Moreau) recruits her lover, Julien Tavernier (Maurice Ronet), to murder her wealthy husband, Simon (Jean Wall), in his office and make it appear like a suicide. Tavernier does the dirty deed eagerly, but becomes trapped in an elevator when he returns to remove a key piece of evidence he had accidentally left behind. Tavernier's unfortunate oversight sets into motion a dark ripple of events that bloodies the cold Paris night.",93.0,RottenTomatoes
The Lunchbox,2013,"Lonely housewife Ila (Nimrat Kaur) decides to try adding some spice to her stale marriage by preparing a special lunch for her neglectful husband. Unfortunately, the delivery goes astray and winds up in the hands of Saajan (Irrfan Khan), an irritable widower. Curious about her husband's lack of response, Ila adds a note to the next day's lunchbox, and thus begins an unusual friendship in which Saajan and Ila can talk about their joys and sorrows without ever meeting in person.",97.0,RottenTomatoes
A Girl Walks Home Alone at Night,2014,Residents of a worn-down Iranian city encounter a skateboarding vampire (Sheila Vand) who preys on men who disrespect women.,96.0,RottenTomatoes
Sense and Sensibility,1995,"When Elinor Dashwood's (Emma Thompson) father dies, her family's finances are crippled. After the Dashwoods move to a cottage in Devonshire, Elinor's sister Marianne (Kate Winslet) is torn between the handsome John Willoughby (Greg Wise) and the older Colonel Brandon (Alan Rickman). Meanwhile, Elinor's romantic hopes with Edward Ferrars (Hugh Grant) are hindered due to his prior engagement. Both Elinor and Marianne strive for love while the circumstances in their lives constantly change.",97.0,RottenTomatoes
The Half of It,2020,"A shy, introverted student helps the school jock woo a girl whom, secretly, they both want.",97.0,RottenTomatoes
West Side Story,1961,"A musical in which a modern day Romeo and Juliet are involved in New York street gangs. On the harsh streets of the upper west side, two gangs battle for control of the turf. The situation becomes complicated when a gang members falls in love with a rival's sister.",92.0,RottenTomatoes
My Beautiful Laundrette,1985,"In a seedy corner of London, Omar (Gordon Warnecke), a young Pakistani, is given a run-down laundromat by his uncle (Saeed Jaffrey), who hopes to turn it into a successful business. Soon after, Omar is attacked by a group of racist punks, but defuses the situation when he realizes their leader is his former lover, Johnny (Daniel Day-Lewis). The men resume their relationship and rehabilitate the laundromat together, but various social forces threaten to compromise their success.",98.0,RottenTomatoes
From Here to Eternity,1953,"At an Army barracks in Hawaii in the days preceding the attack on Pearl Harbor, lone-wolf soldier and boxing champion ""Prew"" Prewitt (Montgomery Clift) refuses to box, preferring to play the bugle instead. Hard-hearted Capt. Holmes (Philip Ober) subjects Prew to a grueling series of punishments while, unknown to Holmes, the gruff but fair Sgt. Warden (Burt Lancaster) engages in a clandestine affair with the captain's mistreated wife (Deborah Kerr).",92.0,RottenTomatoes
Foreign Correspondent,1940,"Crime reporter John Jones (Joel McCrea) is turning in nothing but dull copy. His editor, unhappy with his work, hopes a change of scenery will be the thing Jones needs to get back on track. Re-assigned to Europe as a foreign correspondent, Jones is very much out of his element. When he stumbles on a spy ring, he feels ill-equipped to unravel the truth alone and he seeks help from a beautiful politician's daughter (Laraine Day) and an urbane English journalist (George Sanders).",95.0,RottenTomatoes
Four Weddings and a Funeral,1994,"Lovable Englishman Charles (Hugh Grant) and his group of friends seem to be unlucky in love. When Charles meets a beautiful American named Carrie (Andie MacDowell) at a wedding, he thinks his luck may have changed. But, after one magical night, Carrie returns to the States, ending what might have been. As Charles and Carrie's paths continue to cross -- over a handful of nuptials and one funeral -- he comes to believe they are meant to be together, even if their timing always seems to be off.",96.0,RottenTomatoes
Shakespeare in Love,1998,"""Shakespeare in Love"" is a romantic comedy for the 1990s set in the 1590s. It imaginatively unfolds the witty, sexy and timeless tale behind the creation of the greatest love story ever told. A young Shakespeare (Joseph Fiennes) is out of cash and ideas, he meets his ideal woman and she inspires him to write one of his most famous plays.",92.0,RottenTomatoes
Midnight in Paris,2011,"Gil Pender (Owen Wilson) is a screenwriter and aspiring novelist. Vacationing in Paris with his fiancee (Rachel McAdams), he has taken to touring the city alone. On one such late-night excursion, Gil encounters a group of strange -- yet familiar -- revelers, who sweep him along, apparently back in time, for a night with some of the Jazz Age's icons of art and literature. The more time Gil spends with these cultural heroes of the past, the more dissatisfied he becomes with the present.",93.0,RottenTomatoes
Manhattan,1979,"Director Woody Allen's love letter to New York City stars Allen as frustrated television writer Isaac Davis, a twice-divorced malcontent facing middle age alone after his wife, Jill (Meryl Streep), leaves him for a woman. Isaac is dating fresh-faced Tracy (Mariel Hemingway), a high school girl he knows is wrong for him, and begins to wonder if he and brainy writer Mary (Diane Keaton), the mistress of his best friend, Yale (Michael Murphy), might make a better couple.",94.0,RottenTomatoes
Gilda,1946,"Johnny Farrell (Glenn Ford) is a small-time American gambler, newly arrived in Buenos Aires, Argentina. When he is caught cheating at a game of blackjack, Farrell manages to talk his way into a job with the casino's owner, the powerful Ballin Mundson (George Macready). The two form an uneasy partnership based off their mutual lack of scruples until Mundson introduces Farrell to his beautiful new wife, Gilda (Rita Hayworth), who just happens to be Farrell's ex-lover.",90.0,RottenTomatoes
Masculine-Feminine,1966,"Paul (Jean-Pierre Léaud), a young idealist trying to figure out what he wants to do with his life, takes a job interviewing people for a marketing research firm. He moves in with aspiring pop singer Madeleine (Chantal Goya), and their affair often involves her two sexy roommates. Paul, however, is disillusioned by the growing commercialism in society, while Madeleine just wants to be successful. The story is told in a series of 15 unrelated vignettes.",95.0,RottenTomatoes
Up in the Air,2009,"An idea from a young, new co-worker (Anna Kendrick) would put an end to the constant travel of corporate downsizer Ryan Bingham (George Clooney), so he takes her on a tour to demonstrate the importance of face-to-face meetings with those they must fire. While mentoring his colleague, he arranges hookups with another frequent-flier (Vera Farmiga), and his developing feelings for the woman prompt him to see others in a new light.",90.0,RottenTomatoes
Gloria Bell,2018,"A free-spirited divorcee spends her nights on the dance floor, joyfully letting loose at clubs around Los Angeles. She soon finds herself thrust into an unexpected new romance, filled with the joys of budding love and the complications of dating.",91.0,RottenTomatoes
Dave,1993,"Shifty White House chief of staff Bob Alexander (Frank Langella) hatches a scheme to use a double for the president (Kevin Kline) at a public photo opportunity. Small business owner Dave Kovic (Kline) fits the bill, but after the president suffers a debilitating stroke, opportunist Alexander arranges for Dave to step in full time without even informing the First Lady (Sigourney Weaver). It doesn't take long before the press, the nation and the president's wife realize something is different.",95.0,RottenTomatoes
Enchanted,2007,"Banished by an evil queen, Princess Giselle (Amy Adams) from a fairy-tale world lands in modern Manhattan, where music, magic and ""happily ever after"" are sorely lacking. She is adrift in this strange new place until a divorce lawyer (Patrick Dempsey) comes to her aid. Giselle begins to fall for her flawed benefactor, but the storybook romance gets complicated when a prince from her world comes to rescue her.",93.0,RottenTomatoes
Eternal Sunshine of the Spotless Mind,2004,"After a painful breakup, Clementine (Kate Winslet) undergoes a procedure to erase memories of her former boyfriend Joel (Jim Carrey) from her mind. When Joel discovers that Clementine is going to extremes to forget their relationship, he undergoes the same procedure and slowly begins to forget the woman that he loved. Directed by former music video director Michel Gondry, the visually arresting film explores the intricacy of relationships and the pain of loss.",92.0,RottenTomatoes
The Town,2010,"Doug MacRay (Ben Affleck) leads a band of ruthless bank robbers and has no real attachments except for James (Jeremy Renner), who -- despite his dangerous temper -- is like a brother. Everything changes for Doug when James briefly takes a hostage, bank employee Claire Keesey. Learning that she lives in the gang's neighborhood, Doug seeks her out to discover what she knows, and he falls in love. As the romance deepens, he wants out of his criminal life, but that could threaten Claire.",92.0,RottenTomatoes
A Summer's Tale,1996,"Before beginning a new job, Gaspard (Melvil Poupaud) goes to a beach town to relax for a few weeks. He waits for Lena (Aurelia Nolin), a girl he has been casually dating for some time. When she does not arrive, he strikes up a friendship with waitress Margot (Amanda Langlet). Through her, Gaspard also meets Solene (Gwenaëlle Simon), a free spirit open to a physical relationship if he agrees to be faithful. As Gaspard spends time with each, he finds his feelings even further conflicted.",98.0,RottenTomatoes
Moonstruck,1987,"No sooner does Italian-American widow Loretta (Cher) accept a marriage proposal from her doltish boyfriend, Johnny (Danny Aiello), than she finds herself falling for his younger brother, Ronny (Nicolas Cage). She tries to resist, but Ronny lost his hand in an accident he blames on his brother, and has no scruples about aggressively pursuing her while Johnny is out of the country. As Loretta falls deeper in love, she comes to learn that she's not the only one in her family with a secret romance.",94.0,RottenTomatoes
Before Sunset,2004,"A sequel to ""Before Sunrise,"" this film starts nine years later as Jesse (Ethan Hawke) travels across Europe giving readings from a book he wrote about the night he spent in Vienna with Celine (Julie Delpy). After his reading in Paris, Celine finds him, and they spend part of the day together before Jesse has to again leave for a flight. They are both in relationships now, and Jesse has a son, but as their strong feelings for each other start to return, both confess a longing for more.",94.0,RottenTomatoes
Big Night,1996,"Chef Primo (Tony Shalhoub) and businessman Secondo (Stanley Tucci) are immigrant brothers from Italy who open their dream restaurant, Paradise, in New Jersey. However, Primo's authentic food is too unfamiliar for the local tastes, and the restaurant is struggling. When famous Italian-American bandleader Louis Prima is scheduled to appear at Paradise, the two brothers put all of their efforts into the important meal, which will likely decide the fate of their restaurant.",96.0,RottenTomatoes
Howards End,1992,"Helen Schlegel falls for Paul Wilcox, but is rebuffed. Her sister Margaret becomes friends with his mother, who promises her the family house, Howards End. Unfortunately, after her death, the will disappears and it appears the inheritance will disappear. Until the widower, Henry Wilcox, becomes attracted to Margaret.",94.0,RottenTomatoes
Shithouse,2020,A lonely college freshman forges a strong connection with his resident assistant during a fraternity party.,97.0,RottenTomatoes
Giant,1956,"Wealthy Texas rancher Bick Benedict (Rock Hudson) shakes things up at home when he returns from a trip to the East Coast with a love interest, the refined Leslie Lynnton (Elizabeth Taylor). Bick and Leslie get married, but she clashes with his sister, Luz (Mercedes McCambridge), and wins the admiration of the ambitious young Jett Rink (James Dean). Bick and Jett form a tense rivalry that continues to surface as the years pass and fortunes change in this sweeping drama.",93.0,RottenTomatoes
The Crying Game,1992,"Irish Republican Army member Fergus (Stephen Rea) forms an unexpected bond with Jody (Forest Whitaker), a kidnapped British soldier in his custody, despite the warnings of fellow IRA members Jude (Miranda Richardson) and Maguire (Adrian Dunbar). Jody makes Fergus promise he'll visit his girlfriend, Dil (Jaye Davidson), in London, and when Fergus flees to the city, he seeks her out. Hounded by his former IRA colleagues, he finds himself increasingly drawn to the enigmatic, and surprising, Dil.",94.0,RottenTomatoes
Daughters of the Dust,1991,"At the dawn of the 20th century, a family in the Gullah community of coastal South Carolina -- former West African slaves who adopted many of their ancestors' Yoruba traditions -- suffers a generational split. Young Haagar (Kaycee Moore) wants to move to the mainland away from tradition-bound matriarch Nana (Cora Lee Day). Former prostitute Yellow Mary (Barbara-O) gets a cold shoulder when she returns to the island with her female lover, especially from her sister Viola (Cheryl Lynn Bruce).",93.0,RottenTomatoes
The Quiet Man,1952,"After accidentally killing an opponent in the ring, boxer Sean Thornton (John Wayne) leaves America and returns to his native Ireland, hoping buy his family's homestead and live in peace. In doing so, he runs afoul of Will Danaher (Victor McLaglen), who long coveted the property. Spitefully, Will objects when his fiery sister, Mary Kate (Maureen O'Hara), begins a romance with Sean, and refuses to hand over her dowry. Mary Kate refuses to consummate the marriage until Sean retrieves the money.",91.0,RottenTomatoes
The Little Mermaid,1989,"In Disney's beguiling animated romp, rebellious 16-year-old mermaid Ariel (Jodi Benson) is fascinated with life on land. On one of her visits to the surface, which are forbidden by her controlling father, King Triton, she falls for a human prince. Determined to be with her new love, Ariel makes a dangerous deal with the sea witch Ursula (Pat Carroll) to become human for three days. But when plans go awry for the star-crossed lovers, the king must make the ultimate sacrifice for his daughter.",93.0,RottenTomatoes
About a Boy,2002,"A comedy-drama starring Hugh Grant as Will, a rich, child-free and irresponsible Londoner in his thirties who, in search of available women, invents an imaginary son and starts attending single parent meetings. As a result of one of his liaisons, he meets Marcus, an odd 12-year-old boy with problems at school. Gradually, Will and Marcus become friends, and as Will teaches Marcus how to be a cool kid, Marcus helps Will to finally grow up.",93.0,RottenTomatoes
To All the Boys I've Loved Before,2018,A teenage girl's love letters are exposed and wreak havoc on her life.,96.0,RottenTomatoes
Monsoon Wedding,2001,"The exuberant ensemble comedy unites a Punjabi family for the wedding of a family member. Relatives from all over the world descend on Delhi for the wedding ceremony. Universal in theme, the film explores the bonds that unite families in touching, dramatic, and comedic ways.",95.0,RottenTomatoes
Revanche,2008,"In a desperate attempt to improve life for his prostitute girlfriend, Tamara (Irina Potapenko), ex-con Alex (Johannes Krisch) returns to a life of crime and robs a bank. Escaping the scene, Alex takes refuge at a nearby farm belonging to his grandfather (Hannes Thanheiser) and struggles to blend in with the locals. After befriending new neighbor Susanne (Ursula Strauss), Alex is startled to discover that her husband, Robert (Andreas Lust), is a police officer.",96.0,RottenTomatoes
Black Panther,2018,"After the death of his father, T'Challa returns home to the African nation of Wakanda to take his rightful place as king. When a powerful enemy suddenly reappears, T'Challa's mettle as king -- and as Black Panther -- gets tested when he's drawn into a conflict that puts the fate of Wakanda and the entire world at risk. Faced with treachery and danger, the young king must rally his allies and release the full power of Black Panther to defeat his foes and secure the safety of his people.",96.0,RottenTomatoes
Avengers: Endgame,2019,"Adrift in space with no food or water, Tony Stark sends a message to Pepper Potts as his oxygen supply starts to dwindle. Meanwhile, the remaining Avengers -- Thor, Black Widow, Captain America and Bruce Banner -- must figure out a way to bring back their vanquished allies for an epic showdown with Thanos -- the evil demigod who decimated the planet and the universe.",94.0,RottenTomatoes
Toy Story 4,2019,"Woody, Buzz Lightyear and the rest of the gang embark on a road trip with Bonnie and a new toy named Forky. The adventurous journey turns into an unexpected reunion as Woody's slight detour leads him to his long-lost friend Bo Peep. As Woody and Bo discuss the old days, they soon start to realize that they're worlds apart when it comes to what they want from life as a toy.",97.0,RottenTomatoes
The Wizard of Oz,1939,"When a tornado rips through Kansas, Dorothy (Judy Garland) and her dog, Toto, are whisked away in their house to the magical land of Oz. They follow the Yellow Brick Road toward the Emerald City to meet the Wizard, and en route they meet a Scarecrow (Ray Bolger) that needs a brain, a Tin Man (Jack Haley) missing a heart, and a Cowardly Lion (Bert Lahr) who wants courage. The wizard asks the group to bring him the broom of the Wicked Witch of the West (Margaret Hamilton) to earn his help.",98.0,RottenTomatoes
Mad Max: Fury Road,2015,"Years after the collapse of civilization, the tyrannical Immortan Joe enslaves apocalypse survivors inside the desert fortress the Citadel. When the warrior Imperator Furiosa (Charlize Theron) leads the despot's five wives in a daring escape, she forges an alliance with Max Rockatansky (Tom Hardy), a loner and former captive. Fortified in the massive, armored truck the War Rig, they try to outrun the ruthless warlord and his henchmen in a deadly high-speed chase through the Wasteland.",97.0,RottenTomatoes
Spider-Man: Into the Spider-Verse,2018,"Bitten by a radioactive spider in the subway, Brooklyn teenager Miles Morales suddenly develops mysterious powers that transform him into the one and only Spider-Man. When he meets Peter Parker, he soon realizes that there are many others who share his special, high-flying talents. Miles must now use his newfound skills to battle the evil Kingpin, a hulking madman who can open portals to other universes and pull different versions of Spider-Man into our world.",97.0,RottenTomatoes
Wonder Woman,2017,"Before she was Wonder Woman (Gal Gadot), she was Diana, princess of the Amazons, trained to be an unconquerable warrior. Raised on a sheltered island paradise, Diana meets an American pilot (Chris Pine) who tells her about the massive conflict that's raging in the outside world. Convinced that she can stop the threat, Diana leaves her home for the first time. Fighting alongside men in a war to end all wars, she finally discovers her full powers and true destiny.",93.0,RottenTomatoes
The Shape of Water,2017,"Elisa is a mute, isolated woman who works as a cleaning lady in a hidden, high-security government laboratory in 1962 Baltimore. Her life changes forever when she discovers the lab's classified secret -- a mysterious, scaled creature from South America that lives in a water tank. As Elisa develops a unique bond with her new friend, she soon learns that its fate and very survival lies in the hands of a hostile government agent and a marine biologist.",92.0,RottenTomatoes
Thor: Ragnarok,2017,"Imprisoned on the other side of the universe, the mighty Thor finds himself in a deadly gladiatorial contest that pits him against the Hulk, his former ally and fellow Avenger. Thor's quest for survival leads him in a race against time to prevent the all-powerful Hela from destroying his home world and the Asgardian civilization.",93.0,RottenTomatoes
Arrival,2016,"Linguistics professor Louise Banks (Amy Adams) leads an elite team of investigators when gigantic spaceships touch down in 12 locations around the world. As nations teeter on the verge of global war, Banks and her crew must race against time to find a way to communicate with the extraterrestrial visitors. Hoping to unravel the mystery, she takes a chance that could threaten her life and quite possibly all of mankind.",94.0,RottenTomatoes
Logan,2017,"In the near future, a weary Logan (Hugh Jackman) cares for an ailing Professor X (Patrick Stewart) at a remote outpost on the Mexican border. His plan to hide from the outside world gets upended when he meets a young mutant (Dafne Keen) who is very much like him. Logan must now protect the girl and battle the dark forces that want to capture her.",93.0,RottenTomatoes
E.T. the Extra-Terrestrial,1982,"After a gentle alien becomes stranded on Earth, the being is discovered and befriended by a young boy named Elliott (Henry Thomas). Bringing the extraterrestrial into his suburban California house, Elliott introduces E.T., as the alien is dubbed, to his brother and his little sister, Gertie (Drew Barrymore), and the children decide to keep its existence a secret. Soon, however, E.T. falls ill, resulting in government intervention and a dire situation for both Elliott and the alien.",98.0,RottenTomatoes
Snow White and the Seven Dwarfs,1937,"The Grimm fairy tale gets a Technicolor treatment in Disney's first animated feature. Jealous of Snow White's beauty, the wicked queen orders the murder of her innocent stepdaughter, but later discovers that Snow White is still alive and hiding in a cottage with seven friendly little miners. Disguising herself as a hag, the queen brings a poisoned apple to Snow White, who falls into a death-like sleep that can be broken only by a kiss from the prince.",98.0,RottenTomatoes
Star Wars: The Last Jedi,2017,"Luke Skywalker's peaceful and solitary existence gets upended when he encounters Rey, a young woman who shows strong signs of the Force. Her desire to learn the ways of the Jedi forces Luke to make a decision that changes their lives forever. Meanwhile, Kylo Ren and General Hux lead the First Order in an all-out assault against Leia and the Resistance for supremacy of the galaxy.",90.0,RottenTomatoes
Star Wars: The Force Awakens,2015,"Thirty years after the defeat of the Galactic Empire, the galaxy faces a new threat from the evil Kylo Ren (Adam Driver) and the First Order. When a defector named Finn crash-lands on a desert planet, he meets Rey (Daisy Ridley), a tough scavenger whose droid contains a top-secret map. Together, the young duo joins forces with Han Solo (Harrison Ford) to make sure the Resistance receives the intelligence concerning the whereabouts of Luke Skywalker (Mark Hamill), the last of the Jedi Knights.",93.0,RottenTomatoes
Nosferatu,1922,"In this highly influential silent horror film, the mysterious Count Orlok (Max Schreck) summons Thomas Hutter (Gustav von Wangenheim) to his remote Transylvanian castle in the mountains. The eerie Orlok seeks to buy a house near Hutter and his wife, Ellen (Greta Schroeder). After Orlok reveals his vampire nature, Hutter struggles to escape the castle, knowing that Ellen is in grave danger. Meanwhile Orlok's servant, Knock (Alexander Granach), prepares for his master to arrive at his new home.",97.0,RottenTomatoes
Spider-Man: Far From Home,2019,"Peter Parker's relaxing European vacation takes an unexpected turn when Nick Fury shows up in his hotel room to recruit him for a mission. The world is in danger as four massive elemental creatures -- each representing Earth, air, water and fire -- emerge from a hole torn in the universe. Parker soon finds himself donning the Spider-Man suit to help Fury and fellow superhero Mysterio stop the evil entities from wreaking havoc across the continent.",90.0,RottenTomatoes
Alien,1979,"In deep space, the crew of the commercial starship Nostromo is awakened from their cryo-sleep capsules halfway through their journey home to investigate a distress call from an alien vessel. The terror begins when the crew encounters a nest of eggs inside the alien ship. An organism from inside an egg leaps out and attaches itself to one of the crew, causing him to fall into a coma.",98.0,RottenTomatoes
Gravity,2013,"Dr. Ryan Stone (Sandra Bullock) is a medical engineer on her first shuttle mission. Her commander is veteran astronaut Matt Kowalsky (George Clooney), helming his last flight before retirement. Then, during a routine space walk by the pair, disaster strikes: The shuttle is destroyed, leaving Ryan and Matt stranded in deep space with no link to Earth and no hope of rescue. As fear turns to panic, they realize that the only way home may be to venture further into space.",95.0,RottenTomatoes
War for the Planet of the Apes,2017,"Caesar (Andy Serkis) and his apes are forced into a deadly conflict with an army of humans led by a ruthless colonel (Woody Harrelson). After the apes suffer unimaginable losses, Caesar wrestles with his darker instincts and begins his own mythic quest to avenge his kind. As the journey finally brings them face to face, Caesar and the colonel are pitted against each other in an epic battle that will determine the fate of both of their species and the future of the planet.",94.0,RottenTomatoes
The Invisible Man,2020,"After staging his own suicide, a crazed scientist uses his power to become invisible to stalk and terrorize his ex-girlfriend. When the police refuse to believe her story, she decides to take matters into her own hands and fight back.",91.0,RottenTomatoes
Spider-Man: Homecoming,2017,"Thrilled by his experience with the Avengers, young Peter Parker returns home to live with his Aunt May. Under the watchful eye of mentor Tony Stark, Parker starts to embrace his newfound identity as Spider-Man. He also tries to return to his normal daily routine -- distracted by thoughts of proving himself to be more than just a friendly neighborhood superhero. Peter must soon put his powers to the test when the evil Vulture emerges to threaten everything that he holds dear.",92.0,RottenTomatoes
Metropolis,1927,"This influential German science-fiction film presents a highly stylized futuristic city where a beautiful and cultured utopia exists above a bleak underworld populated by mistreated workers. When the privileged youth Freder (Gustav Fröhlich) discovers the grim scene under the city, he becomes intent on helping the workers. He befriends the rebellious teacher Maria (Brigitte Helm), but this puts him at odds with his authoritative father, leading to greater conflict.",97.0,RottenTomatoes
Shazam!,2019,"We all have a superhero inside of us -- it just takes a bit of magic to bring it out. In 14-year-old Billy Batson's case, all he needs to do is shout out one word to transform into the adult superhero Shazam. Still a kid at heart, Shazam revels in the new version of himself by doing what any other teen would do -- have fun while testing out his newfound powers. But he'll need to master them quickly before the evil Dr. Thaddeus Sivana can get his hands on Shazam's magical abilities.",90.0,RottenTomatoes
The Dark Knight,2008,"With the help of allies Lt. Jim Gordon (Gary Oldman) and DA Harvey Dent (Aaron Eckhart), Batman (Christian Bale) has been able to keep a tight lid on crime in Gotham City. But when a vile young criminal calling himself the Joker (Heath Ledger) suddenly throws the town into chaos, the caped Crusader begins to tread a fine line between heroism and vigilantism.",94.0,RottenTomatoes
Bride of Frankenstein,1935,"After recovering from injuries sustained in the mob attack upon himself and his creation, Dr. Frankenstein (Colin Clive) falls under the control of his former mentor, Dr. Pretorius (Ernest Thesiger), who insists the now-chastened doctor resume his experiments in creating new life. Meanwhile, the Monster (Boris Karloff) remains on the run from those who wish to destroy him without understanding that his intentions are generally good despite his lack of socialization and self-control.",98.0,RottenTomatoes
Pinocchio,1940,"When the woodworker Geppetto (Christian Rub) sees a falling star, he wishes that the puppet he just finished, Pinocchio (Dickie Jones), could become a real boy. In the night, the Blue Fairy (Evelyn Venable) grants Geppetto's wish and asks Jiminy Cricket (Cliff Edwards) to serve as the wooden boy's conscience. But the naive and trusting Pinocchio falls into the clutches of the wicked Honest John (Walter Catlett), who leads him astray to the sinful Pleasure Island.",100.0,RottenTomatoes
Dr. Strangelove Or: How I Learned to Stop Worrying and Love the Bomb,1964,"A film about what could happen if the wrong person pushed the wrong button -- and it played the situation for laughs. U.S. Air Force General Jack Ripper goes completely insane, and sends his bomber wing to destroy the U.S.S.R. He thinks that the communists are conspiring to pollute the ""precious bodily fluids"" of the American people.",98.0,RottenTomatoes
Blade Runner 2049,2017,"Officer K (Ryan Gosling), a new blade runner for the Los Angeles Police Department, unearths a long-buried secret that has the potential to plunge what's left of society into chaos. His discovery leads him on a quest to find Rick Deckard (Harrison Ford), a former blade runner who's been missing for 30 years.",88.0,RottenTomatoes
Captain America: Civil War,2016,"Political pressure mounts to install a system of accountability when the actions of the Avengers lead to collateral damage. The new status quo deeply divides members of the team. Captain America (Chris Evans) believes superheroes should remain free to defend humanity without government interference. Iron Man (Robert Downey Jr.) sharply disagrees and supports oversight. As the debate escalates into an all-out feud, Black Widow (Scarlett Johansson) and Hawkeye (Jeremy Renner) must pick a side.",90.0,RottenTomatoes
Harry Potter and the Deathly Hallows: Part 2,2011,"A clash between good and evil awaits as young Harry (Daniel Radcliffe), Ron (Rupert Grint) and Hermione (Emma Watson) prepare for a final battle against Lord Voldemort (Ralph Fiennes). Harry has grown into a steely lad on a mission to rid the world of evil. The friends must search for the Horcruxes that keep the dastardly wizard immortal. Harry and Voldemort meet at Hogwarts Castle for an epic showdown where the forces of darkness may finally meet their match.",96.0,RottenTomatoes
Frankenstein,1931,"This iconic horror film follows the obsessed scientist Dr. Henry Frankenstein (Colin Clive) as he attempts to create life by assembling a creature from body parts of the deceased. Aided by his loyal misshapen assistant, Fritz (Dwight Frye), Frankenstein succeeds in animating his monster (Boris Karloff), but, confused and traumatized, it escapes into the countryside and begins to wreak havoc. Frankenstein searches for the elusive being, and eventually must confront his tormented creation.",100.0,RottenTomatoes
The Lighthouse,2019,Two lighthouse keepers try to maintain their sanity while living on a remote and mysterious New England island in the 1890s.,90.0,RottenTomatoes
It's a Wonderful Life,1946,"After George Bailey (James Stewart) wishes he had never been born, an angel (Henry Travers) is sent to earth to make George's wish come true. George starts to realize how many lives he has changed and impacted, and how they would be different if he was never there.",94.0,RottenTomatoes
Sorry to Bother You,2018,"In an alternate reality of present-day Oakland, Calif., telemarketer Cassius Green finds himself in a macabre universe after he discovers a magical key that leads to material glory. As Green's career begins to take off, his friends and co-workers organize a protest against corporate oppression. Cassius soon falls under the spell of Steve Lift, a cocaine-snorting CEO who offers him a salary beyond his wildest dreams.",93.0,RottenTomatoes
Star Trek,2009,"Aboard the USS Enterprise, the most-sophisticated starship ever built, a novice crew embarks on its maiden voyage. Their path takes them on a collision course with Nero (Eric Bana), a Romulan commander whose mission of vengeance threatens all mankind. If humanity would survive, a rebellious young officer named James T. Kirk (Chris Pine) and a coolly logical Vulcan named Spock (Zachary Quinto) must move beyond their rivalry and find a way to defeat Nero before it is too late.",94.0,RottenTomatoes
The Martian,2015,"When astronauts blast off from the planet Mars, they leave behind Mark Watney (Matt Damon), presumed dead after a fierce storm. With only a meager amount of supplies, the stranded visitor must utilize his wits and spirit to find a way to survive on the hostile planet. Meanwhile, back on Earth, members of NASA and a team of international scientists work tirelessly to bring him home, while his crew mates hatch their own plan for a daring rescue mission.",91.0,RottenTomatoes
Avengers: Infinity War,2018,"Iron Man, Thor, the Hulk and the rest of the Avengers unite to battle their most powerful enemy yet -- the evil Thanos. On a mission to collect all six Infinity Stones, Thanos plans to use the artifacts to inflict his twisted will on reality. The fate of the planet and existence itself has never been more uncertain as everything the Avengers have fought for has led up to this moment.",85.0,RottenTomatoes
Ant-Man and The Wasp,2018,"Scott Lang is grappling with the consequences of his choices as both a superhero and a father. Approached by Hope van Dyne and Dr. Hank Pym, Lang must once again don the Ant-Man suit and fight alongside the Wasp. The urgent mission soon leads to secret revelations from the past as the dynamic duo finds itself in an epic battle against a powerful new enemy.",87.0,RottenTomatoes
Star Wars,1977,"The Imperial Forces -- under orders from cruel Darth Vader (David Prowse) -- hold Princess Leia (Carrie Fisher) hostage, in their efforts to quell the rebellion against the Galactic Empire. Luke Skywalker (Mark Hamill) and Han Solo (Harrison Ford), captain of the Millennium Falcon, work together with the companionable droid duo R2-D2 (Kenny Baker) and C-3PO (Anthony Daniels) to rescue the beautiful princess, help the Rebel Alliance, and restore freedom and justice to the Galaxy.",92.0,RottenTomatoes
Invasion of the Body Snatchers,1956,"In Santa Mira, California, Dr. Miles Bennell (Kevin McCarthy) is baffled when all his patients come to him with the same complaint: their loved ones seem to have been replaced by emotionless impostors. Despite others' dismissive denials, Dr. Bennell, his former girlfriend Becky (Dana Wynter) and his friend Jack (King Donovan) soon discover that the patients' suspicions are true: an alien species of human duplicates, grown from plant-like pods, is taking over the small town.",98.0,RottenTomatoes
Guardians of the Galaxy,2014,"Brash space adventurer Peter Quill (Chris Pratt) finds himself the quarry of relentless bounty hunters after he steals an orb coveted by Ronan, a powerful villain. To evade Ronan, Quill is forced into an uneasy truce with four disparate misfits: gun-toting Rocket Raccoon, treelike-humanoid Groot, enigmatic Gamora, and vengeance-driven Drax the Destroyer. But when he discovers the orb's true power and the cosmic threat it poses, Quill must rally his ragtag group to save the universe.",92.0,RottenTomatoes
Kubo and the Two Strings,2016,"Young Kubo's (Art Parkinson) peaceful existence comes crashing down when he accidentally summons a vengeful spirit from the past. Now on the run, Kubo joins forces with Monkey (Charlize Theron) and Beetle (Matthew McConaughey) to unlock a secret legacy. Armed with a magical instrument, Kubo must battle the Moon King (Ralph Fiennes) and other gods and monsters to save his family and solve the mystery of his fallen father, the greatest samurai warrior the world has ever known.",97.0,RottenTomatoes
How to Train Your Dragon,2010,"Hiccup (Jay Baruchel) is a Norse teenager from the island of Berk, where fighting dragons is a way of life. His progressive views and weird sense of humor make him a misfit, despite the fact that his father (Gerard Butler) is chief of the clan. Tossed into dragon-fighting school, he endeavors to prove himself as a true Viking, but when he befriends an injured dragon he names Toothless, he has the chance to plot a new course for his people's future.",99.0,RottenTomatoes
Her,2013,"A sensitive and soulful man earns a living by writing personal letters for other people. Left heartbroken after his marriage ends, Theodore (Joaquin Phoenix) becomes fascinated with a new operating system which reportedly develops into an intuitive and unique entity in its own right. He starts the program and meets ""Samantha"" (Scarlett Johansson), whose bright voice reveals a sensitive, playful personality. Though ""friends"" initially, the relationship soon deepens into love.",94.0,RottenTomatoes
WALL-E,2008,"WALL-E, short for Waste Allocation Load Lifter Earth-class, is the last robot left on Earth. He spends his days tidying up the planet, one piece of garbage at a time. But during 700 years, WALL-E has developed a personality, and he's more than a little lonely. Then he spots EVE (Elissa Knight), a sleek and shapely probe sent back to Earth on a scanning mission. Smitten WALL-E embarks on his greatest adventure yet when he follows EVE across the galaxy.",95.0,RottenTomatoes
Marvel's the Avengers,2012,"When Thor's evil brother, Loki (Tom Hiddleston), gains access to the unlimited power of the energy cube called the Tesseract, Nick Fury (Samuel L. Jackson), director of S.H.I.E.L.D., initiates a superhero recruitment effort to defeat the unprecedented threat to Earth. Joining Fury's ""dream team"" are Iron Man (Robert Downey Jr.), Captain America (Chris Evans), the Hulk (Mark Ruffalo), Thor (Chris Hemsworth), the Black Widow (Scarlett Johansson) and Hawkeye (Jeremy Renner).",91.0,RottenTomatoes
Iron Man,2008,"A billionaire industrialist and genius inventor, Tony Stark (Robert Downey Jr.), is conducting weapons tests overseas, but terrorists kidnap him to force him to build a devastating weapon. Instead, he builds an armored suit and upends his captors. Returning to America, Stark refines the suit and uses it to combat crime and terrorism.",94.0,RottenTomatoes
The Terminator,1984,"Disguised as a human, a cyborg assassin known as a Terminator (Arnold Schwarzenegger) travels from 2029 to 1984 to kill Sarah Connor (Linda Hamilton). Sent to protect Sarah is Kyle Reese (Michael Biehn), who divulges the coming of Skynet, an artificial intelligence system that will spark a nuclear holocaust. Sarah is targeted because Skynet knows that her unborn son will lead the fight against them. With the virtually unstoppable Terminator in hot pursuit, she and Kyle attempt to escape.",100.0,RottenTomatoes
Dumbo,1941,"A young circus elephant is born with comically large ears and given the cruel nickname Dumbo. One day at a show, he is taunted by a group of kids, inciting his mother into a rage that gets her locked up. After Dumbo's ears cause an accident that injures many of the other elephants, he is made to dress like a clown and perform dangerous stunts. Everything changes when Dumbo discovers that his enormous ears actually allow him to fly, and he astounds everyone at the circus with his new talent.",98.0,RottenTomatoes
The Discreet Charm of the Bourgeoisie,1972,"The ambassador of the Latin American republic of Miranda (Fernando Rey), M. Thevenot (Paul Frankeur), his wife Simone (Delphine Seyrig) and her sister Florence (Bulle Ogier) arrive for a dinner party at the house of Alice Sénéchal (Stéphane Audran) and her husband Henri (Jean-Pierre Cassel), only to learn that they were mistaken about the date. In director Luis Buñuel's surreal fantasy, the six bourgeois friends repeatedly gather for a dinner that never quite arrives.",98.0,RottenTomatoes
2001: A Space Odyssey,1968,"An imposing black structure provides a connection between the past and the future in this enigmatic adaptation of a short story by revered sci-fi author Arthur C. Clarke. When Dr. Dave Bowman (Keir Dullea) and other astronauts are sent on a mysterious mission, their ship's computer system, HAL, begins to display increasingly strange behavior, leading up to a tense showdown between man and machine that results in a mind-bending trek through space and time.",92.0,RottenTomatoes
Edge of Tomorrow,2014,"When Earth falls under attack from invincible aliens, no military unit in the world is able to beat them. Maj. William Cage (Tom Cruise), an officer who has never seen combat, is assigned to a suicide mission. Killed within moments, Cage finds himself thrown into a time loop, in which he relives the same brutal fight -- and his death -- over and over again. However, Cage's fighting skills improve with each encore, bringing him and a comrade (Emily Blunt) ever closer to defeating the aliens.",91.0,RottenTomatoes
Snowpiercer,2013,A post-apocalyptic ice age forces humanity's last survivors aboard a globe-spanning supertrain. One man (Chris Evans) will risk everything to lead a revolt for control of the engine and the future of the world.,94.0,RottenTomatoes
Beauty and the Beast,1946,"The story of a gentle-hearted beast in love with a simple and beautiful girl. She is drawn to the repellent but strangely fascinating Beast, who tests her fidelity by giving her a key, telling her that if she doesn't return it to him by a specific time, he will die of grief. She is unable to return the key on time, but it is revealed that the Beast is the genuinely handsome one. A simple tale of tragic love that turns into a surreal vision of death, desire, and beauty.",95.0,RottenTomatoes
Doctor Strange,2016,"Dr. Stephen Strange's (Benedict Cumberbatch) life changes after a car accident robs him of the use of his hands. When traditional medicine fails him, he looks for healing, and hope, in a mysterious enclave. He quickly learns that the enclave is at the front line of a battle against unseen dark forces bent on destroying reality. Before long, Strange is forced to choose between his life of fortune and status or leave it all behind to defend the world as the most powerful sorcerer in existence.",89.0,RottenTomatoes
Aliens,1986,"After floating in space for 57 years, Lt. Ripley's (Sigourney Weaver) shuttle is found by a deep space salvage team. Upon arriving at LV-426, the marines find only one survivor, a nine year old girl named Newt (Carrie Henn). But even these battle-hardened marines with all the latest weaponry are no match for the hundreds of aliens that have invaded the colony.",97.0,RottenTomatoes
Miracle on 34th Street,1947,"In this Christmas classic, an old man going by the name of Kris Kringle (Edmund Gwenn) fills in for an intoxicated Santa in Macy's annual Thanksgiving Day parade. Kringle proves to be such a hit that he is soon appearing regularly at the chain's main store in midtown Manhattan. When Kringle surprises customers and employees alike by claiming that he really is Santa Claus, it leads to a court case to determine his mental health and, more importantly, his authenticity.",96.0,RottenTomatoes
The Day the Earth Stood Still,1951,"When a UFO lands in Washington, D.C., bearing a message for Earth's leaders, all of humanity stands still. Klaatu (Michael Rennie) has come on behalf of alien life who have been watching Cold War-era nuclear proliferation on Earth. But it is Klaatu's soft-spoken robot Gort that presents a more immediate threat to onlookers. A single mother (Patricia Neal) and her son teach the world about peace and tolerance in this moral fable, ousting the tanks and soldiers that greet the alien's arrival.",95.0,RottenTomatoes
8 1/2,1963,"Troubled Italian filmmaker Guido Anselmi (Marcello Mastroianni) struggles with creative stasis as he attempts to get a new movie off the ground. Overwhelmed by his work and personal life, the director retreats into his thoughts, which often focus on his loves, both past and present, and frequently wander into fantastical territory. As he tries to sort out his many entanglements, romantic and otherwise, Anselmi finds his production becoming more and more autobiographical.",98.0,RottenTomatoes
The Empire Strikes Back,1980,"The adventure continues in this ""Star Wars"" sequel. Luke Skywalker (Mark Hamill), Han Solo (Harrison Ford), Princess Leia (Carrie Fisher) and Chewbacca (Peter Mayhew) face attack by the Imperial forces and its AT-AT walkers on the ice planet Hoth. While Han and Leia escape in the Millennium Falcon, Luke travels to Dagobah in search of Yoda. Only with the Jedi master's help will Luke survive when the dark side of the Force beckons him into the ultimate duel with Darth Vader (David Prowse).",94.0,RottenTomatoes
X-Men: Days of Future Past,2014,"Convinced that mutants pose a threat to humanity, Dr. Bolivar Trask (Peter Dinklage) develops the Sentinels, enormous robotic weapons that can detect a mutant gene and zero in on that person. In the 21st century, the Sentinels have evolved into highly efficient killing machines. With mutants now facing extinction, Wolverine (Hugh Jackman) volunteers to go back in time and rally the X-Men of the past to help change a pivotal moment in history and thereby save their future.",90.0,RottenTomatoes
Pan's Labyrinth,2006,"In 1944 Spain young Ofelia (Ivana Baquero) and her ailing mother (Ariadna Gil) arrive at the post of her mother's new husband (Sergi López), a sadistic army officer who is trying to quell a guerrilla uprising. While exploring an ancient maze, Ofelia encounters the faun Pan, who tells her that she is a legendary lost princess and must complete three dangerous tasks in order to claim immortality.",95.0,RottenTomatoes
The Invisible Man,1933,"While researching a new drug, Dr. Jack Griffin (Claude Rains) stumbles on a potion that can make him invisible. When he reveals his new ability to his old mentor (Henry Travers) and his fiancée (Gloria Stuart), it's clear that a side effect of the potion is insanity. Jack goes on a violent rampage, and the police struggle to hunt him down, unable to see their target, while his mentor and his former partner (William Harrigan) desperately try to devise a plan to capture him.",94.0,RottenTomatoes
Beauty and the Beast,1991,"An arrogant young prince (Robby Benson) and his castle's servants fall under the spell of a wicked enchantress, who turns him into the hideous Beast until he learns to love and be loved in return. The spirited, headstrong village girl Belle (Paige O'Hara) enters the Beast's castle after he imprisons her father Maurice (Rex Everhart). With the help of his enchanted servants, including the matronly Mrs. Potts (Angela Lansbury), Belle begins to draw the cold-hearted Beast out of his isolation.",94.0,RottenTomatoes
The Princess Bride,1987,"A fairy tale adventure about a beautiful young woman and her one true love. He must find her after a long separation and save her. They must battle the evils of the mythical kingdom of Florin to be reunited with each other. Based on the William Goldman novel ""The Princess Bride"" which earned its own loyal audience.",97.0,RottenTomatoes
Looper,2012,"In a future society, time-travel exists, but it's only available to those with the means to pay for it on the black market. When the mob wants to eliminate someone, it sends the target into the past, where a hit man known as a looper lies in wait to finish the job. Joe (Joseph Gordon-Levitt) is one such hired gun, and he does his job well -- until the day his bosses decide to ""close the loop"" and send Joe's future self (Bruce Willis) back in time to be killed.",93.0,RottenTomatoes
Stalker,1979,"In an unnamed country at an unspecified time, there is a fiercely protected post-apocalyptic wasteland known as The Zone. An illegal guide (Aleksandr Kajdanovsky), whose mutant child suggests unspeakable horrors within The Zone, leads a writer (Anatoliy Solonitsyn) and a scientist (Nikolay Grinko) into the heart of the devastation in search of a mythical place known only as The Room. Anyone who enters The Room will supposedly have any of his earthly desires immediately fulfilled.",100.0,RottenTomatoes
Guardians of the Galaxy Vol. 2,2017,"Peter Quill and his fellow Guardians are hired by a powerful alien race, the Sovereign, to protect their precious batteries from invaders. When it is discovered that Rocket has stolen the items they were sent to guard, the Sovereign dispatch their armada to search for vengeance. As the Guardians try to escape, the mystery of Peter's parentage is revealed.",85.0,RottenTomatoes
Ex Machina,2015,"Caleb Smith (Domhnall Gleeson) a programmer at a huge Internet company, wins a contest that enables him to spend a week at the private estate of Nathan Bateman (Oscar Isaac), his firm's brilliant CEO. When he arrives, Caleb learns that he has been chosen to be the human component in a Turing test to determine the capabilities and consciousness of Ava (Alicia Vikander), a beautiful robot. However, it soon becomes evident that Ava is far more self-aware and deceptive than either man imagined.",92.0,RottenTomatoes
Dawn of the Planet of the Apes,2014,"Ten years after simian flu wiped out much of the world's homosapiens, genetically enhanced chimpanzee Caesar (Andy Serkis) and his ever-growing band of followers have established a thriving colony just outside San Francisco in Muir Woods. Meanwhile, a small band of human survivors emerges, which forces Caesar -- as leader -- to grapple with the dual challenge of protecting his people and re-establishing a relationship with the remaining human population -- the latter being Caesar's secret wish.",90.0,RottenTomatoes
Mary Poppins,1964,"When Jane (Karen Dotrice) and Michael (Matthew Garber), the children of the wealthy and uptight Banks family, are faced with the prospect of a new nanny, they are pleasantly surprised by the arrival of the magical Mary Poppins (Julie Andrews). Embarking on a series of fantastical adventures with Mary and her Cockney performer friend, Bert (Dick Van Dyke), the siblings try to pass on some of their nanny's sunny attitude to their preoccupied parents (David Tomlinson, Glynis Johns).",98.0,RottenTomatoes
Captain Marvel,2019,"Captain Marvel is an extraterrestrial Kree warrior who finds herself caught in the middle of an intergalactic battle between her people and the Skrulls. Living on Earth in 1995, she keeps having recurring memories of another life as U.S. Air Force pilot Carol Danvers. With help from Nick Fury, Captain Marvel tries to uncover the secrets of her past while harnessing her special superpowers to end the war with the evil Skrulls.",79.0,RottenTomatoes
Onward,2020,"Teenage elf brothers Ian and Barley embark on a magical quest to spend one more day with their late father. Like any good adventure, their journey is filled with cryptic maps, impossible obstacles and unimaginable discoveries. But when dear Mom finds out her sons are missing, she teams up with the legendary manticore to bring her beloved boys back home.",88.0,RottenTomatoes
Ghostbusters,1984,"After the members of a team of scientists (Harold Ramis, Dan Aykroyd, Bill Murray) lose their cushy positions at a university in New York City, they decide to become ""ghostbusters"" to wage a high-tech battle with the supernatural for money. They stumble upon a gateway to another dimension, a doorway that will release evil upon the city. The Ghostbusters must now save New York from complete destruction.",97.0,RottenTomatoes
The Nightmare Before Christmas,1993,"The film follows the misadventures of Jack Skellington, Halloweentown's beloved pumpkin king, who has become bored with the same annual routine of frightening people in the ""real world."" When Jack accidentally stumbles on Christmastown, all bright colors and warm spirits, he gets a new lease on life -- he plots to bring Christmas under his control by kidnapping Santa Claus and taking over the role. But Jack soon discovers even the best-laid plans of mice and skeleton men can go seriously awry.",95.0,RottenTomatoes
Groundhog Day,1993,"Phil (Bill Murray), a weatherman, is out to cover the annual emergence of the groundhog from its hole. He gets caught in a blizzard that he didn't predict and finds himself trapped in a time warp. He is doomed to relive the same day over and over again until he gets it right.",96.0,RottenTomatoes
"Monsters, Inc.",2001,"Monsters Incorporated is the largest scare factory in the monster world, and James P. Sullivan (John Goodman) is one of its top scarers. Sullivan is a huge, intimidating monster with blue fur, large purple spots and horns. His scare assistant, best friend and roommate is Mike Wazowski (Billy Crystal), a green, opinionated, feisty little one-eyed monster. Visiting from the human world is Boo (Mary Gibbs), a tiny girl who goes where no human has ever gone before.",96.0,RottenTomatoes
The Lord of the Rings: The Two Towers,2002,"The sequel to the Golden Globe-nominated and AFI Award-winning ""The Lord of the Rings: The Fellowship of the Ring,"" ""The Two Towers"" follows the continuing quest of Frodo (Elijah Wood) and the Fellowship to destroy the One Ring. Frodo and Sam (Sean Astin) discover they are being followed by the mysterious Gollum. Aragorn (Viggo Mortensen), the Elf archer Legolas and Gimli the Dwarf encounter the besieged Rohan kingdom, whose once great King Theoden has fallen under Saruman's deadly spell.",95.0,RottenTomatoes
The Vast of Night,2019,"In the 1950s, two kids search for the source of a mysterious frequency that has descended on their town.",92.0,RottenTomatoes
Big,1988,"After a wish turns 12-year-old Josh Baskin (David Moscow) into a 30-year-old man (Tom Hanks), he heads to New York City and gets a low-level job at MacMillen Toy Company. A chance encounter with the owner (Robert Loggia) of the company leads to a promotion testing new toys. Soon a fellow employee, Susan Lawrence (Elizabeth Perkins), takes a romantic interest in Josh. However, the pressure of living as an adult begins to overwhelm him, and he longs to return to his simple, former life as a boy.",97.0,RottenTomatoes
Fantasia,1940,"Released in 1940, represented Disney's boldest experiment to date. Bringing to life his vision of blending animated imagery with classical music. What had begun as a vehicle to enhance Mickey Mouse's career blossomed into a full-blown feature that remains unique in the history of animation.",95.0,RottenTomatoes
Captain America: The Winter Soldier,2014,"After the cataclysmic events in New York with his fellow Avengers, Steve Rogers, aka Captain America (Chris Evans), lives in the nation's capital as he tries to adjust to modern times. An attack on a S.H.I.E.L.D. colleague throws Rogers into a web of intrigue that places the whole world at risk. Joining forces with the Black Widow (Scarlett Johansson) and a new ally, the Falcon, Rogers struggles to expose an ever-widening conspiracy, but he and his team soon come up against an unexpected enemy.",90.0,RottenTomatoes
10 Cloverfield Lane,2016,"After surviving a car accident, Michelle (Mary Elizabeth Winstead) wakes up to find herself in an underground bunker with two men. Howard (John Goodman) tells her that a massive chemical attack has rendered the air unbreathable, and their only hope of survival is to remain inside. Despite the comforts of home, Howard's controlling and menacing nature makes Michelle want to escape. After taking matters into her own hands, the young woman finally discovers the truth about the outside world.",90.0,RottenTomatoes
Spirited Away,2001,"10-year-old Chihiro (Daveigh Chase) moves with her parents to a new home in the Japanese countryside. After taking a wrong turn down a wooded path, Chihiro and her parents discover an amusement park with a stall containing an assortment of food. To her surprise, Chihiro's parents begin eating and then transform into pigs. In this supernatural realm, Chihiro encounters a host of characters and endures labor in a bathhouse for spirits, awaiting a reunion with her parents.",97.0,RottenTomatoes
Jodorowsky's Dune,2013,"Filmmaker Alejandro Jodorowsky discusses how he would have adapted Frank Herbert's classic sci-fi novel ""Dune"" for the big screen.",98.0,RottenTomatoes
The Iron Giant,1999,"In this animated adaptation of Ted Hughes' Cold War fable, a giant alien robot (Vin Diesel) crash-lands near the small town of Rockwell, Maine, in 1957. Exploring the area, a local 9-year-old boy, Hogarth, discovers the robot, and soon forms an unlikely friendship with him. When a paranoid government agent, Kent Mansley, becomes determined to destroy the robot, Hogarth and beatnik Dean McCoppin (Harry Connick Jr.) must do what they can to save the misunderstood machine.",96.0,RottenTomatoes
Back to the Future,1985,"In this 1980s sci-fi classic, small-town California teen Marty McFly (Michael J. Fox) is thrown back into the '50s when an experiment by his eccentric scientist friend Doc Brown (Christopher Lloyd) goes awry. Traveling through time in a modified DeLorean car, Marty encounters young versions of his parents (Crispin Glover, Lea Thompson), and must make sure that they fall in love or he'll cease to exist. Even more dauntingly, Marty has to return to his own time and save the life of Doc Brown.",96.0,RottenTomatoes
Song of the Sea,2014,An Irish youth (David Rawle) discovers that his mute sister is a selkie who must find her voice and free supernatural creatures from the spell of a Celtic goddess (Fionnula Flanagan).,99.0,RottenTomatoes
Wings of Desire,1987,"Two angels, Damiel (Bruno Ganz) and Cassiel (Otto Sander), glide through the streets of Berlin, observing the bustling population, providing invisible rays of hope to the distressed but never interacting with them. When Damiel falls in love with lonely trapeze artist Marion (Solveig Dommartin), the angel longs to experience life in the physical world, and finds--with some words of wisdom from actor Peter Falk (playing himself) -- that it might be possible for him to take human form.",98.0,RottenTomatoes
Possessor: Uncut,2020,"Tasya Vos, an elite, corporate assassin, takes control of other people's bodies using brain-implant technology to execute high-profile targets.",93.0,RottenTomatoes
Border,2018,"Customs officer Tina is known for her extraordinary sense of smell. It's almost as if she can sniff out the guilt on anyone hiding something. But when Vore, a suspicious-looking man, walks past her, her abilities are challenged for the first time ever. Tina can sense Vore is hiding something she can't identify. Even worse, she feels a strange attraction to him. As Tina develops a special bond with Vore and discovers his true identity, she also realizes the truth about herself.",97.0,RottenTomatoes
Forbidden Planet,1956,"In this sci-fi classic, a spacecraft travels to the distant planet Altair IV to discover the fate of a group of scientists sent there decades earlier. When Commander John J. Adams (Leslie Nielsen) and his crew arrive, they discover only two people: Dr. Morbius (Walter Pidgeon) and his daughter, Altaira (Anne Francis), who was born on the remote planet. Soon, Adams begins to uncover the mystery of what happened on Altair IV, and why Morbius and Altaira are the sole survivors.",96.0,RottenTomatoes
Annihilation,2018,"Lena, a biologist and former soldier, joins a mission to uncover what happened to her husband inside Area X -- a sinister and mysterious phenomenon that is expanding across the American coastline. Once inside, the expedition discovers a world of mutated landscapes and creatures, as dangerous as it is beautiful, that threatens both their lives and their sanity.",88.0,RottenTomatoes
Blade Runner,1982,"Deckard (Harrison Ford) is forced by the police Boss (M. Emmet Walsh) to continue his old job as Replicant Hunter. His assignment: eliminate four escaped Replicants from the colonies who have returned to Earth. Before starting the job, Deckard goes to the Tyrell Corporation and he meets Rachel (Sean Young), a Replicant girl he falls in love with.",90.0,RottenTomatoes
The Hunger Games: Catching Fire,2013,"After arriving safely home from their unprecedented victory in the 74th Annual Hunger Games, Katniss Everdeen (Jennifer Lawrence) and Peeta Mellark (Josh Hutcherson) discover that they must do a quick turnaround and begin a Victors Tour. As she and Peeta travel throughout the districts, Katniss senses a rebellion is stirring. However, President Snow (Donald Sutherland) proves that he is still very much in control when word comes of a cruel change in the rules for the upcoming 75th Hunger Games.",90.0,RottenTomatoes
Jurassic Park,1993,"In Steven Spielberg's massive blockbuster, paleontologists Alan Grant (Sam Neill) and Ellie Sattler (Laura Dern) and mathematician Ian Malcolm (Jeff Goldblum) are among a select group chosen to tour an island theme park populated by dinosaurs created from prehistoric DNA. While the park's mastermind, billionaire John Hammond (Richard Attenborough), assures everyone that the facility is safe, they find out otherwise when various ferocious predators break free and go on the hunt.",91.0,RottenTomatoes
The Seventh Seal,1956,"When disillusioned Swedish knight Antonius Block (Max von Sydow) returns home from the Crusades to find his country in the grips of the Black Death, he challenges Death (Bengt Ekerot) to a chess match for his life. Tormented by the belief that God does not exist, Block sets off on a journey, meeting up with traveling players Jof (Nils Poppe) and his wife, Mia (Bibi Andersson), and becoming determined to evade Death long enough to commit one redemptive act while he still lives.",93.0,RottenTomatoes
Young Frankenstein,1974,"Respected medical lecturer Dr. Frederick Frankenstein (Gene Wilder) learns that he has inherited his infamous grandfather's estate in Transylvania. Arriving at the castle, Dr. Frankenstein soon begins to recreate his grandfather's experiments with the help of servants Igor (Marty Feldman), Inga (Teri Garr) and the fearsome Frau Blücher (Cloris Leachman). After he creates his own monster (Peter Boyle), new complications ensue with the arrival of the doctor's fiancée, Elizabeth (Madeline Kahn).",94.0,RottenTomatoes
Godzilla,1954,A fire-breathing behemoth terrorizes Japan after an atomic bomb awakens it from its centuries-old sleep.,93.0,RottenTomatoes
Bride of Frankenstein,1935,"After recovering from injuries sustained in the mob attack upon himself and his creation, Dr. Frankenstein (Colin Clive) falls under the control of his former mentor, Dr. Pretorius (Ernest Thesiger), who insists the now-chastened doctor resume his experiments in creating new life. Meanwhile, the Monster (Boris Karloff) remains on the run from those who wish to destroy him without understanding that his intentions are generally good despite his lack of socialization and self-control.",98.0,RottenTomatoes
Frankenstein,1931,"This iconic horror film follows the obsessed scientist Dr. Henry Frankenstein (Colin Clive) as he attempts to create life by assembling a creature from body parts of the deceased. Aided by his loyal misshapen assistant, Fritz (Dwight Frye), Frankenstein succeeds in animating his monster (Boris Karloff), but, confused and traumatized, it escapes into the countryside and begins to wreak havoc. Frankenstein searches for the elusive being, and eventually must confront his tormented creation.",100.0,RottenTomatoes
Life Itself,2014,"Filmmaker Steve James chronicles the life of film critic Roger Ebert, especially his career highlights, his battle with alcohol, and his sometimes ruthless rivalry with fellow critic Gene Siskel.",98.0,RottenTomatoes
Man on Wire,2008,"Using actual footage from the event seamlessly mingled with new re-enactments, filmmaker James Marsh masterfully recreates high-wire daredevil Philippe Petit's 1974 stunt: performing acrobatics on a thin wire strung between the Twin Towers of the World Trade Center. Plotting his feat like a master cat burglar, Petit enlists the help of a motley group of friends as he calculates every detail, from acquiring building access to stringing up the wire, and manages to pull off an astounding crime.",100.0,RottenTomatoes
Her,2013,"A sensitive and soulful man earns a living by writing personal letters for other people. Left heartbroken after his marriage ends, Theodore (Joaquin Phoenix) becomes fascinated with a new operating system which reportedly develops into an intuitive and unique entity in its own right. He starts the program and meets ""Samantha"" (Scarlett Johansson), whose bright voice reveals a sensitive, playful personality. Though ""friends"" initially, the relationship soon deepens into love.",94.0,RottenTomatoes
The Discreet Charm of the Bourgeoisie,1972,"The ambassador of the Latin American republic of Miranda (Fernando Rey), M. Thevenot (Paul Frankeur), his wife Simone (Delphine Seyrig) and her sister Florence (Bulle Ogier) arrive for a dinner party at the house of Alice Sénéchal (Stéphane Audran) and her husband Henri (Jean-Pierre Cassel), only to learn that they were mistaken about the date. In director Luis Buñuel's surreal fantasy, the six bourgeois friends repeatedly gather for a dinner that never quite arrives.",98.0,RottenTomatoes
Miracle on 34th Street,1947,"In this Christmas classic, an old man going by the name of Kris Kringle (Edmund Gwenn) fills in for an intoxicated Santa in Macy's annual Thanksgiving Day parade. Kringle proves to be such a hit that he is soon appearing regularly at the chain's main store in midtown Manhattan. When Kringle surprises customers and employees alike by claiming that he really is Santa Claus, it leads to a court case to determine his mental health and, more importantly, his authenticity.",96.0,RottenTomatoes
Amy,2015,Archival footage and personal testimonials present an intimate portrait of the life and career of British singer/songwriter Amy Winehouse.,95.0,RottenTomatoes
Blackfish,2013,"The story of Tilikum, a captive killer whale that has taken the lives of several people, underscores problems within the sea-park industry, man's relationship to nature, and how little has been learned about these highly intelligent mammals.",98.0,RottenTomatoes
Groundhog Day,1993,"Phil (Bill Murray), a weatherman, is out to cover the annual emergence of the groundhog from its hole. He gets caught in a blizzard that he didn't predict and finds himself trapped in a time warp. He is doomed to relive the same day over and over again until he gets it right.",96.0,RottenTomatoes
Taxi to the Dark Side,2007,"This documentary explores the American military's use of torture by focusing on the unsolved murder of an Afhgani taxi driver who, in 2002, was taken for questioning at Bagram Force Air Base. Five days later, the man was dead. The medical examiner claimed the driver died from excessive physical abuse. Taking this case as a jumping-off point, the film examines wider claims of torture that occurred at bases like Abu Ghraib and Guantanamo Bay during the Bush administration.",100.0,RottenTomatoes
Murderball,2005,"This documentary introduces the U.S. quad rugby team -- a team composed entirely of young paraplegic men. Using special wheelchairs and very little protection, the players play full-contact competitive rugby, using rules only slightly altered to accommodate their limitations. The film follows the team as they discuss the sport, their lives, and how they ended up in their chairs to begin with, while they play their way to the 2004 Paralympic Games in Athens, Greece.",98.0,RottenTomatoes
Jodorowsky's Dune,2013,"Filmmaker Alejandro Jodorowsky discusses how he would have adapted Frank Herbert's classic sci-fi novel ""Dune"" for the big screen.",98.0,RottenTomatoes
Inside Job,2010,The global financial meltdown that took place in Fall 2008 caused millions of job and home losses and plunged the United States into a deep economic recession. Matt Damon narrates a documentary that provides a detailed examination of the elements that led to the collapse and identifies keys financial and political players. Director Charles Ferguson conducts a wide range of interviews and traces the story from the United States to China to Iceland to several other global financial hot spots.,98.0,RottenTomatoes
The Square,2013,Egyptian revolutionaries battle their leaders and regime to build a new society.,100.0,RottenTomatoes
Jiro Dreams of Sushi,2011,"Revered sushi chef Jiro Ono strives for perfection in his work, while his eldest son, Yoshikazu, has trouble living up to his father's legacy.",99.0,RottenTomatoes
Paris Is Burning,1990,"This documentary focuses on drag queens living in New York City and their ""house"" culture, which provides a sense of community and support for the flamboyant and often socially shunned performers. Groups from each house compete in elaborate balls that take cues from the world of fashion. Also touching on issues of racism and poverty, the film features interviews with a number of renowned drag queens, including Willi Ninja, Pepper LaBeija and Dorian Corey.",98.0,RottenTomatoes
Hoop Dreams,1994,"Every school day, African-American teenagers William Gates and Arthur Agee travel 90 minutes each way from inner-city Chicago to St. Joseph High School in Westchester, Illinois, a predominately white suburban school well-known for the excellence of its basketball program. Gates and Agee dream of NBA stardom, and with the support of their close-knit families, they battle the social and physical obstacles that stand in their way. This acclaimed documentary was shot over the course of five years.",98.0,RottenTomatoes
Waltz With Bashir,2008,"Israeli filmmaker Ari Folman wrote, directed and stars in this autobiographical animated film. As a 19-year-old infantry soldier in the 1982 war with Lebanon, Folman witnessed the Sabra and Shatila massacre, but realizes that he has no memory of the event. In 2006, he seeks out others who were in Beirut at the time to discuss their memories, including a psychologist specializing in post-traumatic stress disorders and the first journalist to cover the massacre.",96.0,RottenTomatoes
The Interrupters,2011,Members of the activist group CeaseFire work to curb violence in their Chicago neighborhoods by intervening in street fights and showing youths a better way to resolve conflicts.,99.0,RottenTomatoes
Afghan Star,2009,"Director Havana Marking dives into the booming, but still young and growing, world of pop culture in Afghanistan. Newly liberated after more than 30 years of stifling Taliban rule, the country is taken with a fervor for expression. This documentary follows four contestants, including two women, as they audition, sing and compete in a countrywide ""American Idol""-type competition called ""Pop Idol."" Marking uncovers a wonderfully vibrant community, which is also surprisingly accepting.",100.0,RottenTomatoes
Capturing the Friedmans,2003,"While preparing a documentary about children's birthday party entertainers, filmmaker Andrew Jarecki learned that one of his subjects, professional clown David Friedman, was the son and brother of two men who had been convicted of child sexual abuse in a high-profile 1980s criminal trial. Using home videos made by the Friedman family before and during the trial, as well as new interviews, Jarecki explores the conflicting stories of the accused, the alleged victims and the investigators.",97.0,RottenTomatoes
"Mr. Death: The Rise and Fall of Fred A. Leuchter, Jr.",1999,"Documentary filmmaker Errol Morris investigates the case of a man who became an authority on capital punishment, but was discredited when he got involved on the wrong side of a court case. Leutcher, a meek man whose appearance belies his grim expertise, develops what he says is a more effective electric chair. Before long he's in demand from officials who want his opinions on other kinds of execution. But when called to aid the case of an accused Holocaust denier, Leutcher's problems begin.",100.0,RottenTomatoes
The Invisible War,2011,A filmmaker explores the ever-increasing incidents of violent sexual assault within the U.S. military.,99.0,RottenTomatoes
56 Up,2012,"Continuing a project he began in 1964, filmmaker Michael Apted revisits his original subjects and sees how their lives are progressing now that they are 56 years old.",99.0,RottenTomatoes
Elaine Stritch: Shoot Me,2013,"Plagued by medical issues and memory lapses, the Broadway icon contemplates retirement and mortality as she approaches her 87th birthday and rehearses for a new show.",99.0,RottenTomatoes
Last Train Home,2009,"Annually, an estimated 130 million factories workers in China migrate from their city of employment back to the village they grew up in. This documentary spotlights married couple Chen and Zhang as they make their own journey. Chen and Zhang must struggle to reconnect with their children, whom they see only once a year. When they discover that their daughter has decided to drop out of school to work at a factory herself, they begin questioning the value of their sacrifice.",100.0,RottenTomatoes
The Act of Killing,2012,Filmmakers expose the horrifying mass executions of accused communists in Indonesia and those who are celebrated in their country for perpetrating the crime.,95.0,RottenTomatoes
Spellbound,2002,"Eight youthful competitors, sponsored by their hometown newspapers, travel with their families to Washington, D.C., to compete in the 1999 Scripps National Spelling Bee. Now in the national spotlight and under heavy pressure to perform from parents, teachers and their audience, the children struggle to advance toward the championship -- and its accompanying scholarships and cash prizes -- while approaching competitive spelling with the focus and intensity of Olympic athletes.",97.0,RottenTomatoes
Enron: The Smartest Guys in the Room,2005,"This documentary explores the fall of the Enron Corporation, arguably the most shocking example of modern corporate corruption. The company is linked with several illegal schemes, including instigating the California energy crisis as a way to drive up utility prices at the expense of the average American. In a hyper-competitive environment, Enron traders resort to all kinds of underhanded dealings in order to make money at any cost and keep their high-paying jobs.",97.0,RottenTomatoes
Sholem Aleichem: Laughing in the Darkness,2011,"Filmmaker Joseph Dorman presents the life, work and legacy of the Yiddish writer who used the vernacular of the common man.",100.0,RottenTomatoes
Ai Weiwei: Never Sorry,2012,"Alison Klayman documents the life and work of Chinese artist and activist Ai Weiwei. She showcases his artistic process as he prepares for a museum exhibition, his relationships with family members and his clashes with the government.",98.0,RottenTomatoes
How to Survive a Plague,2012,"In the late 1980s, members of Act-Up and other AIDS activists battle indifference and hostility to bring attention to the disease and play a huge role in reducing the number of AIDS-related fatalities in the U.S.",98.0,RottenTomatoes
This Is Not a Film,2010,Iranian filmmaker Jafar Panahi makes a video diary with his phone in response to his government's threats against him.,97.0,RottenTomatoes
Cave of Forgotten Dreams,2010,"In this documentary, filmmaker Werner Herzog and a small crew are given a rare chance to film inside France's Chauvet Cave, where the walls are covered with the world's oldest surviving paintings. To preserve the art, people are allowed to enter the site for only two weeks a year. Examining the 30,000-year-old drawings, Herzog discusses how the artwork represents humanity's earliest dreams with scientists and art scholars conducting research at Chauvet.",96.0,RottenTomatoes
The King of Kong: A Fistful of Quarters,2007,"Named ""Video Game Player of the Century"" in 1999, Billy Mitchell sets a record score in ""Donkey Kong"" that many felt would never be broken. In 2003 Steve Wiebe, who has recently lost his job, learns about the record, sets out to beat it and does. So both men embark on a cross-country battle for inclusion in the 2007 Guinness Book of World Records as the supreme king of the electronic game.",97.0,RottenTomatoes
Bowling for Columbine,2002,"Political documentary filmmaker Michael Moore explores the circumstances that lead to the 1999 Columbine High School massacre and, more broadly, the proliferation of guns and the high homicide rate in America. In his trademark provocative fashion, Moore accosts Kmart corporate employees and pleads with them to stop selling bullets, investigates why Canada doesn't have the same excessive rate of gun violence and questions actor Charlton Heston on his support of the National Rifle Association.",95.0,RottenTomatoes
Love Is Strange,2014,"A recently married gay couple (John Lithgow, Alfred Molina) are forced to move into separate households after they lose their home.",93.0,RottenTomatoes
The Fog of War,2003,"Former corporate whiz kid Robert McNamara was the controversial Secretary of Defense in the Kennedy and Johnson administrations, during the height of the Vietnam War. This Academy Award-winning documentary, augmented by archival footage, gives the conflicted McNamara a platform on which he attempts to confront his and the U.S. government's actions in Southeast Asia in light of the horrors of modern warfare, the end of ideology and the punitive judgment of history.",96.0,RottenTomatoes
Muscle Shoals,2013,"Filmmaker Greg Camalier pays tribute to an Alabama city that holds a prominent place in music history. Artists who recorded at FAME Studios in Muscle Shoals, Ala., include Percy Sledge, Aretha Franklin and Lynyrd Skynyrd.",97.0,RottenTomatoes
Gilda,1946,"Johnny Farrell (Glenn Ford) is a small-time American gambler, newly arrived in Buenos Aires, Argentina. When he is caught cheating at a game of blackjack, Farrell manages to talk his way into a job with the casino's owner, the powerful Ballin Mundson (George Macready). The two form an uneasy partnership based off their mutual lack of scruples until Mundson introduces Farrell to his beautiful new wife, Gilda (Rita Hayworth), who just happens to be Farrell's ex-lover.",90.0,RottenTomatoes
The War Tapes,2006,"Filmmaker Deborah Scranton provides three U.S. soldiers with cameras so they can document their experiences during Operation Iraqi Freedom. The soldiers, Sgt. Steve Pink, Sgt. Zack Bazzi and Spc. Mike Moriarty, are all different ages and come from different backgrounds, but all three demonstrate unwavering loyalty to their comrades-in-arms while voicing concerns about America's reasons for its presence in Iraq.",98.0,RottenTomatoes
Last Year at Marienbad,1961,"In this unconventional French drama, a group of unnamed aristocrats interact at a palatial château, resulting in an enigmatic tale told partially in flashback. X (Giorgio Albertazzi) is convinced that he has met the beautiful A (Delphine Seyrig) before in the Czech resort town of Marienbad, and implies they had a romantic relationship. M (Sacha Pitoeff), who may be A's husband or boyfriend, confronts her mysterious suitor, leading to conflict and questions about the truth behind his story.",94.0,RottenTomatoes
Undefeated,2011,"Since its founding in 1899, Manassas High School in North Memphis has never had a football team win a playoff game. In 2004, former high-school coach Bill Courtney offers to help turn the Manassas Tigers around. Nurturing his players' physical and emotional strengths, Courtney's efforts pay off in 2009, when the Tigers, led by their star player O.C., seem to have a chance to break their school's 110-year losing streak and finally win a playoff game.",96.0,RottenTomatoes
The Overnighters,2014,A pastor sparks a controversy in his North Dakota town by opening his church doors to homeless workers who are seeking jobs at nearby oil fields.,97.0,RottenTomatoes
Call Me Kuchu,2012,"In Uganda, openly gay David Kato and his fellow activists work to defeat new legislation in their country that would make homosexuality punishable by death.",98.0,RottenTomatoes
Holy Motors,2012,"Driven around Paris by a loyal driver (Édith Scob), a mysterious man (Denis Lavant) dresses up in costumes and plays a number of strange, semiscripted roles.",92.0,RottenTomatoes
Restrepo,2010,"Photographer Tim Hetherington and journalist Sebastian Junger allow the realities of war to speak for themselves in this unnarrated documentary about a U.S. platoon in Afghanistan. The men of Second Platoon, Battle Company, 173rd Airborne Brigade teeter from naivete to weariness as months of alternating boredom and fighting take their toll. The loss of medic Juan ""Doc"" Restrepo leads the platoon to name an outpost in the remote Korengal Valley after him.",96.0,RottenTomatoes
Mea Maxima Culpa: Silence in the House of God,2012,"Filmmaker Alex Gibney examines reports of pedophilia within the Roman Catholic Church, focusing specifically on a group of men who alleged that they were abused as boys by a priest at a Milwaukee school for the deaf.",98.0,RottenTomatoes
Let the Fire Burn,2012,"Filmmaker Jason Osder illustrates how prejudice, intolerance and fear can lead to unthinkable acts of violence.",98.0,RottenTomatoes
The Queen of Versailles,2012,"The 2008 global economic crisis threatens the fortune of Florida billionaires David and Jackie Siegel just as they are in the middle of building a 90,000 square-foot estate.",95.0,RottenTomatoes
For the Bible Tells Me So,2007,"Delving into values of the religious right and the accompanying homophobia, ""For the Bible Tells Me So"" focuses on how conservative Christians' interpretation of the Bible is commonly used as a way to deny homosexuals equal rights. Following five families with an openly gay son or daughter, director Daniel G. Karslake offers a firsthand look at how those in the Christian community with an out child are affected by the homophobic fervor. Karslake also interviews a number of religious leaders.",98.0,RottenTomatoes
Blindsight,2006,"Six blind Tibetan teenagers, shunned by their culture as sinners or possessed by demons, band together to climb the north side of Mount Everest. With the inspiration of their fiery, blind teacher who fought to establish a Tibetan school for blind children, the teens are guided by Erik Weihenmayer, the only blind mountaineer to have successfully scaled Everest. The climbers suffer through illness, bad weather, and the stark challenge of tackling one of the greatest natural wonders on the planet.",98.0,RottenTomatoes
Exit Through the Gift Shop,2010,"The infamous, shadowy British graffiti street artist Banksy has literally left his mark on cities throughout the world. He comes in contact with Thierry Guetta, a Los Angeles-based Frenchman who videotapes various underground art escapades, and later is transformed into an art phenomenon dubbed ""Mr. Brainwash."" Rhys Ifans narrates an overlapping documentary where the line between what is real and what might be fake blurs, as modern art and celebrity are put under the microscope.",96.0,RottenTomatoes
Pandora's Box,1929,"In this acclaimed German silent film, Lulu (Louise Brooks) is a young woman so beautiful and alluring that few can resist her siren charms. The men drawn into her web include respectable newspaper publisher Dr. Ludwig Schön (Fritz Kortner), his musical producer son Alwa (Franz Lederer), circus performer Rodrigo Quast (Krafft-Raschig) and Lulu's seedy old friend, Schigolch (Carl Goetz). When Lulu's charms inevitably lead to tragedy, the downward spiral encompasses them all.",93.0,RottenTomatoes
The Imposter,2012,"Filmmaker Bart Layton chronicles the tale of Frederic Bourdin, a con artist who seemingly tricked a Texas family into believing he was a relative who disappeared years earlier.",95.0,RottenTomatoes
Surfwise,2007,"Forsaking a traditional home life, Dorian ""Doc"" Paskowitz and his wife raise their large brood in a 24-foot camper and spend their time surfing.",98.0,RottenTomatoes
No End in Sight,2007,"This documentary film takes a critical look at the American invasion of Iraq in 2003 and the war that followed. The film includes extensive interviews with various military and government officials, many of whom worked under President George W. Bush during the beginning of the Iraq war. Filmmaker Charles Ferguson uses these first-hand accounts to suggest that the Bush administration, as well as the provisional government they instated in Iraq, have made crucial, irresponsible errors.",96.0,RottenTomatoes
Marley,2012,"The life story of musician, revolutionary and legend Bob Marley, from the early days to international superstardom. Features rare footage, performances and interviews.",95.0,RottenTomatoes
The Life and Times of Hank Greenberg,1999,"""The Life and Times of Hank Greenberg"" is a humorous and nostalgic documentary about an extraordinary baseball player who transcended religious prejudice to become an American icon. Detroit Tiger Hammerin Hank's accomplishments during the Golden Age of Baseball rivaled those of Babe Ruth and Lou Gehrig.",97.0,RottenTomatoes
Burma VJ: Reporting From a Closed Country,2008,Thousands of citizens of Myanmar take to the streets in several cities to protest the Asian nation's repressive regime. The protests take on a new degree of seriousness when dozens of monks launch their own marches down city streets. This documentary from Anders Ostergaard focuses on the work of videographers and citizen journalists who defy the government's crackdown on the media -- a brave bunch who manage to transmit footage of the uprising to the outside world.,97.0,RottenTomatoes
49 Up,2005,"Twelve people, documented every seven years since they were each 7 years old, discuss how their lives have changed since their last interview.",97.0,RottenTomatoes
An Inconvenient Truth,2006,"Filmmaker Davis Guggenheim follows Al Gore on the lecture circuit, as the former presidential candidate campaigns to raise public awareness of the dangers of global warming and calls for immediate action to curb its destructive effects on the environment.",93.0,RottenTomatoes
Finding Vivian Maier,2013,"The life and work of career nanny Vivian Maier and her amazing collection of 100,000 photographs.",95.0,RottenTomatoes
Winged Migration,2001,"This documentary presents an epic portrait of winter bird migration. Filmed on all seven continents over four years, the footage is brought together into one portrait of a journey that's uniformly arduous for all kinds of different birds. Rather than concentrating on statistics and facts, the film near-wordlessly portrays the sheer physical effort demanded of the birds on their disparate routes. Along the way, we see the many dangers they face, from man-made waste to a group of hungry crabs.",95.0,RottenTomatoes
Sicko,2007,"Filmmaker Michael Moore examines America's health-care crisis and why millions of citizens are without coverage. Moore spotlights the cases of several ordinary citizens whose lives have been shattered by bureaucratic red tape, refusal of payment, and other health-care catastrophes. He explains how the system has become so problematic, and he visits countries where citizens receive free health care, as in Canada, France and the U.K..",91.0,RottenTomatoes
Sweetgrass,2009,"This spare documentary follows a group of shepherds as they guide hundreds of sheep through endless miles of Montana wilderness. Herding the livestock through the Beartooth Mountains, the crew covers stunning landscapes as they brave dangerous weather and the threat of various wild animals, including bears and wolves. As the shepherds make their journey, the film depicts the hardships that they face in their age-old occupation, which seems largely outmoded in 21st-century United States.",97.0,RottenTomatoes
A Film Unfinished,2009,"Israeli director Yael Hersonski examines a recently found film reel from an unfinished Nazi movie entitled ""Das Ghetto"" in this award-winning documentary. For decades, historians have relied on ""Das Ghetto"" as a portrayal of life in occupied Warsaw and this new footage provides rare insights into one of the biggest propaganda machines of all time. Hersonski uses personal journals and accounts as well as an interview with a surviving cameraman to re-examine this dark cinematic relic.",97.0,RottenTomatoes
"Bigger, Stronger, Faster",2008,"This documentary presents the pervasive use of steroids in sports as an indication of the American obsession with winning at all costs. The Bell brothers have been sucked into the world of performance-enhancing drugs, thinking this is their ticket to realizing the American dream. Interviews with politicians, doctors, bodybuilders and coaches raise the question: Do the ends really justify the means? Because in the mad dash to win, an entire culture may be poised to lose.",96.0,RottenTomatoes
Trouble the Water,2008,"As Hurricane Katrina raged around them, Scott and Kimberly Rivers Roberts took shelter with some neighbors in their attic in New Orleans' Ninth Ward. Kimberly, an aspiring rapper, brought her video camera and filmed herself, her husband and their friends before and during the devastating storm. This footage is at the heart of Tia Lessin and Carl Deal's documentary about the Hurricane Katrina tragedy, along with the filmmakers' own footage of Kimberly and Scott rebuilding their lives afterwards.",96.0,RottenTomatoes
"Food, Inc.",2008,"Documentary filmmaker Robert Kenner examines how mammoth corporations have taken over all aspects of the food chain in the United States, from the farms where our food is grown to the chain restaurants and supermarkets where it's sold. Narrated by author and activist Eric Schlosser, the film features interviews with average Americans about their dietary habits, commentary from food experts like Michael Pollan and unsettling footage shot inside large-scale animal processing plants.",95.0,RottenTomatoes
Shaun of the Dead,2004,"Shaun (Simon Pegg) is a 30-something loser with a dull, easy existence. When he's not working at the electronics store, he lives with his slovenly best friend, Ed (Nick Frost), in a small flat on the outskirts of London. The only unpredictable element in his life is his girlfriend, Liz (Kate Ashfield), who wishes desperately for Shaun to grow up and be a man. When the town is inexplicably overrun with zombies, Shaun must rise to the occasion and protect both Liz and his mother (Penelope Wilton).",92.0,RottenTomatoes
Chasing Ice,2012,James Balog and his team on the Extreme Ice Survey assemble a multiyear chronicle of the planet's rapidly melting glaciers.,96.0,RottenTomatoes
To Be and to Have,2002,"In rural France, schoolteacher Georges Lopez educates 12 children, whose ages range from 4 to 11 years old. Over the course of a year, the soon-to-retire Lopez instructs them all in one small classroom with the traditional tools of French teaching: rote repetition and the dictation of literary passages for copying. As the seasons pass, Lopez must keep his students disciplined while preparing the older children for the exams that will determine their educational future.",97.0,RottenTomatoes
The Salt of the Earth,2014,"Juliano Ribeiro Salgado co-directs a look at the career of his father, photographer Sebastião Salgado.",95.0,RottenTomatoes
The Wild Parrots of Telegraph Hill,2004,"A homeless musician's life is transformed after he discovers a flock of wild South American parrots living in San Francisco. How they got there is a mystery, but Mark Bittner forms a bond with the exotic birds through his music and his patient, attentive care. Over time he comes to appreciate their individual identities and makes a case for humans to reevaluate their relationship to animals. When he is forced to leave them, he despairs over the birds' fate.",95.0,RottenTomatoes
The Gatekeepers,2012,"Six former heads of Israel's secret service agency, the Shin Bet, discuss their organization's successes and failures since the Six Day War in 1967.",94.0,RottenTomatoes
"20,000 Days on Earth",2014,A therapist's questions and a visit to a voluminous archive propel a dramatization of a day in the life of musician and cultural icon Nick Cave.,95.0,RottenTomatoes
Wordplay,2006,"Filmmaker Patrick Creadon pays tribute to crossword puzzles and those who love them, and features a profile of The New York Times ""puzzle master"" Will Shortz. Among the celebrities who swear by the Times puzzle are President Bill Clinton, folk-rock duo Indigo Girls, comic Jon Stewart, baseball player Mike Mussina and filmmaker Ken Burns.",94.0,RottenTomatoes
Control Room,2004,"Filmmaker Jehane Noujaim provides a behind-the-scenes look at the operations of Al-Jazeera -- the most prominent television news network in the Arab world -- during the war in Iraq. Through interviews with American journalists, journalists reporting for Al-Jazeera, and high-ranking U.S. military officials, Noujaim explores the nature of media bias, Al-Jazeera's relationship with the Arab community and the network's perception in the Western world.",95.0,RottenTomatoes
Bus 174,2002,"A young Brazilian hijacks a bus in Rio de Janeiro to rob its passengers. When he holds the entire bus hostage, the press broadcasts it live. This documentary chronicles the incompetent response by police officers to the public event inspired nationwide protest. Included are details about the captor's harsh childhood after witnessing his mother's murder. His homelessness provides but one example of the tragic social and political indifference for urban poverty in modern Brazil.",96.0,RottenTomatoes
Touching the Void,2003,"In 1985, two young climbers, Joe Simpson (Brendan Mackey) and Simon Yates (Nicholas Aaron), set out to be the first to reach the summit of the Siula Grande in the Peruvian Andes. They succeed, and the two embark on the treacherous descent down the mountain -- only to meet with disaster when Simpson breaks his leg in a fall, leaving Yates to lower him the rest of the way with ropes. When a storm threatens both their lives, Yates must decide whether to cut the rope and risk Simpson's likely death.",94.0,RottenTomatoes
Born Into Brothels,2004,"Documentary photographer Zana Briski journeyed into Calcutta's underworld to photograph the city's prostitutes. In return, she offered to teach the prostitutes' children the basics of photography so that the kids could document their own lives on the streets of one of the world's poorest cities. The resulting photographs, often astonishing, were exhibited around the world; many of them are seen in this film, which won the Academy Award for best documentary feature in 2005.",95.0,RottenTomatoes
My Winnipeg,2007,"Canadian filmmaker Guy Maddin conducts a personal tour of Winnipeg, Manitoba, the town where he grew up and still lives, in a film he calls a ""docu-fantasia."" By combining archival footage and interviews, dreamlike camera work and recreated scenes -- including several with actress Ann Savage playing the part of Maddin's mother -- the filmmaker builds a portrait of Winnipeg that manages to be historical, intimate, surreal, entertaining and entirely his own.",95.0,RottenTomatoes
Manakamana,2013,"High above Nepal, cable cars transport visitors to an ancient Hindu temple, the site of a shrine to the wish-fulfilling goddess Manakamana.",96.0,RottenTomatoes
I Am Divine,2012,"The life and work of cultural icon, recording artist and actor Divine.",96.0,RottenTomatoes
Cutie and the Boxer,2013,Noriko seeks an identity of her own after 40 years of marriage to famous boxing artist Ushio Shinohara.,95.0,RottenTomatoes
Brooklyn Castle,2012,"Chess helps transforms a New York school into one of the city's best, but recession-driven budget cuts threaten to undermine the school's championship chess team.",96.0,RottenTomatoes
Crumb,1994,"Filmmaker Terry Zwigoff creates a complex but affectionate portrait of his longtime friend, underground cartoonist Robert Crumb. A notorious curmudgeon who would prefer to be alone with his fellow cartoonist wife Aline Kominsky-Crumb and his beloved vintage jazz records, Crumb reveals himself to be a complicated personality who suffered a troubled upbringing and harbors a philosophical opposition to the 1960s hippie underground that first celebrated his work.",95.0,RottenTomatoes
Deep Water,2006,"In 1968, Donald Crowhurst, an inexperienced British sailor, puts up his home as collateral, gains financial backing and enters the Golden Globe, the first nonstop boat race around the world. Under dire financial pressure, Crowhurst decides to set sail before his boat is fully built, leaving it unprepared for the stresses of the open ocean. Crowhurst is under-prepared himself, and his decision to embark before he and his vessel are ready sets a deadly chain of events into motion.",96.0,RottenTomatoes
The Last of the Unjust,2013,"Benjamin Murmelstein, the only Jewish elder to survive World War II, fought with Adolf Eichmann week after week for seven years and managed to help more than 120,000 Jews leave Germany.",96.0,RottenTomatoes
The Devil Came on Horseback,2007,"While serving with the African Union, former Marine Capt. Brian Steidle documents the brutal ethnic cleansing occuring in Darfur. Determined that the Western public should know about the atrocities he is witnessing, Steidle contacts New York Times reporter Nicholas Kristof, who publishes some of Steidle's photographic evidence.",96.0,RottenTomatoes
Good Hair,2009,"Prompted by a question from his young daughter, comic Chris Rock sets out to explore the importance of hair in black culture. Rock interviews celebrities such as Ice-T and Raven Symone, and visits hair salons, stylist competitions and even an Indian temple to learn about hair culture.",95.0,RottenTomatoes
Up the Yangtze,2007,"This documentary examine China's rapidly changing economy by focusing on the construction of the Three Gorges Dam. For the government, the dam stands as a symbol of progress; but it displaces hundreds of families during its creation. Following local teenagers Chen Bo Yu and Yu Shi, who work on one of the Western cruise lines that sails up the Yangtze near the dam, the film details the friction in Chinese society as its citizens struggle with the realities of its new consumer capitalism.",96.0,RottenTomatoes
5 Broken Cameras,2011,"Beginning in 2005, Palestinian Emad Burnet records his village's resistance to the encroachment of Israeli settlements.",96.0,RottenTomatoes
National Gallery,2014,"The education programs, scholars, scientists and curators work and enjoy the National Gallery in London.",95.0,RottenTomatoes
Plagues and Pleasures on the Salton Sea,2004,"John Waters narrates the story of Southern California's Salton Sea, a man-made lake that was once considered a prime recreation location, but has turned into an ecological disaster.",96.0,RottenTomatoes
Last Days in Vietnam,2014,"In the final weeks of the Vietnam War, American servicemen and others begin the difficult mission of evacuating as many friends, family members and South Vietnamese collaborators as possible before Saigon falls to the North Vietnamese.",95.0,RottenTomatoes
Super Size Me,2004,"Director Morgan Spurlock's social experiment in fast-food gastronomy sees him attempting to subsist uniquely on food from the McDonald's menu for an entire month. In the process his weight balloons, his energy level plummets and he experiences all sorts of unexpected -- and terrifying -- side effects. He also examines the corporate giant's growing role in the lives of American consumers and explores its methods of indoctrinating young people and its contribution to America's obesity epidemic.",92.0,RottenTomatoes
The Arbor,2010,"A mix of documentary and fictional elements tells the story of doomed playwright Andrea Dunbar, who wrote about the difficult life she endured growing up in England's Bradford housing projects. Archival footage featuring Dunbar is presented, along with interviews with family members, including her daughter, Lorraine, who led a similarly troubled life. Excerpts from Dunbar's most famous play, ""The Arbor,"" are performed on the streets of her hometown and at Buttershaw Estates, where she lived.",96.0,RottenTomatoes
Murderball,2005,"This documentary introduces the U.S. quad rugby team -- a team composed entirely of young paraplegic men. Using special wheelchairs and very little protection, the players play full-contact competitive rugby, using rules only slightly altered to accommodate their limitations. The film follows the team as they discuss the sport, their lives, and how they ended up in their chairs to begin with, while they play their way to the 2004 Paralympic Games in Athens, Greece.",98.0,RottenTomatoes
Athlete A,2020,Reporters from The Indianapolis Star expose Dr. Larry Nassar's sexual abuse of young gymnasts.,100.0,RottenTomatoes
Hoop Dreams,1994,"Every school day, African-American teenagers William Gates and Arthur Agee travel 90 minutes each way from inner-city Chicago to St. Joseph High School in Westchester, Illinois, a predominately white suburban school well-known for the excellence of its basketball program. Gates and Agee dream of NBA stardom, and with the support of their close-knit families, they battle the social and physical obstacles that stand in their way. This acclaimed documentary was shot over the course of five years.",98.0,RottenTomatoes
When We Were Kings,1996,"On October 30, 1974, perhaps the most famous heavyweight championship boxing match of all time took place in Kinshasa, Zaire: the ""Rumble in the Jungle"" between champion George Foreman and challenger Muhammad Ali. In historical footage and new interviews, this documentary explores the relationship between African-Americans and the African continent during the Black Power era in terms of both popular culture and international politics, including the brutality of then-dictator Mobutu Sese Seko.",98.0,RottenTomatoes
The King of Kong: A Fistful of Quarters,2007,"Named ""Video Game Player of the Century"" in 1999, Billy Mitchell sets a record score in ""Donkey Kong"" that many felt would never be broken. In 2003 Steve Wiebe, who has recently lost his job, learns about the record, sets out to beat it and does. So both men embark on a cross-country battle for inclusion in the 2007 Guinness Book of World Records as the supreme king of the electronic game.",97.0,RottenTomatoes
Undefeated,2011,"Since its founding in 1899, Manassas High School in North Memphis has never had a football team win a playoff game. In 2004, former high-school coach Bill Courtney offers to help turn the Manassas Tigers around. Nurturing his players' physical and emotional strengths, Courtney's efforts pay off in 2009, when the Tigers, led by their star player O.C., seem to have a chance to break their school's 110-year losing streak and finally win a playoff game.",96.0,RottenTomatoes
Rocky,1976,"Rocky Balboa (Sylvester Stallone), a small-time boxer from working-class Philadelphia, is arbitrarily chosen to take on the reigning world heavyweight champion, Apollo Creed (Carl Weathers), when the undefeated fighter's scheduled opponent is injured. While training with feisty former bantamweight contender Mickey Goldmill (Burgess Meredith), Rocky tentatively begins a relationship with Adrian (Talia Shire), the wallflower sister of his meat-packer pal Paulie (Burt Young).",92.0,RottenTomatoes
Surfwise,2007,"Forsaking a traditional home life, Dorian ""Doc"" Paskowitz and his wife raise their large brood in a 24-foot camper and spend their time surfing.",98.0,RottenTomatoes
The Life and Times of Hank Greenberg,1999,"""The Life and Times of Hank Greenberg"" is a humorous and nostalgic documentary about an extraordinary baseball player who transcended religious prejudice to become an American icon. Detroit Tiger Hammerin Hank's accomplishments during the Golden Age of Baseball rivaled those of Babe Ruth and Lou Gehrig.",97.0,RottenTomatoes
Battle of the Sexes,2017,"The 1973 tennis match between Billie Jean King and Bobby Riggs became the most watched televised sports event of all time. Trapped in the media glare, King and Riggs were on opposites sides of a binary argument, but off-court each was fighting more personal and complex battles. With her husband urging her to fight for equal pay, the private King was also struggling to come to terms with her own sexuality, while Riggs gambled his legacy and reputation in a bid to relive the glories of his past.",85.0,RottenTomatoes
The Fighter,2010,"For Micky Ward (Mark Wahlberg), boxing is a family affair. His tough-as-nails mother is his manager. His half-brother, Dicky (Christian Bale), once a promising boxer himself, is his very unreliable trainer. Despite Micky's hard work, he is losing and, when the latest fight nearly kills him, he follows his girlfriend's advice and splits from the family. Then Micky becomes a contender for the world title and he -- and his family -- earns a shot at redemption.",90.0,RottenTomatoes
Touching the Void,2003,"In 1985, two young climbers, Joe Simpson (Brendan Mackey) and Simon Yates (Nicholas Aaron), set out to be the first to reach the summit of the Siula Grande in the Peruvian Andes. They succeed, and the two embark on the treacherous descent down the mountain -- only to meet with disaster when Simpson breaks his leg in a fall, leaving Yates to lower him the rest of the way with ropes. When a storm threatens both their lives, Yates must decide whether to cut the rope and risk Simpson's likely death.",94.0,RottenTomatoes
The Crash Reel,2013,"Snowboarder Kevin Pearce suffers a traumatic brain injury while training for the 2010 Winter Olympics. His family stands by his side as he struggles through rehab, but they object when he expresses his desire to return to his favorite sport.",96.0,RottenTomatoes
Sugar,2008,"Like many young men in the Dominican Republic, 19-year-old Miguel ""Sugar"" Santos (Algenis Perez Soto) dreams of winning a slot on an American baseball team. Indeed, his talents as a pitcher eventually land him a slot on a single-A team in Iowa, but culture shock, racism and other curveballs threaten to turn Sugar's dream sour.",92.0,RottenTomatoes
Senna,2010,Ayrton Senna becomes a three-time Formula One racing champion and Brazil's national hero before his untimely death at age 34.,93.0,RottenTomatoes
The Damned United,2009,"The story of Brian Clough's 44 day stint as manager of Leeds United Football Club takes place in 1974 England. When Don Revie quits Leeds to become the England boss, the outspoken Brian Clough takes charge. Determined to impose his own style upon Revie's tough tackling team, Clough soon alienates his players and the board. Based on the book by David Pearce.",92.0,RottenTomatoes
Creed II,2018,"In 1985, Russian boxer Ivan Drago killed former U.S. champion Apollo Creed in a tragic match that stunned the world. Against the wishes of trainer Rocky Balboa, Apollo's son Adonis Johnson accepts a challenge from Drago's son -- another dangerous fighter. Under guidance from Rocky, Adonis trains for the showdown of his life -- a date with destiny that soon becomes his obsession. Now, Johnson and Balboa must confront their shared legacy as the past comes back to haunt each man.",83.0,RottenTomatoes
Boxing Gym,2010,"The veteran award-winning documentary filmmaker Frederick Wiseman turns his lens on the world of boxing, specifically on a gym in Austin, Texas. Unobtrusively recording the simple comings and goings at the facility, Wiseman documents daily life at the gym, its many patrons, their routines and its owner, Richard Lord. The film forgoes techniques common to modern documentaries -- talking-head interviews, reenactments, etc. -- in favor of a low-key approach.",95.0,RottenTomatoes
Red Army,2014,"Hockey captain Slava Fetisov and four other players form a nearly unbeatable unit known as the ""Russian Five,"" but their coach's brutal regimen leads Fetisov and others to defect from the Soviet Union.",92.0,RottenTomatoes
Riding Giants,2004,"Part sports history, part thrill ride, skateboarder Stacy Peralta's documentary pays homage to the brave, foolish surfers who dare ride the world's biggest waves. Peralta lays out the evolution of big-wave surfing from the '50s to today, touching upon changing trends and the constant search for ever larger waves. Then he shifts his focus to a handful of contemporary surfing superstars, among them Jeff Clark, pioneer of San Francisco's remote waves, and Laird Hamilton, known for tow-in riding.",93.0,RottenTomatoes
Dogtown and Z-Boys,2001,"""Dogtown and Z-Boys,"" directed and co-written by skateboard legend-turned-filmmaker Stacy Peralta, is the story of a group of accidental revolutionaries, gifted kids who inadvertently changed the world by doing what came naturally. It is also a unique documentary event: a ground-level, eyewitness account of the birth of an organic American pop culture phenomenon.",92.0,RottenTomatoes
The Color of Money,1986,"Former pool hustler ""Fast Eddie"" Felson (Paul Newman) decides he wants to return to the game by taking a pupil. He meets talented but green Vincent Lauria (Tom Cruise) and proposes a partnership. As they tour pool halls, Eddie teaches Vincent the tricks of scamming, but he eventually grows frustrated with Vincent's showboat antics, leading to an argument and a falling-out. Eddie takes up playing again and soon crosses paths with Vincent as an opponent.",89.0,RottenTomatoes
Up for Grabs,2004,"During the final leg of Major League Baseball's 2001 season, Giants batter Barry Bonds scores a historic 73rd home run at San Francisco's Pac Bell Park. Victorious in the ensuing scuffle for control of the record-breaking ball is spectator Patrick Hayashi -- a notion disputed by nearby Alex Popov, who claims Hayashi wrestled the ball from him. Director Michael Wranovics examines the resulting court battle, the media circus following the event and the obsessed fans behind the controversy.",92.0,RottenTomatoes
Hoosiers,1986,"Failed college coach Norman Dale (Gene Hackman) gets a chance at redemption when he is hired to direct the basketball program at a high school in a tiny Indiana town. After a teacher (Barbara Hershey) persuades star player Jimmy Chitwood to quit and focus on his long-neglected studies, Dale struggles to develop a winning team in the face of community criticism for his temper and his unconventional choice of assistant coach: Shooter (Dennis Hopper), a notorious alcoholic.",89.0,RottenTomatoes
Girlfight,2000,"Newcomer Michelle Rodriguez in an astounding performance alongside Jaime Tirelli, Paul Calderon and Santiago Douglas. Nothing comes easy for Diana Guzman, a troubled girl on the brink of womanhood. Her teachers don't understand her, her father underestimates her and her friends are few. Diana struggles to find respect and dignity every day. Diana is a quick tempered young woman who finds discipline, self-respect and love in the most unlikely place -- a boxing ring.",88.0,RottenTomatoes
Tristram Shandy: A Cock and Bull Story,2005,A director tries to shoot an adaptation of a novel that is considered to be impossible to film.,88.0,RottenTomatoes
Heaven Can Wait,1978,"Joe Pendleton (Warren Beatty), quarterback for the Los Angeles Rams, is killed in an auto accident. In the afterlife, Joe discovers that his guardian angel (Buck Henry) has taken him from his body prematurely, and he is due many more years on earth. Unable to return to his body, Joe assumes the form of greedy multimillionaire industrialist Leo Farnsworth. As Farnsworth, Joe attempts a return to football and falls in love with environmental activist Betty Logan (Julie Christie).",88.0,RottenTomatoes
Field of Dreams,1989,"When Iowa farmer Ray (Kevin Costner) hears a mysterious voice one night in his cornfield saying ""If you build it, he will come,"" he feels the need to act. Despite taunts of lunacy, Ray builds a baseball diamond on his land, supported by his wife, Annie (Amy Madigan). Afterward, the ghosts of great players start emerging from the crops to play ball, led by ""Shoeless"" Joe Jackson. But, as Ray learns, this field of dreams is about much more than bringing former baseball greats out to play.",87.0,RottenTomatoes
The Heart of the Game,2005,"Filmed over a period of seven years, director Ward Serrill profiles Bill Resler, a university professor who coaches a basketball team comprised of high-school girls. Darnellia Russell, one of the team's few black players, also comes into focus as she struggles to stay on the team despite major obstacles.",87.0,RottenTomatoes
Tyson,2008,"Former heavyweight boxing champion Mike Tyson reflects on his tumultuous life both in and out of the ring. Filmmaker James Toback offers up a complex portrait of the man, as the two discuss Tyson's time in juvenile detention, his relationship with mentor Cus D'Amato, his boxing career, and the rape charge that landed him in prison.",85.0,RottenTomatoes
The Hurricane,1999,"Denzel Washington is Rubin ""Hurricane"" Carter, a man whose dreams of winning the middleweight boxing title were destroyed when he was arrested along with another man for the murders of 3 people in a New Jersey bar. Wrongfully accused, Carter and John Artis were sentenced to 3 life terms in prison.",83.0,RottenTomatoes
Chariots of Fire,1981,"In the class-obsessed and religiously divided United Kingdom of the early 1920s, two determined young runners train for the 1924 Paris Olympics. Eric Liddell (Ian Charleson), a devout Christian born to Scottish missionaries in China, sees running as part of his worship of God's glory and refuses to train or compete on the Sabbath. Harold Abrahams (Ben Cross) overcomes anti-Semitism and class bias, but neglects his beloved sweetheart Sybil (Alice Krige) in his single-minded quest.",82.0,RottenTomatoes
Looking for Eric,2009,"Ever since his wife (Stephanie Bishop) left him, Eric Bishop's (Steve Evets) life has fallen apart. His two teen sons (Gerard Kearns, Stefan Gumbs) have little regard for him, his job at the post office is increasingly unfulfilling and he ends up in the hospital after a car crash. One night, he smokes marijuana and has a vision of his favorite Manchester United soccer player: Eric Cantona. With the help of his idol and his daughter (Lucy-Jo Hudson), Eric tries to get his life straightened out.",85.0,RottenTomatoes
The Armstrong Lie,2013,"Filmmaker Alex Gibney chronicles Lance Armstrong's attempt to return to cycling, his admission of doping and subsequent fall from grace.",82.0,RottenTomatoes
Major League,1989,"The new owner of the Cleveland Indians, former showgirl Rachel Phelps (Margaret Whitton), has a sweetheart deal to move the team to Miami. But to break the lease with the city of Cleveland, ticket sales have to plummet. So Phelps hires the most incompetent players available, including near-blind pitcher Rick Vaughn (Charlie Sheen) and injury-prone catcher Jake Taylor (Tom Berenger). But her villainous tactics accidentally foster a can-do team spirit, turning the Indians into potential winners.",83.0,RottenTomatoes
Go Tigers!,2001,"""Go Tigers!"" is a rare behind-the-scenes chronicling of a remarkable season for the Massillon Tiger's high school football team, played out in a small town that draws its identity from football. During the course of the season, three young stars emerge who are forced to carry the burden of the town and their teammates as they confront their uncertain future. The film was shot on location in Ohio on High Definition video.",85.0,RottenTomatoes
You Cannot Kill David Arquette,2020,"Branded as the most hated man in wrestling after winning a highly controversial WCW World Heavyweight Championship in 2000, actor David Arquette attempts a rocky return to the sport that stalled his promising Hollywood career. Dangerously determined to redeem his reputation and reclaim his self-respect, Arquette will stop at nothing to earn his place in professional wrestling.",83.0,RottenTomatoes
Goon,2011,"Though a misfit among his brainy family members, Massachusetts bouncer Doug Glatt (Seann William Scott) has a knockout punch that lands him a spot on a minor-league Canadian hockey team.",81.0,RottenTomatoes
Beyond the Mat,1999,"""Beyond the Mat,"" Barry Blaustein's honest, intimate, revealing, highly entertaining, and critically acclaimed behind-the-scenes look at wrestling, takes viewers beyond the ring and into the lives of the men and women who inhabit this colorful, competitive, and surprisingly complex world.",82.0,RottenTomatoes
Invictus,2009,"Following the fall of apartheid, newly elected President Nelson Mandela (Morgan Freeman) faces a South Africa that is racially and economically divided. Believing he can unite his countrymen through the universal language of sport, Mandela joins forces with Francois Pienaar (Matt Damon), captain of the rugby team, to rally South Africans behind a bid for the 1995 World Cup Championship.",76.0,RottenTomatoes
The Boxer,1997,"Rising teen boxer and Belfast native Danny Flynn (Daniel Day-Lewis) was imprisoned for 14 years after getting involved with the Irish Republican Army. Newly freed from jail in his early 30s, Danny returns home and attempts to put his life back together. Reopening his neighborhood gym and reconnecting with his lost love, Maggie (Emily Watson), now a single mother while her husband is in prison, Danny battles against his former IRA compadres, including the militant Harry (Gerard McSorley).",80.0,RottenTomatoes
Vision: From the Life of Hildegard von Bingen,2009,"Gifted writer, composer, herbalist and more, a Benedictine nun (Barbara Sukowa) works to expand the status and responsibilities of women within her order.",83.0,RottenTomatoes
A League of Their Own,1992,"As America's stock of athletic young men is depleted during World War II, a professional all-female baseball league springs up in the Midwest, funded by publicity-hungry candy maker Walter Harvey (Garry Marshall). Competitive sisters Dottie Hinson (Geena Davis) and Kit Keller (Lori Petty) spar with each other, scout Ernie Capadino (Jon Lovitz) and grumpy has-been coach Jimmy Dugan (Tom Hanks) on their way to fame. Madonna and Rosie O'Donnell co-star as two of the sisters' teammates.",78.0,RottenTomatoes
Step Into Liquid,2003,"In a documentary shot in waters all over the globe, director Dana Brown takes on tall waves and surfers who live to challenge them. The film treks from the Irish coast, where a trio of American brothers take on the Atlantic surf, to Rapa Nui in the Pacific, where the Easter Island statues gaze out at board-riding daredevils. Brown also finds good surfing in unlikely places, like Wisconsin and Texas, and charts the rise of female surfers in a sport traditionally dominated by males.",81.0,RottenTomatoes
Once in a Lifetime: The Extraordinary Story of the New York Cosmos,2006,"This documentary looks back on a time when soccer briefly captured America's attention. The film profiles the North American Soccer League franchise the New York Cosmos and the sensation it created back in the 1970s. Using archival footage, old photos and anecdotes from former players and businessmen, it tells the story -- or several conflicting stories -- of a team starring Brazilian soccer legend Pele, formed by non-sports people and ultimately submarined by the league's excessive expansion.",81.0,RottenTomatoes
Fed Up,2014,Filmmaker Stephanie Soechtig and journalist Katie Couric investigate how the American food industry may be responsible for more sickness than previously realized.,80.0,RottenTomatoes
Stoked: The Rise and Fall of Gator,2003,"This documentary film explores the life of former skateboarding pro Mark ""Gator"" Rogowski, who, in 1991, was sentenced to 31 years in jail after raping and murdering a female acquaintance. Filmmaker Helen Stickler chronicles Rogowski's tragic journey from cool, confident skateboarding icon to convicted murderer. His struggles with alcoholism and depression are also explored, and skate legends such as Tony Hawk and Stacy Peralta offer first-hand accounts of their experiences with Rogowski.",81.0,RottenTomatoes
Talladega Nights: The Ballad of Ricky Bobby,2006,"NASCAR superstar Ricky Bobby (Will Ferrell) is at the top of his game; adored by fans, a trophy wife by his side, and incredible wealth. But Ricky loses it all when French Formula One champion Jean Girard (Sacha Baron Cohen) roars onto the scene. Ricky, with the help of his ruthless father, must pull himself out of the depths of despair and restore his honor on the racetrack.",71.0,RottenTomatoes
Invincible,2006,"Lifelong football fan Vince Papale (Mark Wahlberg) sees his wildest dreams come true when he becomes a member of the Philadelphia Eagles. While teaching at his high-school alma mater in Pennsylvania, the 30-year-old gets a chance to try out for his favorite team and, except for kickers, becomes the oldest rookie in NFL history who never played football in college.",72.0,RottenTomatoes
Ultimate X: The Movie,2002,"Bruce Hendricks highlights events of the 2001 Summer X Games, including skateboarding, BMX biking and the street luge.",74.0,RottenTomatoes
Gunnin' for That No. 1 Spot,2008,"Rucker Park in New York City's Harlem has been host to many legends, such as Wilt Chamberlain and Kareem Abdul-Jabbar. Now, the top high-school basketball players in America will assemble on the same court to compete in the first annual ""Elite 24"" all-star game, which is seen as a good measure of a player's NBA potential. This documentary trails eight of the teens as -- preparing to become champions -- they demonstrate the required dedication that accompanies a swift rise to greatness.",72.0,RottenTomatoes
The Blind Side,2009,"Michael Oher (Quinton Aaron), a homeless black teen, has drifted in and out of the school system for years. Then Leigh Anne Tuohy (Sandra Bullock) and her husband, Sean (Tim McGraw), take him in. The Tuohys eventually become Michael's legal guardians, transforming both his life and theirs. Michael's tremendous size and protective instincts make him a formidable force on the gridiron, and with help from his new family and devoted tutor, he realizes his potential as a student and football player.",66.0,RottenTomatoes
More Than a Game,2008,"Filmmaker Kristopher Belman chronicles the early career of basketball superstar LeBron James. James and four other talented teammates were a powerhouse combination at St. Vincent-St. Mary High School in Akron, Ohio. The five star athletes burned up the courts throughout Ohio, but James' ever-increasing celebrity threatened to tear apart all the five had worked so hard to achieve.",71.0,RottenTomatoes
Secretariat,2010,"Despite her lack of experience, housewife and mother Penny Chenery (Diane Lane) agrees to take over management of the family Thoroughbred farm after her father (Scott Glenn) becomes ill. Successfully navigating her way through the male-dominated world of horse racing, Chenery, together with veteran trainer Lucien Laurin (John Malkovich), fosters a gifted colt that ultimately crosses the finish line into history as the Triple Crown winner in 1973.",63.0,RottenTomatoes
The Sandlot,1993,"When Scottie Smalls (Thomas Guiry) moves to a new neighborhood, he manages to make friends with a group of kids who play baseball at the sandlot. Together they go on a series of funny and touching adventures. The boys run into trouble when Smalls borrows a ball from his stepdad that gets hit over a fence.",63.0,RottenTomatoes
Dust to Glory,2005,"It has a reputation as the most dangerous race in the world: the Tecate SCORE Baja 1000 in Mexico. But every year, this one-of-a-kind event draws fans and enthusiasts determined to brave the harsh course, which includes deserts, swaths of cactus and the metallic carcasses of vehicles left for dead. This documentary about the 24-hour race includes interviews with drivers of everything from bikes to trucks, and from celebrities of the racing world to those looking for their first shot at glory.",60.0,RottenTomatoes
NASCAR,2004,"Filmmaker Simon Wincer follows racers who are traveling, and sometimes crashing, at nearly 200 mph; narrated by Kiefer Sutherland.",61.0,RottenTomatoes
Glory Road,2006,"After being appointed the new coach of the 1966 Texas Miners, Don Haskins (Josh Lucas) decides to build a team based on talent rather than race. The conservative townsfolk balk at the new racially diverse lineup despite the fact that the team is winning all their games. When black players like Bobby Joe Hill (Derek Luke) and team captain Harry Flournoy (Mehcad Brooks) begin to dominate the court with flashy moves, the racial tension increases, jeopardizing the future of the team.",55.0,RottenTomatoes
Because of Winn-Dixie,2005,"Abandoned by her mother years ago, Opal (AnnaSophia Robb), a 10-year-old girl, moves with her preacher father (Jeff Daniels) to a small town in Florida. Lonely and missing her old friends, Opal is ecstatic to find companionship with a rambunctious little dog she names Winn-Dixie, after the store where she found the pup. With Winn-Dixie's help, Opal befriends several colorful townsfolk (Cicely Tyson, Eva Marie Saint, Dave Matthews) and even begins mending her relationship with her father.",55.0,RottenTomatoes
The Perfect Game,2008,"Amid the poverty of Monterrey, Mexico, a ragtag group of boys discovers the joys of sandlot baseball, thanks to the guidance of a coach (Clifton Collins Jr.) who had once hoped to make it in the major leagues. Armed with a dream of playing in the Little League, the boys defy the odds, setting off on an unprecedented winning streak that leads them across the border to America and the 1957 Little League World Series.",57.0,RottenTomatoes
Steep,2007,"This documentary tracks the history of extreme skiing, from its advent in the 1960s through its development into a popular modern sport. The story begins with legendary skier Bill Briggs descending Wyoming's Grand Teton Mountain and continues with the extraordinary feats of skiing pioneer Doug Coombs and others. Including incredible and beautiful footage from various remote ski locations in Canada, Alaska and Iceland, the film also features narration by actor Peter Krause.",54.0,RottenTomatoes
First Descent,2005,Snowboarders discuss the sport's history and challenges as they prepare to tackle the mountains of Alaska.,52.0,RottenTomatoes
Soul Surfer,2011,"A natural talent in the sport of surfing, teenager Bethany Hamilton (AnnaSophia Robb) loses an arm in a shark attack. Bolstered by the love of her parents (Helen Hunt, Dennis Quaid) and refusing to give up, she plans to return to competition, although questions about her future continue to trouble her. Upon seeing the devastation in Thailand caused by the 2004 tsunami, Bethany discovers a greater purpose: to make a difference in the lives of others.",45.0,RottenTomatoes
The Replacements,2000,"It's late in the season; the playoffs are fast approaching; and the Washington Sentinels have just gone on strike. Scrambling for a solution, the Sentinels' owner Edward O'Neil hatches a plan to bring in legendary coach Jimmy McGinty to recruit a team of replacement players in exactly one week. For fans and owners alike, the strike is a disaster. But for Shane Falco and a mismatched crew of outsiders, it is the second chance they've waited their whole lives for.",41.0,RottenTomatoes
Beerfest,2006,"Two brothers (Erik Stolhanske, Paul Soter) from America happen upon a secret and centuries-old beer-games competition during a visit to Germany's Oktoberfest. After losing badly, they return to America, assemble an impressive team of brew-lovers and return to Germany for a rematch.",41.0,RottenTomatoes
Goal! The Dream Begins,2005,"Santiago Muñez, a Mexican cook in Los Angeles, gets a chance to follow his dream of playing professional soccer. A talent scout with contacts in the United Kingdom spots him and offers a once-in-a-lifetime chance: If he can find a way to England, he can try out for the Newcastle United team. Gavin Harris, a star player, takes young Santiago under his wing and helps him prove himself to his disbelieving father.",42.0,RottenTomatoes
Grudge Match,2013,"Pittsburgh boxers Billy ""The Kid"" McDonnen (Robert De Niro) and Henry ""Razor"" Sharp (Sylvester Stallone) shared a fierce rivalry back in the 1980s. Each had scored a victory in two matches, but on the eve of their decisive third bout, Henry suddenly announced his retirement, effectively ending both boxers' careers. Thirty years later, boxing promoter Dante Slate Jr. (Kevin Hart) makes Billy and Henry an offer they can't refuse: Return to the ring and settle the score once and for all.",31.0,RottenTomatoes
Jiminy Glick in Lalawood,2004,"A celebrity interviewer (Martin Short) and his wife (Jan Hooks) become tangled in a murder mystery involving a boozy actress, her family and her publicist.",22.0,RottenTomatoes
Playing for Keeps,2012,"Long past his soccer-playing heyday, George Dryer (Gerard Butler) is struggling financially and failing in his attempt to reconcile with his ex-wife, Stacie (Jessica Biel), and young son, Lewis (Noah Lomax). When Lewis' soccer team has an opening for a coach, George steps up. Not only is George a big hit with the children, but he also attracts lots of attention from some of the players' single and unhappily married mothers (Uma Thurman, Catherine Zeta-Jones).",4.0,RottenTomatoes
Life Itself,2014,"Filmmaker Steve James chronicles the life of film critic Roger Ebert, especially his career highlights, his battle with alcohol, and his sometimes ruthless rivalry with fellow critic Gene Siskel.",98.0,RottenTomatoes
Afghan Star,2009,"Director Havana Marking dives into the booming, but still young and growing, world of pop culture in Afghanistan. Newly liberated after more than 30 years of stifling Taliban rule, the country is taken with a fervor for expression. This documentary follows four contestants, including two women, as they audition, sing and compete in a countrywide ""American Idol""-type competition called ""Pop Idol."" Marking uncovers a wonderfully vibrant community, which is also surprisingly accepting.",100.0,RottenTomatoes
Room 237,2012,"Filmmaker Rodney Ascher analyzes Stanley Kubrick's film adaptation of Stephen King's classic horror novel ""The Shining.""",94.0,RottenTomatoes
49 Up,2005,"Twelve people, documented every seven years since they were each 7 years old, discuss how their lives have changed since their last interview.",97.0,RottenTomatoes
A Film Unfinished,2009,"Israeli director Yael Hersonski examines a recently found film reel from an unfinished Nazi movie entitled ""Das Ghetto"" in this award-winning documentary. For decades, historians have relied on ""Das Ghetto"" as a portrayal of life in occupied Warsaw and this new footage provides rare insights into one of the biggest propaganda machines of all time. Hersonski uses personal journals and accounts as well as an interview with a surviving cameraman to re-examine this dark cinematic relic.",97.0,RottenTomatoes
The Return,2003,"Andrey (Vladimir Garin) and Ivan (Ivan Dobronravov) are brothers who have been raised alone by their mother. When their father (Konstantin Lavronenko) suddenly returns home after vanishing some 12 years earlier, they are both extremely happy to see him back in their lives. Ivan, however, quickly grows suspicious of his father, and determines to find out where exactly his father vanished to all those years ago, and why he suddenly decided to come back into their lives now.",96.0,RottenTomatoes
Behind the Candelabra,2013,"World-famous pianist Liberace (Michael Douglas) takes much-younger Scott Thorson (Matt Damon) as a lover, but the relationship deteriorates when Liberace takes other bedmates and Thorson becomes addicted to drugs.",94.0,RottenTomatoes
"Not Quite Hollywood: The Wild, Untold Story of Ozploitation!",2008,"As Australian cinema broke through to international audiences in the 1970s through respected art house films like Peter Weir's ""Picnic At Hanging Rock,"" a new underground of low-budget exploitation filmmakers were turning out considerably less highbrow fare. Documentary filmmaker Mark Hartley explores this unbridled era of sex and violence, complete with clips from some of the scene's most outrageous flicks and interviews with the renegade filmmakers themselves.",95.0,RottenTomatoes
Being Elmo: A Puppeteer's Journey,2011,"Interviews with Frank Oz, Rosie O'Donnell, Whoopi Goldberg and others highlight a portrait of Kevin Clash, the man who brings ""Sesame Street"" muppet Elmo to life.",95.0,RottenTomatoes
Los Angeles Plays Itself,2003,"Consisting mostly of shots from other films, this documentary discusses the many representations of the city of Los Angeles in film and on television. Professor Thom Andersen compares the city as it exists in real life with its depictions on screen to examine how L.A. and its massive community have been misrepresented over the years. In addition to critical analysis, Andersen explains how directors portray the city itself as a character, and he also delves into L.A.'s dark history.",96.0,RottenTomatoes
Lost in La Mancha,2002,"Visionary director Terry Gilliam has a dream. He wants to film the classic story of Don Quixote by recasting it as a trippy, time-traveling, mistaken-identity adventure with Johnny Depp as Quixote. After struggling for years to get financing, insurance and a cast in place, Gilliam travels to Spain and promptly watches his dream fall apart. From flash floods to cast no-shows to serious injuries, Gilliam and his crew suffer one setback after another.",94.0,RottenTomatoes
El Camino: A Breaking Bad Movie,2019,Jesse Pinkman flees from the police and tries to escape his inner turmoil.,91.0,RottenTomatoes
Sing Your Song,2011,"Harry Belafonte rises to fame, becoming an acclaimed singer and actor, and working tenaciously throughout his career as a social activist.",95.0,RottenTomatoes
American Movie,1999,"In this cult-favorite documentary, Mark Borchardt, an aspiring filmmaker from a working-class Wisconsin background, is set on finishing his low-budget horror movie, despite a barrage of difficulties. Plagued by lack of cash, unreliable help and numerous personal problems, Mark wants to complete the film to raise funds for a more ambitious drama. With the assistance of his bumbling but loyal friend Mike Schank, Mark struggles to move forward, making for plenty of bittersweet moments.",94.0,RottenTomatoes
Best Worst Movie,2009,"This documentary reviews the making of the film ""Troll 2"" from the perspective of its former child actor star, Michael Stephenson. In 1989, a group of actors and an Italian production crew join forces to produce a slice of unwitting cinematic history. Stephenson and those involved with the ill-fated sequel tell the story of Italian director Claudio Fragasso's B-movie classic, among them the Alabama dentist who became a cult star because of his famous, immortal line.",94.0,RottenTomatoes
The Normal Heart,2014,"In 1980s New York, a writer (Mark Ruffalo) and his friends join forces to expose the truth about the emerging AIDs crisis to both the government and the gay community.",94.0,RottenTomatoes
Side by Side,2012,"Directors James Cameron, David Fincher, Martin Scorsese, Christopher Nolan and others discuss digital technology's impact on filmmaking.",93.0,RottenTomatoes
Joan Rivers: A Piece of Work,2010,"This revealing documentary follows the life and career of Joan Rivers, a veteran comedienne arguably more known for her extensive plastic surgery than for her talent. The film explores her early years in the comedy industry and touches on her longtime professional relationship with Johnny Carson, who is one of many celebrities featured, along with George Carlin, Phyllis Diller, Kathy Griffin and Rivers' own daughter and frequent screen partner, Melissa Rivers.",92.0,RottenTomatoes
"Yoo-Hoo, Mrs. Goldberg",2009,"Gertrude Berg rose to prominence in the 1930s as the star of ""The Goldbergs,"" a pioneering radio program and, later, a TV sitcom, which she also created, wrote and produced. Director Aviva Kempner tells the story of this important, overlooked figure in entertainment history, explaining her background -- she arrived in the U.S. as an inexperienced Jewish immigrant -- and interviewing notable figures such as writer/producer Norman Lear and Supreme Court Justice Ruth Bader Ginsberg.",93.0,RottenTomatoes
The Kid Stays in the Picture,2002,"Traces the meteoric rise, fall, and rise again of legendary Hollywood producer Robert Evans. Adapted from Mr. Evans's tell-all autobiography, the movie takes the audience on an intimate journey into the mind of this Hollywood legend. ""The Kid Stays in the Picture"" shares gripping anecdotes about Evans's unusual friendships and follows the thread of his tumultuous love life.",91.0,RottenTomatoes
F for Fake,1973,"Orson Welles' final film documents the lives of infamous fakers Elmyr de Hory and Clifford Irving. De Hory, who later committed suicide to avoid more prison time, made his name by selling forged works of art by painters like Picasso and Matisse. Irving was infamous for writing a fake autobiography of Howard Hughes. Welles moves between documentary and fiction as he examines the fundamental elements of fraud and the people who commit fraud at the expense of others.",88.0,RottenTomatoes
"Electric Boogaloo: The Wild, Untold Story of Cannon Films",2014,"Robert Forster, Sybil Danning, Bo Derek, Tobe Hooper and others help filmmaker Mark Hartley recount the rise and fall of Cannon Films, the studio behind such schlock films as ""The Apple"" and ""King Solomon's Mines.""",92.0,RottenTomatoes
Duel,1971,"David Mann (Dennis Weaver), a mild mannered electronics salesman, is driving cross-country on a two-lane highway when he encounters an old oil tanker driven by an unseen driver who seems to enjoy annoying him with dangerous antics on the road. Unable to escape the demonic big rig, David finds himself in a dangerous game of cat and mouse with the monstrous truck. When the pursuit escalates to deadly levels, David must summon his inner warrior and turn the tables on his tormentor.",88.0,RottenTomatoes
Saraband,2003,"Following Johan (Erland Josephson) and Marianne (Liv Ullmann) 30 years after the events of ""Scenes from a Marriage,"" this sequel finds the couple long since divorced and remarried. After Johan separates from his second wife, and Marianne loses her second husband, the ex-lovers try to reconnect. Meanwhile, Johan's son, Henrik (Börje Ahlstedt), is having problems of his own with his daughter, Karin (Julia Dufvenius), a cellist whose career plans don't match her father's expectations.",91.0,RottenTomatoes
Corman's World: Exploits of a Hollywood Rebel,2011,"Jack Nicholson, Martin Scorsese, Robert De Niro, Ron Howard and others pay tribute to legendary independent filmmaker Roger Corman.",92.0,RottenTomatoes
Doctor Zhivago,1965,"During the Russian Revolution, Yuri Zhivago (Omar Sharif), is a young doctor who has been raised by his aunt and uncle following his father's suicide. Yuri falls in love with beautiful Lara Guishar (Julie Christie), who has been having an affair with her mother's lover, Victor Komarovsky (Rod Steiger), an unscrupulous businessman. Yuri, however, ends up marrying his cousin, Tonya (Geraldine Chaplin). But when he and Lara meet again years later, the spark of love reignites.",84.0,RottenTomatoes
The Five Obstructions,2003,"In 1967, experimental filmmaker Jorgen Leth created a striking short film, ""The Perfect Human,"" starring a man and women sitting in a box while a narrator poses questions about their relationship and humanity. Years later, Danish director Lars von Trier made a deal with Leth to remake the film five times, each under a different set of circumstances and with von Trier's strictly prescribed rules. As Leth completes each challenge, von Trier creates ever more elaborate rules for the contest.",89.0,RottenTomatoes
Tell Them Who You Are,2004,"Haskell Wexler has proven to be a prolific and distinguished cinematographer, having shot more than 60 films in his storied career and winning Oscars for his work on ""Who's Afraid of Virginia Woolf?"" and ""Bound for Glory."" He's been an inspiration to many aspiring filmmakers, including his son, Mark Wexler, a documentarian whose films often focus on himself. Here, Mark concentrates on his acclaimed but enigmatic father, hoping to connect with him while establishing an identity of his own.",88.0,RottenTomatoes
This Film Is Not Yet Rated,2006,"Filmmakers Kimberly Peirce, Wayne Kramer, Michael Tucker and Matt Stone are among those who give commentary in Kirby Dick's examination of the Motion Picture Association of America and the standards and methods its ratings board uses to rate the movies.",84.0,RottenTomatoes
Trekkies,1997,"The science fiction TV franchise ""Star Trek"" has had a seismic impact on the lives of its most obsessive fans. Known as Trekkies, these diehard devotees wear their Starfleet costumes in public, speak in Klingon and even redecorate their offices and homes to mimic the look of the ""Star Trek"" world. In this documentary, former ""Star Trek"" actress Denise Crosby travels the country interviewing famous fans like Barbara Adams and exploring the reasons behind the show's enduring appeal.",85.0,RottenTomatoes
Outfoxed: Rupert Murdoch's War on Journalism,2004,"Left-leaning documentary filmmaker Robert Greenwald sets his sights on right-wing billionaire Rupert Murdoch in this takedown of the Australian media mogul's flagship, Fox News Channel. In deconstructing the conservative network's oft-touted slogan, ""Fair and Balanced,"" Greenwald assembles archival footage of Fox News personalities like Bill O'Reilly and Neil Cavuto, as well as interviews with former employees and previously unseen interoffice memos from channel boss Roger Ailes.",85.0,RottenTomatoes
Inside Deep Throat,2005,"Dennis Hopper narrates this documentary that investigates the infamous pornographic film ""Deep Throat."" Featuring interviews with the cast and filmmakers, including director Gerard Damiano and leads Linda Lovelace and Harry Reems, this film explores the controversy surrounding both the production of the movie and its reception. Cultural icons of the era such as Hugh Hefner, Gore Vidal and Larry Flynt also contribute, discussing the impact of ""Deep Throat"" on the zeitgeist.",82.0,RottenTomatoes
Trumbo,2007,"Like the protagonist of his classic film ""Spartacus,"" leftist screenwriter Dalton Trumbo has a rebellious streak. During the McCarthy era, Trumbo refuses to cooperate with the House Un-American Activities Committee and is sentenced to 11 months in prison. Blacklisted in Hollywood, Trumbo resorts to writing scripts under a pseudonym. The film uses archival footage, interviews and actors reading Trumbo's brilliant letters and scripts to construct a portrait of an uncompromising artist.",84.0,RottenTomatoes
Confirmation,2016,"Nominated to the Supreme Court in 1991, Judge Clarence Thomas (Wendell Pierce) must testify before the Senate Judiciary Committee after Anita Hill (Kerry Washington), his former employee, claims that he sexually harassed her.",83.0,RottenTomatoes
Blank City,2009,"In the late 1970s a group of aspiring New York filmmakers, inspired by the burgeoning underground music scene, takes to the streets to shoot guerrilla-style movies and in the process fosters the influential and highly regarded No Wave movement. This film examines the events that led to No Wave's creation, in which the city itself, which was in decay at the time, plays a significant role. Featuring interviews with Jim Jarmusch, John Waters, Thurston Moore, Debbie Harry and Lydia Lunch.",82.0,RottenTomatoes
Tupac: Resurrection,2003,"Using interviews, photographs and home movies, this documentary presents the life of rapper Tupac Shakur. His mother, Afeni, is a Black Panther who spends part of her pregnancy in jail. Growing up in a politicized atmosphere, Shakur attends a performing arts high school in Baltimore, where he begins rapping. Success comes early, as do a series of legal problems, with arrests and accusations of violence against women leading up to his meteoric rise to fame and still-unsolved 1996 murder.",78.0,RottenTomatoes
Overnight,2003,"This documentary follows Troy Duffy, a brash, foul-mouthed bartender whose screenplay for an action film called ""Boondock Saints"" scores him a generous contract to write and direct the film for Harvey Weinstein at Miramax Studios. Duffy's band, the Brood, is also in the midst of signing a contract with Madonna's Maverick Records. Duffy's fiery manner is instrumental to his success, but when the deals go sour, no one seems safe from his explosive temper.",78.0,RottenTomatoes
Disney's Teacher's Pet,2004,"In this animated musical, Spot (Nathan Lane) is a snarky blue-furred dog whose greatest desire is to be transformed into a human, and who already dons a human costume so he can pose as a student at a local school. Opportunity strikes when he sees a television commercial in which Doctor Krank (Kelsey Grammer) claims to be able to turn animals into humans. However, when the experiment goes wrong, Spot must enlist the help of his owner, Leonard Helperman.",76.0,RottenTomatoes
Pom Wonderful Presents: The Greatest Movie Ever Sold,2011,"Fascinated by the ubiquity of advertising, documentarian Morgan Spurlock decides to make a film solely financed by product placement. Though many of the companies he contacts decline to participate, Spurlock gains support from businesses such as JetBlue Airways and Ban deodorant. While pitching his ideas, Spurlock visits Sao Paulo, where commercial outdoor displays have been banned, and a Florida school district forced to allow in-school advertising to continue operating.",72.0,RottenTomatoes
Fellini: I'm a Born Liar,2003,"This in-depth documentary focuses on revered Italian filmmaker Federico Fellini. In addition to presenting clips from many of Fellini's acclaimed movies, the film features extensive interview footage with the lively and eccentric director, including revelatory conversations recorded in the years before he died. The production also includes interviews with actors who worked with the infamously moody auteur, most notably Roberto Benigni and Donald Sutherland.",73.0,RottenTomatoes
Only Human,2004,"Leni Dali (Marián Aguilera), a successful television reporter, decides the time is finally right to bring the new love in her life, Rafi (Guillermo Toledo), to meet her rather eccentric Jewish family. As could be expected, Rafi harbors some anxiety about the meeting, and his concern is not unfounded. Each family member turns out to have a different personality flaw that makes feeling at home hard to do -- especially when they discover Rafi is Palestinian.",72.0,RottenTomatoes
My Date With Drew,2004,"Aspiring filmmaker Brian Herzlinger has been in love with Drew Barrymore since he was a boy. After buying a video camera from Circuit City, Herzingler and his crew have 30 days to find Barrymore, date her and return the camera for a full refund. Unfortunately, Barrymore is Hollywood royalty, and Herzlinger is just a guy from New Jersey. It will take every ounce of charm Herzlinger can muster to make his way through the minefield of agents, publicists and bouncers to reach his prize.",71.0,RottenTomatoes
Waking Sleeping Beauty,2009,"Through extensive use of archival clips, documentarian Don Hahn explores how Walt Disney Animation Studios broke out of their mid-1980s box-office slump. The film focuses on the group of young, ambitious animators and filmmakers, such as Tim Burton and ""Toy Story"" director John Lasseter, who struggled against outside competition and old-guard studio executives within the company to reclaim Disney's legacy as a producer of world-class animated entertainment.",71.0,RottenTomatoes
Porn Star: The Legend of Ron Jeremy,2001,"Filmmaker Scott J. Gill interviews friends, family and colleagues to chronicle the adult-film actor's life and career.",69.0,RottenTomatoes
Cinema Verite,2011,"In the 1970s Bill Loud (Tim Robbins) and his wife, Pat (Diane Lane), allow cameras to film their personal lives for the PBS series ""An American Family.""",61.0,RottenTomatoes
The Rugrats Movie,1998,"This animated comedy finds Tommy Pickles (E.G. Daily) trying to return his baby brother to the hospital after being warned by his mean-spirited friend, Angelica (Cheryl Chase), that once his new sibling is born his parents won't care about him. But, soon after they embark on the mission, Tommy and his friends lose their way in the woods and get into trouble with a pack of wild monkeys who have escaped from the circus. The kids begin to think that maybe things weren't so bad at home after all.",59.0,RottenTomatoes
I'm Still Here,2010,Director Casey Affleck follows Joaquin Phoenix as he carries out a plan to retire from acting and concentrate on a new career as a hip-hop musician.,53.0,RottenTomatoes
Bamboozled,2000,"A blistering satire of network television's pitfalls and prejudices, a humorous look at how race, ratings and the pursuit of power lead to a television writer's stunning rise and tragic downfall. Pierre Delacroix, a young, Harvard-educated man, who is the sole person of color, writing for an upstart network with floundering ratings. Despite several attempts, Delacroix has yet to see any of his concepts go into production.",52.0,RottenTomatoes
No Strings Attached,2011,"Lifelong friends Emma (Natalie Portman) and Adam (Ashton Kutcher) take their relationship to the next level by having sex. Afraid of ruining their friendship, the new lovers make a pact to keep things purely physical, with no fighting, no jealousy and no expectations. Emma and Adam pledge to do whatever they want, wherever they want, as long as they do not fall in love. The question then becomes: Who will fall first?",49.0,RottenTomatoes
Phil Spector,2013,"Lawyer Linda Kenney Baden (Helen Mirren) defends music producer Phil Spector (Al Pacino), on trial for the murder of actress Lana Clarkson.",50.0,RottenTomatoes
I Am,2010,"Filmmaker Tom Shadyac interviews philosophers, scientists and others to find out ways -- individually and communally -- that people can improve the way they live.",36.0,RottenTomatoes
The Real Cancun,2003,"The annual debauchery of college students during spring break is examined in this documentary, which focuses on 16 young Americans as they travel to Cancun, Mexico, where they indulge in voluminous consumption of sex and booze. Over the course of 11 days, the students -- including such archetypes as a ladies' man, a party girl and a virgin -- are followed by cameras as they drink profusely and attempt to hook up with as many members of the opposite sex as circumstances allow.",34.0,RottenTomatoes
15 Minutes,2001,"At the center of ""15 Minutes"" is a New York City double murder that must be solved. But the fast-paced story isn't so much about figuring out the truth of the murder, as following who controls that truth. This is the thriller as seen through an eye-popping new lens -- that of the media's hunt for shocking imagery, no matter the cost. In ""15 Minutes,"" as the cops chase the murderers, the media chases the cops, and the whole thing fuels an escalating firestorm.",32.0,RottenTomatoes
Man of the Year,2006,"Tom Dobbs (Robin Williams), the satirical host of a political talk show, decides to shake things up by running for president after making comments that he would be a better president than the leader who currently occupies the White House. His fans begin a grassroots campaign that catapults him into the Oval Office, but soon after moving in it is revealed a computer glitch mistakenly awarded him the presidency. Tom is left with a tough choice, stay the course or head back behind the microphone.",21.0,RottenTomatoes
Pokémon 3: The Movie,2001,"Young Pokémon trainer Ash Ketchum and his loyal friends journey to the beautiful mountain town of Greenfield, where they will encounter the Unown, the most mysterious of all Pokémon, in Kids' WB! Presents ""Pokémon 3: The Movie."" The third big-screen installment in the infinitely popular Pokémon mythology is really two stories in one. The feature-length adventure, ""Spell of the Unown,"" is accompanied by a bonus 22-minute short, ""Pikachu and Pichu,"" starring the much-loved Pikachu.",21.0,RottenTomatoes
The Honeymooners,2005,"Ralph Kramden (Cedric the Entertainer) drives a bus in New York City but dreams of something more. Unfortunately, none of Ralph's business ideas -- which often incorporate his best friend, Ed (Mike Epps) -- have panned out. Knowing their husbands will never get them out of the city, Ralph's wife, Alice (Gabrielle Union), and Ed's wife, Trixie (Regina Hall), pool their savings to purchase a house in the suburbs. But once the men find out about the secret stash, they might just blow it all.",13.0,RottenTomatoes
From Justin to Kelly,2003,"In this musical, college student Justin (Justin Guarini) arrives in Fort Lauderdale, Fla., for spring break with his friends Brandon (Greg Siff) and Eddie (Brian Dietzen), and quickly crosses paths with waitress Kelly (Kelly Clarkson). Although Justin falls for Kelly almost instantly, Kelly's jealous friend, Alexa (Katherine Bailess), tries her best to keep the two apart. With the help of several song-and-dance numbers, however, Justin and Kelly eventually connect and make sweet music together.",10.0,RottenTomatoes
The Treasure of the Sierra Madre,1948,"In this classic adventure film, two rough-and-tumble wanderers, Dobbs (Humphrey Bogart) and Curtin (Tim Holt), meet up with a veteran prospector, Howard (Walter Huston), in Mexico and head into the Sierra Madre mountains to find gold. Although they discover treasure, they also find plenty of trouble, not only from ruthless bandits lurking in the dangerous Mexican wilderness but from their own insecurities and greed, which threaten to bring conflict at any moment.",100.0,RottenTomatoes
High Noon,1952,"Former marshal Will Kane (Gary Cooper) is preparing to leave the small town of Hadleyville, New Mexico, with his new bride, Amy (Grace Kelly), when he learns that local criminal Frank Miller has been set free and is coming to seek revenge on the marshal who turned him in. When he starts recruiting deputies to fight Miller, Kane is discouraged to find that the people of Hadleyville turn cowardly when the time comes for a showdown, and he must face Miller and his cronies alone.",97.0,RottenTomatoes
"The Good, the Bad and the Ugly",1967,"In the Southwest during the Civil War, a mysterious stranger, Joe (Clint Eastwood), and a Mexican outlaw, Tuco (Eli Wallach), form an uneasy partnership -- Joe turns in the bandit for the reward money, then rescues him just as he is being hanged. When Joe's shot at the noose goes awry during one escapade, a furious Tuco tries to have him murdered. The men re-team abruptly, however, to beat out a sadistic criminal and the Union army and find $20,000 that a soldier has buried in the desert.",97.0,RottenTomatoes
Stagecoach,1939,"John Ford's landmark Western revolves around an assorted group of colorful passengers aboard the Overland stagecoach bound for Lordsburg, New Mexico, in the 1880s. An alcoholic philosophizer (Thomas Mitchell), a lady of ill repute (Claire Trevor) and a timid liquor salesman (Donald Meek) are among the motley crew of travelers who must contend with an escaped outlaw, the Ringo Kid (John Wayne), and the ever-present threat of an Apache attack as they make their way across the Wild West.",100.0,RottenTomatoes
Rio Bravo,1959,"When gunslinger Joe Burdette (Claude Akins) kills a man in a saloon, Sheriff John T. Chance (John Wayne) arrests him with the aid of the town drunk, Dude (Dean Martin). Before long, Burdette's brother, Nathan (John Russell), comes around, indicating that he's prepared to bust his brother out of jail if necessary. Chance decides to make a stand until reinforcements arrive, enlisting Dude, an old cripple named Stumpy (Walter Brennan) and baby-faced cowboy Colorado Ryan (Ricky Nelson) to help.",100.0,RottenTomatoes
Unforgiven,1992,"When prostitute Delilah Fitzgerald (Anna Thomson) is disfigured by a pair of cowboys in Big Whiskey, Wyoming, her fellow brothel workers post a reward for their murder, much to the displeasure of sheriff Little Bill Daggett (Gene Hackman), who doesn't allow vigilantism in his town. Two groups of gunfighters, one led by aging former bandit William Munny (Clint Eastwood), the other by the florid English Bob (Richard Harris), come to collect the reward, clashing with each other and the sheriff.",96.0,RottenTomatoes
True Grit,2010,"After an outlaw named Tom Chaney (Josh Brolin) murders her father, feisty 14-year-old farm girl Mattie Ross (Hailee Steinfeld) hires Rooster Cogburn (Jeff Bridges), a boozy, trigger-happy lawman, to help her find Chaney and avenge her father. The bickering duo are not alone in their quest, for a Texas Ranger named LaBoeuf (Matt Damon) is also tracking Chaney for reasons of his own. Together the unlikely trio ventures into hostile territory to dispense some Old West justice.",95.0,RottenTomatoes
A Fistful of Dollars,1964,"The Man With No Name (Clint Eastwood) enters the Mexican village of San Miguel in the midst of a power struggle among the three Rojo brothers (Antonio Prieto, Benny Reeves, Sieghardt Rupp) and sheriff John Baxter (Wolfgang Lukschy). When a regiment of Mexican soldiers bearing gold intended to pay for new weapons is waylaid by the Rojo brothers, the stranger inserts himself into the middle of the long-simmering battle, selling false information to both sides for his own benefit.",98.0,RottenTomatoes
The Searchers,1956,"In this revered Western, Ethan Edwards (John Wayne) returns home to Texas after the Civil War. When members of his brother's family are killed or abducted by Comanches, he vows to track down his surviving relatives and bring them home. Eventually, Edwards gets word that his niece Debbie (Natalie Wood) is alive, and, along with her adopted brother, Martin Pawley (Jeffrey Hunter), he embarks on a dangerous mission to find her, journeying deep into Comanche territory.",96.0,RottenTomatoes
Once Upon a Time in the West,1969,"There's a single piece of land around Flagstone with water on it, and rail baron Morton (Gabriele Ferzetti) aims to have it, knowing the new railroad will have to stop there. He sends his henchman Frank (Henry Fonda) to scare the land's owner, McBain (Frank Wolff), but Frank kills him instead and pins it on a known bandit, Cheyenne (Jason Robards). Meanwhile, a mysterious gunslinger with a score to settle (Charles Bronson) and McBain's new wife, Jill (Claudia Cardinale), arrive in town.",95.0,RottenTomatoes
Deadwood: The Movie,2019,Saloon owner Al Swearengen clashes with Sheriff Seth Bullock as the residents of Deadwood celebrate South Dakota's statehood in 1889.,98.0,RottenTomatoes
Giant,1956,"Wealthy Texas rancher Bick Benedict (Rock Hudson) shakes things up at home when he returns from a trip to the East Coast with a love interest, the refined Leslie Lynnton (Elizabeth Taylor). Bick and Leslie get married, but she clashes with his sister, Luz (Mercedes McCambridge), and wins the admiration of the ambitious young Jett Rink (James Dean). Bick and Jett form a tense rivalry that continues to surface as the years pass and fortunes change in this sweeping drama.",93.0,RottenTomatoes
The Man Who Shot Liberty Valance,1962,"Questions arise when Senator Stoddard (James Stewart) attends the funeral of a local man named Tom Doniphon (John Wayne) in a small Western town. Flashing back, we learn Doniphon saved Stoddard, then a lawyer, when he was roughed up by a crew of outlaws terrorizing the town, led by Liberty Valance (Lee Marvin). As the territory's safety hung in the balance, Doniphon and Stoddard, two of the only people standing up to him, proved to be very important, but different, foes to Valance.",94.0,RottenTomatoes
The Ballad of Buster Scruggs,2018,An anthology of six short films that take place in 19th-century post-Civil War era during the settling of the Old West.,89.0,RottenTomatoes
Sweetgrass,2009,"This spare documentary follows a group of shepherds as they guide hundreds of sheep through endless miles of Montana wilderness. Herding the livestock through the Beartooth Mountains, the crew covers stunning landscapes as they brave dangerous weather and the threat of various wild animals, including bears and wolves. As the shepherds make their journey, the film depicts the hardships that they face in their age-old occupation, which seems largely outmoded in 21st-century United States.",97.0,RottenTomatoes
Django Unchained,2012,"Two years before the Civil War, Django (Jamie Foxx), a slave, finds himself accompanying an unorthodox German bounty hunter named Dr. King Schultz (Christoph Waltz) on a mission to capture the vicious Brittle brothers. Their mission successful, Schultz frees Django, and together they hunt the South's most-wanted criminals. Their travels take them to the infamous plantation of shady Calvin Candie (Leonardo DiCaprio), where Django's long-lost wife (Kerry Washington) is still a slave.",87.0,RottenTomatoes
The Wild Bunch,1969,"In this gritty Western classic, aging outlaw Pike Bishop (William Holden) prepares to retire after one final robbery. Joined by his gang, which includes Dutch Engstrom (Ernest Borgnine) and brothers Lyle (Warren Oates) and Tector Gorch (Ben Johnson), Bishop discovers the heist is a setup orchestrated in part by his old partner, Deke Thornton (Robert Ryan). As the remaining gang takes refuge in Mexican territory, Thornton trails them, resulting in fierce gunfights with plenty of casualties.",90.0,RottenTomatoes
Johnny Guitar,1954,"On the outskirts of town, the hard-nosed Vienna (Joan Crawford) owns a saloon frequented by the undesirables of the region, including Dancin' Kid (Scott Brady) and his gang. Another patron of Vienna's establishment is Johnny Guitar (Sterling Hayden), a former gunslinger and her lover. When a heist is pulled in town that results in a man's death, Emma Small (Mercedes McCambridge), Vienna's rival, rallies the townsfolk to take revenge on Vienna's saloon -- even without proof of her wrongdoing.",93.0,RottenTomatoes
3:10 to Yuma,2007,"Outlaw Ben Wade (Russell Crowe) terrorizes 1800s Arizona, especially the Southern Railroad, until he is finally captured. Wade must be brought to trial, so Dan Evans (Christian Bale), the owner of a drought-stricken ranch, volunteers to escort him to the train. Along the trail, a grudging respect forms between the men, but danger looms at every turn, and the criminal's men are in pursuit.",89.0,RottenTomatoes
Lone Star,1996,"In the Texas border town of Frontera, Sheriff Sam Deeds (Chris Cooper) digs up the past when he finds an old skull in the desert. As he traces the murder of Sheriff Charlie Wade (Kris Kristofferson) 40 years earlier, Deeds' investigation points toward his late father, the much-loved Deputy Buddy Deeds. Ignoring warnings not to delve any deeper, Sam rekindles a romance with his high school sweetheart while bringing up old tensions in the town and exposing secrets long put to rest.",94.0,RottenTomatoes
True Grit,1969,"After hired hand Tom Chaney (Jeff Corey) murders the father of 14-year-old Mattie Ross (Kim Darby), she seeks vengeance and hires U.S. Marshal ""Rooster"" Cogburn (John Wayne), a man of ""true grit,"" to track Chaney into Indian territory. As the two begin their pursuit, a Texas Ranger, La Boeuf (Glen Campbell), joins the manhunt in hopes of capturing Chaney for the murder of a Texas senator and collecting a substantial reward. The three clash on their quest of bringing to justice the same man.",89.0,RottenTomatoes
Butch Cassidy and the Sundance Kid,1969,"The true story of fast-draws and wild rides, battles with posses, train and bank robberies, a torrid love affair and a new lease on outlaw life in far away Bolivia. It is also a character study of a remarkable friendship between Butch - possibly the most likeable outlaw in frontier history - and his closest associate, the fabled, ever-dangerous Sundance Kid.",88.0,RottenTomatoes
Blazing Saddles,1974,"In this satirical take on Westerns, crafty railroad worker Bart (Cleavon Little) becomes the first black sheriff of Rock Ridge, a frontier town about to be destroyed in order to make way for a new railroad. Initially, the people of Rock Ridge harbor a racial bias toward their new leader. However, they warm to him after realizing that Bart and his perpetually drunk gunfighter friend (Gene Wilder) are the only defense against a wave of thugs sent to rid the town of its population.",88.0,RottenTomatoes
The Magnificent Seven,1960,"A Mexican village is at the mercy of Calvera, the leader of a band of outlaws. The townspeople, too afraid to fight for themselves, hire seven American gunslingers to free them from the bandits' raids. The professional gunmen train the villagers to defend themselves, then plan a trap for the evil Calvera.",89.0,RottenTomatoes
Bone Tomahawk,2015,"In the Old West, a sheriff (Kurt Russell), his deputy (Richard Jenkins), a gunslinger (Matthew Fox),and a cowboy (Patrick Wilson) embark on a mission to rescue three people from a savage group of cave dwellers.",91.0,RottenTomatoes
The Outlaw Josey Wales,1976,"Josey Wales (Clint Eastwood) watches helplessly as his wife and child are murdered, by Union men led by Capt. Terrill (Bill McKinney). Seeking revenge, Wales joins the Confederate Army. He refuses to surrender when the war ends, but his fellow soldiers go to hand over their weapons -- and are massacred by Terrill. Wales guns down some of Terrill's men and flees to Texas, where he tries to make a new life for himself, but the bounty on his head endangers him and his new surrogate family.",90.0,RottenTomatoes
City Slickers,1991,"Every year, three friends take a vacation away from their wives. This year, henpecked Phil (Daniel Stern), newly married Ed (Bruno Kirby), and Mitch (Billy Crystal) -- terrified of his midlife crisis -- decide to reignite their masculinity by taking a supervised cattle drive across the Southwest. Under the supervision of gruff cowboy Curly (Jack Palance), the men set out on a journey that turns unexpectedly dangerous. The three men bond along the way to conquering their fear of aging.",90.0,RottenTomatoes
Westworld,1973,"Westworld is a futuristic theme park where paying guests can pretend to be gunslingers in an artificial Wild West populated by androids. After paying a sizable entrance fee, Blane (James Brolin) and Martin (Richard Benjamin) are determined to unwind by hitting the saloons and shooting off their guns. But when the system goes haywire and Blane is killed in a duel with a robotic gunslinger (Yul Brynner), Martin's escapist fantasy suddenly takes on a grim reality.",88.0,RottenTomatoes
McCabe & Mrs. Miller,1971,"Charismatic gambler John McCabe (Warren Beatty) arrives in a mining community and decides to open a brothel. The local residents are impressed by his confident demeanor and fast talk, but crafty prostitute Constance Miller (Julie Christie) sees through McCabe's words and realizes he isn't as sharp as he seems. For a share in his profits, Mrs. Miller agrees to help plan and run McCabe's establishment, but soon a powerful company threatens to destroy what they have built up.",84.0,RottenTomatoes
The Three Burials of Melquiades Estrada,2005,"When brash Texas border officer Mike Norton (Barry Pepper) wrongfully kills and buries the friend and ranch hand of Pete Perkins (Tommy Lee Jones), the latter is reminded of a promise he made to bury his friend, Melquiades Estrada (Julio Cesar Cedillo), in his Mexican home town. He kidnaps Norton and exhumes Estrada's corpse, and the odd caravan sets out on horseback for Mexico. As Estrada's body begins to rot, Norton begins to unravel, but Perkins remains determined to honor his vow.",85.0,RottenTomatoes
Meek's Cutoff,2010,"During the 1840s, six settlers and their guide are caught in a dangerous situation: They are lost, food and water are running out, and the surrounding desert threatens to claim them all. Meanwhile, their guide, Stephen Meek (Bruce Greenwood), refuses to acknowledge that they may be several weeks off-course. When a Native American (Rod Rondeaux) is captured, Emily Tetherow (Michelle Williams), one of the settlers, shields him from Meek's wrath, and he offers to lead the group to water in return.",86.0,RottenTomatoes
Prospect,2018,A man and his teenage daughter encounter nonstop danger while searching for valuable gems on an alien moon.,88.0,RottenTomatoes
The Proposition,2005,"In 1880s Australia, a lawman (Ray Winstone) offers renegade Charlie Burns (Guy Pearce) a difficult choice. In order to save his younger brother from the gallows, Charlie must hunt down and kill his older brother (Danny Huston), who is wanted for rape and murder. Venturing into one of the Outback's most inhospitable regions, Charlie faces a terrible moral dilemma that can end only in violence.",85.0,RottenTomatoes
Dances With Wolves,1990,"A Civil War soldier develops a relationship with a band of Lakota Indians. Attracted by the simplicity of their lifestyle, he chooses to leave his former life behind to be with them. Having observed him, they give the name Dances With Wolves. Soon he is a welcomed member of the tribe and falls in love with a white woman who has been raised in the tribe. Tragedy results when Union soldiers arrive with designs on the land.",83.0,RottenTomatoes
Near Dark,1987,"Cowboy Caleb Colton (Adrian Pasdar) meets gorgeous Mae (Jenny Wright) at a bar, and the two have an immediate attraction. But when Mae turns out to be a vampire and bites Caleb on the neck, their relationship gets complicated. Wracked with a craving for human blood, Caleb is forced to leave his family and ride with Mae and her gang of vampires, including the evil Severen. Along the way Caleb must decide between his new love of Mae and the love of his family.",82.0,RottenTomatoes
The Hateful Eight,2015,"While racing toward the town of Red Rock in post-Civil War Wyoming, bounty hunter John ""The Hangman"" Ruth (Kurt Russell) and his fugitive prisoner (Jennifer Jason Leigh) encounter another bounty hunter (Samuel L. Jackson) and a man who claims to be a sheriff. Hoping to find shelter from a blizzard, the group travels to a stagecoach stopover located on a mountain pass. Greeted there by four strangers, the eight travelers soon learn that they may not make it to their destination after all.",74.0,RottenTomatoes
The Homesman,2014,A frontier farm woman (Hilary Swank) saves the life of a claim-jumper (Tommy Lee Jones) and persuades him to help her escort three insane women to a safe haven in Iowa.,80.0,RottenTomatoes
Open Range,2003,"Boss Spearman (Robert Duvall) and his cowhands Charley (Kevin Costner) and Mose (Abraham Benrubi) are driving cattle across a large expanse of country. When Mose ventures into a sparse village to buy a few necessities, he is met with violent hostility from Denton Baxter (Michael Gambon), an affluent landowner, and his right-hand man, Poole (James Russo). When Mose doesn't come back, Boss and Charley realize he's in trouble, so they plot to get him back and get revenge on those who captured him.",79.0,RottenTomatoes
Shanghai Noon,2000,"Bumbling Chon Wang (Jackie Chan) works as an Imperial guard in the Forbidden City of China. When Princess Pei Pei (Lucy Liu) is taken hostage, Wang pursues her captors to the wild frontier land of Nevada, where he meets good-natured thief and occasional cowboy Roy O'Bannon (Owen Wilson). Using O'Bannon's love of money, Wang convinces him to help recover the princess, and together the two form a curious partnership -- the likes of which the West has never seen.",79.0,RottenTomatoes
"The Good, the Bad, the Weird",2008,"In 1930s Manchuria, an encounter on a train triggers an epic crusade for a treasure map, prompting a marathon chase in hot pursuit of the loot. Do-won, ""The Good"", is a bounty hunter, out to track down Chang-yee, ""The Bad"", a charismatic hit man attempting to steal the map from a military official. However, the ruthless Tae-goo puts a hitch in both their plans when he secures the map for himself.",82.0,RottenTomatoes
Appaloosa,2008,"Virgil Cole (Ed Harris) and his longtime friend and partner Everett Hitch (Viggo Mortensen) travel the 1880s Southwest, bringing justice to lawless towns desperate enough to hire them. In the mining town of Appaloosa, malevolent rancher Randall Bragg and his cronies ride roughshod over the frightened citizens. As Cole and Hitch work to end Bragg's reign of terror, an unconventional widow (Renee Zellweger) arrives, complicating the job and threatening their bond.",76.0,RottenTomatoes
The Assassination of Jesse James by the Coward Robert Ford,2007,"Infamous and unpredictable, Jesse James (Brad Pitt), nicknamed the fastest gun in the west, plans his next big heist while he launches pre-emptive strikes against those looking to collect the reward the law has placed on his head. Jesse's newest recruits, Robert (Casey Affleck) and Charley Ford (Sam Rockwell), grow increasingly jealous of the outlaw. When they sense an opportunity to kill Jesse, they gun him down, but their actions backfire when Jesse's fame is elevated to near mythical status.",76.0,RottenTomatoes
Red Hill,2010,A rookie cop (Ryan Kwanten) must contend with an escaped murderer (Tom E. Lewis) who has come to town seeking revenge.,79.0,RottenTomatoes
The Ballad of Little Jo,1993,"After becoming pregnant outside marriage, Josephine (Suzy Amis) is thrown out by her embarrassed upper-class family. With no money, she gives up the baby and travels west, where she constantly fears for her safety against predatory men. Josephine begins to masquerade as a man named Jo, and eventually settles down in a small town where she is employed as a sheepherder for Frank Badger (Bo Hopkins). Jo hides the truth until worker Tinman Wong (David Chung) is forced to move in with her.",76.0,RottenTomatoes
Hostiles,2017,"In 1892, legendary Army Capt. Joseph Blocker reluctantly agrees to escort a dying Cheyenne war chief and his family back to their tribal land. Embarking on a harrowing and perilous journey from Fort Berringer, N.M., to the grasslands of Montana, they soon encounter a young widow whose family was killed on the plains. The travelers must now band together to survive a punishing landscape that's crawling with hostile Comanches and vicious outliers.",70.0,RottenTomatoes
In a Valley of Violence,2016,"A mysterious drifter (Ethan Hawke) and his dog journey toward Mexico through the barren desert of the Old West. Hoping to shorten their trip, they cut through a large valley, landing in the forgotten town of Denton -- a place now known as a valley of violence. The once-popular mining town is nearly abandoned and controlled by a group of misfits and nitwits, including the seemingly untouchable Gilly (James Ransone), the troublemaking son of the town's difficult marshal.",77.0,RottenTomatoes
Tombstone,1993,"Wyatt Earp (Kurt Russell) and his brothers, Morgan (Bill Paxton) and Virgil (Sam Elliott), have left their gunslinger ways behind them to settle down and start a business in the town of Tombstone, Ariz. While they aren't looking to find trouble, trouble soon finds them when they become targets of the ruthless Cowboy gang. Now, together with Wyatt's best friend, Doc Holliday (Val Kilmer), the brothers pick up their guns once more to restore order to a lawless land.",74.0,RottenTomatoes
Blackthorn,2011,"Leaving Bolivia and heading back to the U.S., the outlaw formerly known as Butch Cassidy (Sam Shepard) has a final adventure.",75.0,RottenTomatoes
The Horse Whisperer,1998,"When teenage Grace (Scarlett Johansson) is traumatized by a riding accident that badly injures her horse, her mother Annie (Kristin Scott Thomas), a high-powered New York magazine editor, realizes Grace will only recover once the horse is healed. She takes them both to a secluded Montana ranch, where legendary ""horse whisperer"" Tom Booker (Robert Redford) begins to heal the horse, and also stirs long-dormant feelings in Annie that lead her to question her marriage and choice of career.",74.0,RottenTomatoes
The Keeping Room,2014,"During the waning days of the Civil War, two Southern sisters (Brit Marling, Hailee Steinfeld) and a slave (Muna Otaru) must defend themselves against two Union Army soldiers.",74.0,RottenTomatoes
Tears of the Black Tiger,2000,A handsome bandit (Chartchai Ngamsan) falls in love with a wealthy woman (Stella Malucchi) while a policeman pursues the man's gang.,75.0,RottenTomatoes
The Magnificent Seven,2016,"Looking to mine for gold, greedy industrialist Bartholomew Bogue seizes control of the Old West town of Rose Creek. With their lives in jeopardy, Emma Cullen and other desperate residents turn to bounty hunter Sam Chisolm (Denzel Washington) for help. Chisolm recruits an eclectic group of gunslingers to take on Bogue and his ruthless henchmen. With a deadly showdown on the horizon, the seven mercenaries soon find themselves fighting for more than just money once the bullets start to fly.",64.0,RottenTomatoes
The Salvation,2014,"After shooting the man who murdered his wife, a Danish settler (Mads Mikkelsen) incurs the wrath of the man's brother (Jeffrey Dean Morgan), a ruthless land baron who rules their frontier town.",73.0,RottenTomatoes
Dead Man,1995,Circumstances transform a mild-mannered accountant (Johnny Depp) into a notorious Old West gunslinger.,71.0,RottenTomatoes
The Rover,2014,"In the near future, mankind's greed and excesses have pushed civilization to the breaking point. Society is in decline, and the rule of law has disintegrated. Hardened drifter Eric (Guy Pearce) wanders across this dangerous and desolate landscape. When thieves steal Eric's car -- and only remaining possession -- they leave behind Rey (Robert Pattinson), a wounded comrade. Eric forces Rey to help him hunt down the gang in an unrelenting quest to take back the one thing that matters to him.",66.0,RottenTomatoes
Maverick,1994,"This film update of the ""Maverick"" TV series finds the title cardsharp (Mel Gibson) hoping to join a poker contest with an impressive payoff. In order to enter, Maverick must first put up a large cash sum. He scams hopeful contestants Annabelle (Jodie Foster) and Angel (Alfred Molina) in a preliminary card game to win the money he needs, making enemies of both players. While trying to evade Annabelle and Angel, the crafty Maverick realizes a cunning marshal (James Garner) is also on his tail.",66.0,RottenTomatoes
The Claim,2000,"Dillon (Peter Mullan) is a pioneer who defied the harsh winter in search of rumored gold. Having amassed unimaginable riches, he runs a thriving mining town called Kingdom Come. But the blind ambition and greed that drove him to succeed finally catch up to him with the arrival of 3 strangers. Dalglish (Wes Bentley) a surveyor looking to expand the railroad threatens the future of the town -- and 2 women from Dillon's past hold a secret that could be his undoing.",62.0,RottenTomatoes
The Missing,2003,"When rancher and single mother of two Maggie Gilkeson (Cate Blanchett) sees her teenage daughter, Lily (Evan Rachel Wood), kidnapped by Apache rebels, she reluctantly accepts the help of her estranged father, Samuel (Tommy Lee Jones), in tracking down the kidnappers. Along the way, the two must learn to reconcile the past and work together if they are going to have any hope of getting Lily back before she is taken over the border and forced to become a prostitute.",58.0,RottenTomatoes
Heaven's Gate,1980,"Harvard graduate James Averill (Kris Kristofferson) is the sheriff of prosperous Jackson County, Wyo., when a battle erupts between the area's poverty-stricken immigrants and its wealthy cattle farmers. The politically connected ranch owners fight the immigrants with the help of Nathan Champion (Christopher Walken), a mercenary competing with Averill for the love of local madam Ella Watson (Isabelle Huppert). As the struggle escalates, Averill and Champion begin to question their decisions.",59.0,RottenTomatoes
Legends of the Fall,1994,"In early 20th-century Montana, Col. William Ludlow (Anthony Hopkins) lives in the wilderness with his sons, Tristan (Brad Pitt), Alfred (Aidan Quinn) and Samuel (Henry Thomas). Eventually, the unconventional but close-knit family encounters tragedy when Samuel is killed in World War I. Tristan and Alfred survive their tours of duty, but, soon after they return home, both men fall for Samuel's gorgeous fiancée, Susannah (Julia Ormond), and their intense rivalry begins to destroy the family.",58.0,RottenTomatoes
The Quick and the Dead,1995,"A mysterious woman gunslinger, Ellen (Sharon Stone), saunters into the town of Redemption looking for revenge. Her father was killed by the town's sadistic mayor, Herod (Gene Hackman), who is in the midst of organizing a quick-draw tournament. The lady enters, joining a cast of miscreants and outlaws for a brutal competition in which the loser dies. Among the competitors is ""The Kid"" (Leonardo DiCaprio), an upstart who has his own score to settle with Herod.",59.0,RottenTomatoes
The Killer Inside Me,2010,An encounter with an aggressive prostitute (Jessica Alba) brings a Texas lawman's (Casey Affleck) homicidal tendencies screaming to the surface.,55.0,RottenTomatoes
Sukiyaki Western Django,2007,"Ever since the Genpei War a few centuries before, two clans have been fighting over a hidden treasure. The white-clothed Genji, led by Yoshitsune (Yusuke Iseya), refuse to allow the opposing clan, the Kiyomori warriors -- who wear red and are led by Kiyomori (Koichi Sato) -- to keep all the wealth for themselves. When a stranger comes to town, he says he'll join whichever clan offers him more money. But the stranger has a hidden agenda: He is out to seek revenge on behalf of a prostitute.",56.0,RottenTomatoes
Seraphim Falls,2006,"Gideon (Pierce Brosnan), a former Union officer, finds himself the prey of a manhunt led by Carver (Liam Neeson), Gideon's Civil-War nemesis. Carver blames Gideon for a horrible war crime and refuses to give up the chase until his vengeance is complete. Gideon, though wounded, manages to stay one step ahead of his pursuers, until he and his mortal enemy meet in a final inevitable showdown.",55.0,RottenTomatoes
Ned Kelly,2003,"In the face of various underhanded maneuvers by local authorities, 19th century Australian bush ranger Ned Kelly (Heath Ledger) flees to the outback with his brother, Dan (Laurence Kinlan), and two other cohorts (Orlando Bloom, Philip Barantini). As the gang's reputation grows, they take on Superintendent Francis Hare (Geoffrey Rush), while Kelly encounters a little romance in the form of Julia Cook (Naomi Watts). It all comes to a violent head in the town of Glenrowan.",55.0,RottenTomatoes
Down in the Valley,2005,"On a trip to the beach, a teenage girl named Tobe (Evan Rachel Wood) meets a charismatic stranger named Harlan (Edward Norton), who dresses like a cowboy and claims to be a former ranch hand. The pair feel an instant attraction and begin a relationship, but her father (David Morse), a lawman, is suspicious of her lover.",52.0,RottenTomatoes
Cowboys & Aliens,2011,"Bearing a mysterious metal shackle on his wrist, an amnesiac gunslinger (Daniel Craig) wanders into a frontier town called Absolution. He quickly finds that strangers are unwelcome, and no one does anything without the approval of tyrannical Col. Dolarhyde (Harrison Ford). But when Absolution faces a threat from beyond Earth, the stranger finds that he is its only hope of salvation. He unites townspeople, outlaws and Apache warriors against the alien forces in an epic battle for survival.",44.0,RottenTomatoes
The Pale Door,2020,"After a botched train robbery, two brothers leading a gang of cowboys must survive the night in a ghost town inhabited by a coven of witches.",50.0,RottenTomatoes
Three Amigos!,1986,"Three cowboy movie stars from the silent era -- Dusty Bottoms (Chevy Chase), Lucky Day (Steve Martin) and Ned Nederlander (Martin Short) -- are fired when one of their movies bombs. In what seems to be a career-saving offer, young Mexican woman Carmen (Patrice Martinez) offers them a high-paying gig in her village. The three jump at the opportunity, expecting to do their typical act, but Carmen believes they are really heroes and asks them to rid her village of bad guy El Guapo (Alfonso Arau).",45.0,RottenTomatoes
Brimstone,2016,A frontier woman turns fugitive when she is wrongly accused of a crime she didn't commit and is hunted by a vengeful preacher.,43.0,RottenTomatoes
Jane Got a Gun,2016,"Panic strikes Jane Hammond (Natalie Portman) when her outlaw husband John returns to their farm with bullet wounds. Expecting the worst, she brings her young daughter to safety and travels to the home of Dan Frost (Joel Edgerton), a boozing ex-lover who may be her only hope. With Dan now on her side, Jane prepares for a showdown with the vengeful John Bishop and his gang of thugs. Looking to settle an old score, Bishop must now contend with the gun-toting Jane and her new partner.",43.0,RottenTomatoes
The Kid,2019,"In 1879 Rio and his teenage sister go on the run across the American Southwest to escape from their violent uncle. Along the way, Rio encounters the infamous outlaw Billy the Kid and the legendary lawman Pat Garrett. He soon finds himself caught in the crossfire as Billy and Garrett square off in a deadly game of cat and mouse.",44.0,RottenTomatoes
Forsaken,2015,"In 1872 Wyoming, a former gunslinger (Kiefer Sutherland) and his estranged father (Donald Sutherland) encounter a ruthless businessman (Brian Cox) and his gang of thugs.",42.0,RottenTomatoes
A Million Ways to Die in the West,2014,"Mild-mannered sheep farmer Albert Stark (Seth MacFarlane) feels certain that the Western frontier is trying to kill him, then he loses his girlfriend, Louise (Amanda Seyfried), to the town's most successful businessman. However, a beautiful, pistol-packing woman named Anna (Charlize Theron) rides into town and helps Albert find his inner courage. Then Stark must put his newfound bravery to the test when Anna's outlaw husband arrives with plans to plant him in an unmarked grave.",33.0,RottenTomatoes
The Lone Ranger,2013,"In 1933 a boy discovers an ancient Native American in a sideshow carnival tent. The Indian is Tonto (Johnny Depp), the old companion of John Reid (Armie Hammer), a lawman more famously known as the Lone Ranger. With this opportunity to set the record straight about his and Reid's adventures, Tonto recalls the day in 1869 when he first encountered the man who would be his trusted friend and tells of their teamwork bringing down Butch Cavendish (William Fichtner) and other Old West outlaws.",30.0,RottenTomatoes
The Alamo,2004,"In 1836 Gen. Sam Houston (Dennis Quaid) organizes a rebel army to liberate Texas from the brutal rule of Mexican dictator General Santa Anna (Emilio Echevarría). Though vastly outnumbered, Gen. Houston's volunteer army includes such folkloric figures as Jim Bowie (Jason Patric) and Davy Crockett (Billy Bob Thornton). As Santa Anna's forces advance on San Antonio, the legendary general and his men prepare for a final heroic standoff at a battle-worn mission called the Alamo.",29.0,RottenTomatoes
The Warrior's Way,2010,"Refusing to kill an infant from an enemy clan, master swordsman Yang (Jang Dong Gun) takes the child and flees to an American frontier town. He puts away his sword for good, vowing to raise the baby in peace. Yang befriends Lynne, a woman who wants revenge against a colonel, the man who murdered her family. When the colonel returns to wreak havoc on the town, Yang draws his sword to protect his new friends, but the sound of fighting draws Yang's murderous clansmen into the fray as well.",31.0,RottenTomatoes
The Dark Tower,2017,"Roland Deschain (Idris Elba), the last Gunslinger, is locked in an eternal battle with Walter O'Dim (Matthew McConaughey), also known as the Man in Black. The Gunslinger must prevent the Man in Black from toppling the Dark Tower, the key that holds the universe together. With the fate of worlds at stake, two men collide in the ultimate battle between good and evil.",16.0,RottenTomatoes
Wild Wild West,1999,"When President Ulysses S. Grant (Kevin Kline) learns that diabolical inventor Dr. Arliss Loveless (Kenneth Branagh) is planning to assassinate him, he orders Civil War hero James West (Will Smith) and U.S. Marshal Artemus Gordon (also Kline) to arrest him. West's trigger-happy personality doesn't always mesh well with that of the thoughtful Gordon, but they manage to work together. And with the help of a mysterious stranger (Salma Hayek), West and Gordon close in on Loveless.",17.0,RottenTomatoes
Priest,2011,"In a society ravaged by centuries of war between humans and vampires, a legendary warrior priest (Paul Bettany), a veteran of the last conflict, lives in an enclosed city ruled by the church. When a murderous pack of vampires kidnaps his niece (Lily Collins), the priest breaks his sacred vows and sets out to rescue her before the bloodsuckers put the bite on her. Joining him on his quest are his niece's boyfriend (Cam Gigandet) and a former priestess (Maggie Q) with supernatural fighting skills.",15.0,RottenTomatoes
September Dawn,2006,"In 1857 Capt. Alexander Fancher leads a wagon train of settlers across Utah to California. The Mormons eye the pioneers with suspicion when they stop in Mountain Meadows and demand that Fancher and his followers leave. Bishop Jacob Samuelson (Jon Voight) allows the travelers to stay for two weeks, and sends his son Jonathan (Trent Ford) to spy on them. What Jonathan does not know is that his father has dire plans for the innocent travelers, including the woman (Tamara Hope) Jonathan loves.",16.0,RottenTomatoes
American Outlaws,2001,"After the Civil War ends, Confederate soldiers Frank (Gabriel Macht) and Jesse James (Colin Farrell) return home with the three Younger brothers to learn that railroad baron Thaddeus Rains (Harris Yulin) is trying to drive Missouri citizens out of their homes. When both families resist, the James boys' mother (Kathy Bates) is murdered. Furious, the two groups of brothers team up for a series of robberies designed to hurt the railroad. Detective Allan Pinkerton (Timothy Dalton) pursues them.",14.0,RottenTomatoes
Jonah Hex,2010,"Having cheated death, gunslinger and bounty hunter Jonah Hex (Josh Brolin) has one foot in the natural world and one in the supernatural. His unusual nature gives him the ability to track down anyone or anything, so the Army makes him an irresistible offer: It will erase the warrants on his head if he will find Quentin Turnbull (John Malkovich). Turnbull, his oldest enemy, is preparing to unleash hell on Earth and will stop at nothing to kill him.",12.0,RottenTomatoes
Texas Rangers,2001,"Texas, 1875. In a land without justice, where chaos reigns, one legendary man, Leander McNelly (Dylan McDermott), is chosen to lead a group of unlikely heroes. These young men, out-manned and out-gunned, must battle an army of renegade outlaws led by the ruthless John King Fisher (Alfred Molina). Sworn to protect the innocent and the women they love (Rachael Leigh Cook), (Leonor Varela), the Rangers risk their lives to put the wrong things right in their beloved homeland.",2.0,RottenTomatoes
